{"type":"FeatureCollection","metadata":{"generated":1773922705000,"url":"https://earthquake.usgs.gov/fdsnws/event/1/query?format=geojson&starttime=2025-03-28&endtime=2026-03-19&minlatitude=9.5&maxlatitude=28.5&minlongitude=92.0&maxlongitude=101.5","title":"USGS Earthquakes","status":200,"api":"2.4.0","count":201},"features":[{"type":"Feature","properties":{"mag":4.4,"place":"35 km E of Wāngjing, India","time":1773729531968,"updated":1773732097981,"tz":null,"url":"https://earthquake.usgs.gov/earthquakes/eventpage/us6000sgsp","detail":"https://earthquake.usgs.gov/fdsnws/event/1/query?eventid=us6000sgsp&format=geojson","felt":3,"cdi":2,"mmi":null,"alert":null,"status":"reviewed","tsunami":0,"sig":298,"net":"us","code":"6000sgsp","ids":",us6000sgsp,","sources":",us,","types":",dyfi,origin,phase-data,","nst":64,"dmin":3.438,"rms":0.76,"gap":91,"magType":"mb","type":"earthquake","title":"M 4.4 - 35 km E of Wāngjing, India"},"geometry":{"type":"Point","coordinates":[94.4094,24.628,94.115]},"id":"us6000sgsp"},
{"type":"Feature","properties":{"mag":4.6,"place":"81 km SSE of Hakha, Burma (Myanmar)","time":1772718525874,"updated":1772721377040,"tz":null,"url":"https://earthquake.usgs.gov/earthquakes/eventpage/us7000s27v","detail":"https://earthquake.usgs.gov/fdsnws/event/1/query?eventid=us7000s27v&format=geojson","felt":null,"cdi":null,"mmi":null,"alert":null,"status":"reviewed","tsunami":0,"sig":326,"net":"us","code":"7000s27v","ids":",us7000s27v,","sources":",us,","types":",origin,phase-data,","nst":34,"dmin":1.232,"rms":0.87,"gap":96,"magType":"mb","type":"earthquake","title":"M 4.6 - 81 km SSE of Hakha, Burma (Myanmar)"},"geometry":{"type":"Point","coordinates":[93.8543,21.944,54.311]},"id":"us7000s27v"},
{"type":"Feature","properties":{"mag":4.9,"place":"81 km SSE of Mawlaik, Burma (Myanmar)","time":1772038308981,"updated":1773462776764,"tz":null,"url":"https://earthquake.usgs.gov/earthquakes/eventpage/us7000s096","detail":"https://earthquake.usgs.gov/fdsnws/event/1/query?eventid=us7000s096&format=geojson","felt":20,"cdi":3.4,"mmi":null,"alert":null,"status":"reviewed","tsunami":0,"sig":376,"net":"us","code":"7000s096","ids":",us7000s096,usauto7000s096,","sources":",us,usauto,","types":",dyfi,internal-moment-tensor,moment-tensor,origin,phase-data,","nst":114,"dmin":1.781,"rms":0.8,"gap":51,"magType":"mww","type":"earthquake","title":"M 4.9 - 81 km SSE of Mawlaik, Burma (Myanmar)"},"geometry":{"type":"Point","coordinates":[94.7613,22.9893,125.346]},"id":"us7000s096"},
{"type":"Feature","properties":{"mag":4.8,"place":"41 km W of Taiping, China","time":1771989354257,"updated":1773461537040,"tz":null,"url":"https://earthquake.usgs.gov/earthquakes/eventpage/us7000s053","detail":"https://earthquake.usgs.gov/fdsnws/event/1/query?eventid=us7000s053&format=geojson","felt":null,"cdi":null,"mmi":null,"alert":null,"status":"reviewed","tsunami":0,"sig":354,"net":"us","code":"7000s053","ids":",us7000s053,","sources":",us,","types":",origin,phase-data,","nst":64,"dmin":4.138,"rms":0.93,"gap":86,"magType":"mb","type":"earthquake","title":"M 4.8 - 41 km W of Taiping, China"},"geometry":{"type":"Point","coordinates":[97.4409,24.6435,10]},"id":"us7000s053"},
{"type":"Feature","properties":{"mag":4.3,"place":"177 km SE of Port Blair, India","time":1771841511800,"updated":1773835694040,"tz":null,"url":"https://earthquake.usgs.gov/earthquakes/eventpage/us7000s2lm","detail":"https://earthquake.usgs.gov/fdsnws/event/1/query?eventid=us7000s2lm&format=geojson","felt":null,"cdi":null,"mmi":null,"alert":null,"status":"reviewed","tsunami":0,"sig":284,"net":"us","code":"7000s2lm","ids":",us7000s2lm,","sources":",us,","types":",origin,phase-data,","nst":33,"dmin":5.891,"rms":0.57,"gap":84,"magType":"mb","type":"earthquake","title":"M 4.3 - 177 km SE of Port Blair, India"},"geometry":{"type":"Point","coordinates":[93.9934,10.6391,130.964]},"id":"us7000s2lm"},
{"type":"Feature","properties":{"mag":4.6,"place":"20 km NNE of Jinghong, China","time":1771340715477,"updated":1773350512040,"tz":null,"url":"https://earthquake.usgs.gov/earthquakes/eventpage/us6000s9s9","detail":"https://earthquake.usgs.gov/fdsnws/event/1/query?eventid=us6000s9s9&format=geojson","felt":null,"cdi":null,"mmi":null,"alert":null,"status":"reviewed","tsunami":0,"sig":326,"net":"us","code":"6000s9s9","ids":",us6000s9s9,","sources":",us,","types":",origin,phase-data,","nst":99,"dmin":1.963,"rms":0.5,"gap":47,"magType":"mb","type":"earthquake","title":"M 4.6 - 20 km NNE of Jinghong, China"},"geometry":{"type":"Point","coordinates":[100.824,22.1555,10]},"id":"us6000s9s9"},
{"type":"Feature","properties":{"mag":4.4,"place":"97 km W of Yenangyaung, Burma (Myanmar)","time":1771282247825,"updated":1773266116040,"tz":null,"url":"https://earthquake.usgs.gov/earthquakes/eventpage/us6000s9r0","detail":"https://earthquake.usgs.gov/fdsnws/event/1/query?eventid=us6000s9r0&format=geojson","felt":null,"cdi":null,"mmi":null,"alert":null,"status":"reviewed","tsunami":0,"sig":298,"net":"us","code":"6000s9r0","ids":",us6000s9r0,","sources":",us,","types":",origin,phase-data,","nst":45,"dmin":1.177,"rms":0.39,"gap":63,"magType":"mb","type":"earthquake","title":"M 4.4 - 97 km W of Yenangyaung, Burma (Myanmar)"},"geometry":{"type":"Point","coordinates":[93.9341,20.4657,43.231]},"id":"us6000s9r0"},
{"type":"Feature","properties":{"mag":4.2,"place":"57 km W of Monywa, Burma (Myanmar)","time":1771123640959,"updated":1772329433040,"tz":null,"url":"https://earthquake.usgs.gov/earthquakes/eventpage/us7000s0tm","detail":"https://earthquake.usgs.gov/fdsnws/event/1/query?eventid=us7000s0tm&format=geojson","felt":null,"cdi":null,"mmi":null,"alert":null,"status":"reviewed","tsunami":0,"sig":271,"net":"us","code":"7000s0tm","ids":",us7000s0tm,","sources":",us,","types":",origin,phase-data,","nst":21,"dmin":0.95,"rms":0.7,"gap":141,"magType":"mb","type":"earthquake","title":"M 4.2 - 57 km W of Monywa, Burma (Myanmar)"},"geometry":{"type":"Point","coordinates":[94.5751,22.1059,114.974]},"id":"us7000s0tm"},
{"type":"Feature","properties":{"mag":5.2,"place":"57 km ESE of Mawlaik, Burma (Myanmar)","time":1770337986470,"updated":1772343019040,"tz":null,"url":"https://earthquake.usgs.gov/earthquakes/eventpage/us6000s6ug","detail":"https://earthquake.usgs.gov/fdsnws/event/1/query?eventid=us6000s6ug&format=geojson","felt":null,"cdi":null,"mmi":null,"alert":null,"status":"reviewed","tsunami":0,"sig":416,"net":"us","code":"6000s6ug","ids":",us6000s6ug,","sources":",us,","types":",origin,phase-data,","nst":67,"dmin":2.27,"rms":1.02,"gap":44,"magType":"mb","type":"earthquake","title":"M 5.2 - 57 km ESE of Mawlaik, Burma (Myanmar)"},"geometry":{"type":"Point","coordinates":[94.9447,23.4869,10]},"id":"us6000s6ug"},
{"type":"Feature","properties":{"mag":4.5,"place":"119 km E of Wāngjing, India","time":1770230384492,"updated":1771534239040,"tz":null,"url":"https://earthquake.usgs.gov/earthquakes/eventpage/us6000s6h9","detail":"https://earthquake.usgs.gov/fdsnws/event/1/query?eventid=us6000s6h9&format=geojson","felt":null,"cdi":null,"mmi":null,"alert":null,"status":"reviewed","tsunami":0,"sig":312,"net":"us","code":"6000s6h9","ids":",us6000s6h9,","sources":",us,","types":",origin,phase-data,","nst":66,"dmin":3.551,"rms":0.78,"gap":70,"magType":"mb","type":"earthquake","title":"M 4.5 - 119 km E of Wāngjing, India"},"geometry":{"type":"Point","coordinates":[95.2248,24.7625,132.44]},"id":"us6000s6h9"},
{"type":"Feature","properties":{"mag":4.2,"place":"12 km SE of Udalguri, India","time":1770175653826,"updated":1773787556040,"tz":null,"url":"https://earthquake.usgs.gov/earthquakes/eventpage/us6000sa88","detail":"https://earthquake.usgs.gov/fdsnws/event/1/query?eventid=us6000sa88&format=geojson","felt":1,"cdi":2,"mmi":null,"alert":null,"status":"reviewed","tsunami":0,"sig":272,"net":"us","code":"6000sa88","ids":",us6000sa88,","sources":",us,","types":",dyfi,origin,phase-data,","nst":30,"dmin":3.155,"rms":0.72,"gap":142,"magType":"mb","type":"earthquake","title":"M 4.2 - 12 km SE of Udalguri, India"},"geometry":{"type":"Point","coordinates":[92.1913,26.6797,41.32]},"id":"us6000sa88"},
{"type":"Feature","properties":{"mag":5.1,"place":"86 km W of Yenangyaung, Burma (Myanmar)","time":1770133891064,"updated":1772045566108,"tz":null,"url":"https://earthquake.usgs.gov/earthquakes/eventpage/us6000s65j","detail":"https://earthquake.usgs.gov/fdsnws/event/1/query?eventid=us6000s65j&format=geojson","felt":4,"cdi":2,"mmi":null,"alert":null,"status":"reviewed","tsunami":0,"sig":401,"net":"us","code":"6000s65j","ids":",us6000s65j,","sources":",us,","types":",dyfi,origin,phase-data,","nst":176,"dmin":1.052,"rms":0.46,"gap":18,"magType":"mb","type":"earthquake","title":"M 5.1 - 86 km W of Yenangyaung, Burma (Myanmar)"},"geometry":{"type":"Point","coordinates":[94.0461,20.5355,71.545]},"id":"us6000s65j"},
{"type":"Feature","properties":{"mag":5.8,"place":"96 km W of Yenangyaung, Burma (Myanmar)","time":1770132841535,"updated":1772625710040,"tz":null,"url":"https://earthquake.usgs.gov/earthquakes/eventpage/us6000s65b","detail":"https://earthquake.usgs.gov/fdsnws/event/1/query?eventid=us6000s65b&format=geojson","felt":26,"cdi":4.1,"mmi":4.721,"alert":"green","status":"reviewed","tsunami":0,"sig":528,"net":"us","code":"6000s65b","ids":",us6000s65b,usauto6000s65b,","sources":",us,usauto,","types":",dyfi,ground-failure,internal-moment-tensor,losspager,moment-tensor,origin,phase-data,shakemap,","nst":295,"dmin":1.187,"rms":0.54,"gap":21,"magType":"mww","type":"earthquake","title":"M 5.8 - 96 km W of Yenangyaung, Burma (Myanmar)"},"geometry":{"type":"Point","coordinates":[93.9466,20.4368,58.953]},"id":"us6000s65b"},
{"type":"Feature","properties":{"mag":4.4,"place":"86 km NW of Monywa, Burma (Myanmar)","time":1769990644726,"updated":1772075853040,"tz":null,"url":"https://earthquake.usgs.gov/earthquakes/eventpage/us6000s9z9","detail":"https://earthquake.usgs.gov/fdsnws/event/1/query?eventid=us6000s9z9&format=geojson","felt":null,"cdi":null,"mmi":null,"alert":null,"status":"reviewed","tsunami":0,"sig":298,"net":"us","code":"6000s9z9","ids":",us6000s9z9,","sources":",us,","types":",origin,phase-data,","nst":27,"dmin":1.557,"rms":0.5,"gap":93,"magType":"mb","type":"earthquake","title":"M 4.4 - 86 km NW of Monywa, Burma (Myanmar)"},"geometry":{"type":"Point","coordinates":[94.6661,22.7525,99.044]},"id":"us6000s9z9"},
{"type":"Feature","properties":{"mag":4.3,"place":"40 km ESE of Falam, Burma (Myanmar)","time":1769337820449,"updated":1771915671040,"tz":null,"url":"https://earthquake.usgs.gov/earthquakes/eventpage/us6000s7vw","detail":"https://earthquake.usgs.gov/fdsnws/event/1/query?eventid=us6000s7vw&format=geojson","felt":null,"cdi":null,"mmi":null,"alert":null,"status":"reviewed","tsunami":0,"sig":284,"net":"us","code":"6000s7vw","ids":",us6000s7vw,","sources":",us,","types":",origin,phase-data,","nst":39,"dmin":1.75,"rms":0.61,"gap":163,"magType":"mb","type":"earthquake","title":"M 4.3 - 40 km ESE of Falam, Burma (Myanmar)"},"geometry":{"type":"Point","coordinates":[94.0306,22.7579,59.498]},"id":"us6000s7vw"},
{"type":"Feature","properties":{"mag":5.2,"place":"92 km SSE of Hayuliang, India","time":1769031785761,"updated":1770864286040,"tz":null,"url":"https://earthquake.usgs.gov/earthquakes/eventpage/us7000rr7m","detail":"https://earthquake.usgs.gov/fdsnws/event/1/query?eventid=us7000rr7m&format=geojson","felt":null,"cdi":null,"mmi":null,"alert":null,"status":"reviewed","tsunami":0,"sig":416,"net":"us","code":"7000rr7m","ids":",us7000rr7m,","sources":",us,","types":",origin,phase-data,","nst":187,"dmin":5.629,"rms":0.61,"gap":29,"magType":"mb","type":"earthquake","title":"M 5.2 - 92 km SSE of Hayuliang, India"},"geometry":{"type":"Point","coordinates":[96.9254,27.3134,29.916]},"id":"us7000rr7m"},
{"type":"Feature","properties":{"mag":4.4,"place":"32 km S of Tharyarwady, Burma (Myanmar)","time":1768837437332,"updated":1770314194395,"tz":null,"url":"https://earthquake.usgs.gov/earthquakes/eventpage/us7000rql1","detail":"https://earthquake.usgs.gov/fdsnws/event/1/query?eventid=us7000rql1&format=geojson","felt":5,"cdi":3.6,"mmi":null,"alert":null,"status":"reviewed","tsunami":0,"sig":300,"net":"us","code":"7000rql1","ids":",us7000rql1,","sources":",us,","types":",dyfi,origin,phase-data,","nst":30,"dmin":2.827,"rms":0.46,"gap":173,"magType":"mb","type":"earthquake","title":"M 4.4 - 32 km S of Tharyarwady, Burma (Myanmar)"},"geometry":{"type":"Point","coordinates":[95.7995,17.3629,10]},"id":"us7000rql1"},
{"type":"Feature","properties":{"mag":4.9,"place":"26 km NE of Meiktila, Burma (Myanmar)","time":1768479137496,"updated":1770388708375,"tz":null,"url":"https://earthquake.usgs.gov/earthquakes/eventpage/us7000rpuq","detail":"https://earthquake.usgs.gov/fdsnws/event/1/query?eventid=us7000rpuq&format=geojson","felt":3,"cdi":4.1,"mmi":null,"alert":null,"status":"reviewed","tsunami":0,"sig":371,"net":"us","code":"7000rpuq","ids":",us7000rpuq,","sources":",us,","types":",dyfi,origin,phase-data,","nst":77,"dmin":1.06,"rms":0.75,"gap":54,"magType":"mb","type":"earthquake","title":"M 4.9 - 26 km NE of Meiktila, Burma (Myanmar)"},"geometry":{"type":"Point","coordinates":[96.0397,21.0522,10]},"id":"us7000rpuq"},
{"type":"Feature","properties":{"mag":4.4,"place":"124 km SE of Phek, India","time":1768162540359,"updated":1769888289040,"tz":null,"url":"https://earthquake.usgs.gov/earthquakes/eventpage/us7000rp2s","detail":"https://earthquake.usgs.gov/fdsnws/event/1/query?eventid=us7000rp2s&format=geojson","felt":null,"cdi":null,"mmi":null,"alert":null,"status":"reviewed","tsunami":0,"sig":298,"net":"us","code":"7000rp2s","ids":",us7000rp2s,","sources":",us,","types":",origin,phase-data,","nst":88,"dmin":3.6,"rms":0.56,"gap":55,"magType":"mb","type":"earthquake","title":"M 4.4 - 124 km SE of Phek, India"},"geometry":{"type":"Point","coordinates":[95.2947,24.8059,128.873]},"id":"us7000rp2s"},
{"type":"Feature","properties":{"mag":4.3,"place":"150 km SSW of Port Blair, India","time":1767706204484,"updated":1769704291040,"tz":null,"url":"https://earthquake.usgs.gov/earthquakes/eventpage/us6000s4jg","detail":"https://earthquake.usgs.gov/fdsnws/event/1/query?eventid=us6000s4jg&format=geojson","felt":null,"cdi":null,"mmi":null,"alert":null,"status":"reviewed","tsunami":0,"sig":284,"net":"us","code":"6000s4jg","ids":",us6000s4jg,","sources":",us,","types":",origin,phase-data,","nst":21,"dmin":7.027,"rms":1.04,"gap":179,"magType":"mb","type":"earthquake","title":"M 4.3 - 150 km SSW of Port Blair, India"},"geometry":{"type":"Point","coordinates":[92.1484,10.4383,10]},"id":"us6000s4jg"},
{"type":"Feature","properties":{"mag":4.9,"place":"9 km NNW of Morigaon, India","time":1767566872226,"updated":1769377345040,"tz":null,"url":"https://earthquake.usgs.gov/earthquakes/eventpage/us7000rmhe","detail":"https://earthquake.usgs.gov/fdsnws/event/1/query?eventid=us7000rmhe&format=geojson","felt":16,"cdi":4.8,"mmi":4.469,"alert":"green","status":"reviewed","tsunami":0,"sig":377,"net":"us","code":"7000rmhe","ids":",us7000rmhe,","sources":",us,","types":",dyfi,ground-failure,losspager,origin,phase-data,shakemap,","nst":75,"dmin":3.523,"rms":0.56,"gap":96,"magType":"mww","type":"earthquake","title":"M 4.9 - 9 km NNW of Morigaon, India"},"geometry":{"type":"Point","coordinates":[92.3084,26.326,35]},"id":"us7000rmhe"},
{"type":"Feature","properties":{"mag":5.2,"place":"13 km NNE of Morigaon, India","time":1767566859427,"updated":1771871642040,"tz":null,"url":"https://earthquake.usgs.gov/earthquakes/eventpage/us7000rmhd","detail":"https://earthquake.usgs.gov/fdsnws/event/1/query?eventid=us7000rmhd&format=geojson","felt":94,"cdi":5.2,"mmi":5.15,"alert":"green","status":"reviewed","tsunami":0,"sig":465,"net":"us","code":"7000rmhd","ids":",us7000rmhd,","sources":",us,","types":",dyfi,ground-failure,impact-text,losspager,origin,phase-data,shakemap,","nst":114,"dmin":3.513,"rms":0.41,"gap":27,"magType":"mb","type":"earthquake","title":"M 5.2 - 13 km NNE of Morigaon, India"},"geometry":{"type":"Point","coordinates":[92.3991,26.3621,41.098]},"id":"us7000rmhd"},
{"type":"Feature","properties":{"mag":5,"place":"33 km NE of Shwebo, Burma (Myanmar)","time":1767273539369,"updated":1769787949223,"tz":null,"url":"https://earthquake.usgs.gov/earthquakes/eventpage/us7000rlx8","detail":"https://earthquake.usgs.gov/fdsnws/event/1/query?eventid=us7000rlx8&format=geojson","felt":2,"cdi":3.4,"mmi":null,"alert":null,"status":"reviewed","tsunami":0,"sig":385,"net":"us","code":"7000rlx8","ids":",us7000rlx8,","sources":",us,","types":",dyfi,origin,phase-data,","nst":70,"dmin":1.84,"rms":0.76,"gap":52,"magType":"mb","type":"earthquake","title":"M 5.0 - 33 km NE of Shwebo, Burma (Myanmar)"},"geometry":{"type":"Point","coordinates":[95.9011,22.8108,10]},"id":"us7000rlx8"},
{"type":"Feature","properties":{"mag":4.2,"place":"32 km SE of Sarupathar, India","time":1767022229804,"updated":1769013018040,"tz":null,"url":"https://earthquake.usgs.gov/earthquakes/eventpage/us7000rqw2","detail":"https://earthquake.usgs.gov/fdsnws/event/1/query?eventid=us7000rqw2&format=geojson","felt":null,"cdi":null,"mmi":null,"alert":null,"status":"reviewed","tsunami":0,"sig":271,"net":"us","code":"7000rqw2","ids":",us7000rqw2,","sources":",us,","types":",origin,phase-data,","nst":28,"dmin":5.201,"rms":0.98,"gap":117,"magType":"mb","type":"earthquake","title":"M 4.2 - 32 km SE of Sarupathar, India"},"geometry":{"type":"Point","coordinates":[97.0716,26.0392,10]},"id":"us7000rqw2"},
{"type":"Feature","properties":{"mag":4.5,"place":"12 km WNW of Dhekiajuli, India","time":1766839369553,"updated":1769068763542,"tz":null,"url":"https://earthquake.usgs.gov/earthquakes/eventpage/us7000rl21","detail":"https://earthquake.usgs.gov/fdsnws/event/1/query?eventid=us7000rl21&format=geojson","felt":2,"cdi":3.4,"mmi":null,"alert":null,"status":"reviewed","tsunami":0,"sig":312,"net":"us","code":"7000rl21","ids":",us7000rl21,","sources":",us,","types":",dyfi,origin,phase-data,","nst":41,"dmin":3.14,"rms":0.66,"gap":148,"magType":"mb","type":"earthquake","title":"M 4.5 - 12 km WNW of Dhekiajuli, India"},"geometry":{"type":"Point","coordinates":[92.3604,26.7466,41.698]},"id":"us7000rl21"},
{"type":"Feature","properties":{"mag":4.4,"place":"17 km NW of Yingjiang, China","time":1766675981275,"updated":1768683048040,"tz":null,"url":"https://earthquake.usgs.gov/earthquakes/eventpage/us7000rkqh","detail":"https://earthquake.usgs.gov/fdsnws/event/1/query?eventid=us7000rkqh&format=geojson","felt":null,"cdi":null,"mmi":null,"alert":null,"status":"reviewed","tsunami":0,"sig":298,"net":"us","code":"7000rkqh","ids":",us7000rkqh,","sources":",us,","types":",origin,phase-data,","nst":33,"dmin":3.882,"rms":0.87,"gap":123,"magType":"mb","type":"earthquake","title":"M 4.4 - 17 km NW of Yingjiang, China"},"geometry":{"type":"Point","coordinates":[97.8254,24.828,10]},"id":"us7000rkqh"},
{"type":"Feature","properties":{"mag":4.8,"place":"103 km N of Bamboo Flat, India","time":1766549387901,"updated":1768713498040,"tz":null,"url":"https://earthquake.usgs.gov/earthquakes/eventpage/us7000rkiw","detail":"https://earthquake.usgs.gov/fdsnws/event/1/query?eventid=us7000rkiw&format=geojson","felt":null,"cdi":null,"mmi":null,"alert":null,"status":"reviewed","tsunami":0,"sig":354,"net":"us","code":"7000rkiw","ids":",us7000rkiw,","sources":",us,","types":",origin,phase-data,","nst":46,"dmin":6.44,"rms":1.07,"gap":64,"magType":"mb","type":"earthquake","title":"M 4.8 - 103 km N of Bamboo Flat, India"},"geometry":{"type":"Point","coordinates":[92.7492,12.6319,35]},"id":"us7000rkiw"},
{"type":"Feature","properties":{"mag":4.6,"place":"38 km ESE of Sarupathar, India","time":1766018072270,"updated":1768794340040,"tz":null,"url":"https://earthquake.usgs.gov/earthquakes/eventpage/us6000rvkv","detail":"https://earthquake.usgs.gov/fdsnws/event/1/query?eventid=us6000rvkv&format=geojson","felt":null,"cdi":null,"mmi":null,"alert":null,"status":"reviewed","tsunami":0,"sig":326,"net":"us","code":"6000rvkv","ids":",us6000rvkv,","sources":",us,","types":",origin,phase-data,","nst":81,"dmin":5.306,"rms":0.52,"gap":91,"magType":"mb","type":"earthquake","title":"M 4.6 - 38 km ESE of Sarupathar, India"},"geometry":{"type":"Point","coordinates":[97.1858,26.1352,10]},"id":"us6000rvkv"},
{"type":"Feature","properties":{"mag":4.2,"place":"140 km SE of Port Blair, India","time":1765606689957,"updated":1773181125040,"tz":null,"url":"https://earthquake.usgs.gov/earthquakes/eventpage/us6000rwg8","detail":"https://earthquake.usgs.gov/fdsnws/event/1/query?eventid=us6000rwg8&format=geojson","felt":null,"cdi":null,"mmi":null,"alert":null,"status":"reviewed","tsunami":0,"sig":271,"net":"us","code":"6000rwg8","ids":",us6000rwg8,","sources":",us,","types":",origin,phase-data,","nst":21,"dmin":9.006,"rms":0.57,"gap":80,"magType":"mb","type":"earthquake","title":"M 4.2 - 140 km SE of Port Blair, India"},"geometry":{"type":"Point","coordinates":[93.7806,10.9166,167.634]},"id":"us6000rwg8"},
{"type":"Feature","properties":{"mag":4.7,"place":"33 km E of Shwebo, Burma (Myanmar)","time":1765359335862,"updated":1773181114040,"tz":null,"url":"https://earthquake.usgs.gov/earthquakes/eventpage/us6000rtv3","detail":"https://earthquake.usgs.gov/fdsnws/event/1/query?eventid=us6000rtv3&format=geojson","felt":1,"cdi":1,"mmi":null,"alert":null,"status":"reviewed","tsunami":0,"sig":340,"net":"us","code":"6000rtv3","ids":",us6000rtv3,","sources":",us,","types":",dyfi,origin,phase-data,","nst":65,"dmin":1.724,"rms":0.44,"gap":70,"magType":"mb","type":"earthquake","title":"M 4.7 - 33 km E of Shwebo, Burma (Myanmar)"},"geometry":{"type":"Point","coordinates":[96.0249,22.5952,10]},"id":"us6000rtv3"},
{"type":"Feature","properties":{"mag":4.3,"place":"268 km WSW of Dawei, Burma (Myanmar)","time":1765186211095,"updated":1772649902040,"tz":null,"url":"https://earthquake.usgs.gov/earthquakes/eventpage/us7000rmst","detail":"https://earthquake.usgs.gov/fdsnws/event/1/query?eventid=us7000rmst&format=geojson","felt":null,"cdi":null,"mmi":null,"alert":null,"status":"reviewed","tsunami":0,"sig":284,"net":"us","code":"7000rmst","ids":",us7000rmst,","sources":",us,","types":",origin,phase-data,","nst":18,"dmin":3.365,"rms":0.3,"gap":103,"magType":"mb","type":"earthquake","title":"M 4.3 - 268 km WSW of Dawei, Burma (Myanmar)"},"geometry":{"type":"Point","coordinates":[95.8494,13.2819,20.36]},"id":"us7000rmst"},
{"type":"Feature","properties":{"mag":4.2,"place":"76 km SE of Mawlaik, Burma (Myanmar)","time":1765169331329,"updated":1772649902040,"tz":null,"url":"https://earthquake.usgs.gov/earthquakes/eventpage/us7000rmss","detail":"https://earthquake.usgs.gov/fdsnws/event/1/query?eventid=us7000rmss&format=geojson","felt":null,"cdi":null,"mmi":null,"alert":null,"status":"reviewed","tsunami":0,"sig":271,"net":"us","code":"7000rmss","ids":",us7000rmss,","sources":",us,","types":",origin,phase-data,","nst":19,"dmin":1.88,"rms":0.49,"gap":129,"magType":"mb","type":"earthquake","title":"M 4.2 - 76 km SE of Mawlaik, Burma (Myanmar)"},"geometry":{"type":"Point","coordinates":[94.8608,23.0944,94.964]},"id":"us7000rmss"},
{"type":"Feature","properties":{"mag":4.8,"place":"5 km N of Sagaing, Burma (Myanmar)","time":1764673269803,"updated":1772036322040,"tz":null,"url":"https://earthquake.usgs.gov/earthquakes/eventpage/us6000rvt6","detail":"https://earthquake.usgs.gov/fdsnws/event/1/query?eventid=us6000rvt6&format=geojson","felt":null,"cdi":null,"mmi":null,"alert":null,"status":"reviewed","tsunami":0,"sig":354,"net":"us","code":"6000rvt6","ids":",us6000rvt6,","sources":",us,","types":",origin,phase-data,","nst":38,"dmin":1.226,"rms":0.44,"gap":75,"magType":"mb","type":"earthquake","title":"M 4.8 - 5 km N of Sagaing, Burma (Myanmar)"},"geometry":{"type":"Point","coordinates":[95.9869,21.9235,10]},"id":"us6000rvt6"},
{"type":"Feature","properties":{"mag":4.1,"place":"40 km S of Teknāf, Bangladesh","time":1764640591335,"updated":1772036321040,"tz":null,"url":"https://earthquake.usgs.gov/earthquakes/eventpage/us6000rvrt","detail":"https://earthquake.usgs.gov/fdsnws/event/1/query?eventid=us6000rvrt&format=geojson","felt":null,"cdi":null,"mmi":null,"alert":null,"status":"reviewed","tsunami":0,"sig":259,"net":"us","code":"6000rvrt","ids":",us6000rvrt,","sources":",us,","types":",origin,phase-data,","nst":16,"dmin":2.526,"rms":0.6,"gap":163,"magType":"mb","type":"earthquake","title":"M 4.1 - 40 km S of Teknāf, Bangladesh"},"geometry":{"type":"Point","coordinates":[92.3253,20.4905,10]},"id":"us6000rvrt"},
{"type":"Feature","properties":{"mag":4.8,"place":"81 km E of Falam, Burma (Myanmar)","time":1764615315922,"updated":1772036321040,"tz":null,"url":"https://earthquake.usgs.gov/earthquakes/eventpage/us7000rews","detail":"https://earthquake.usgs.gov/fdsnws/event/1/query?eventid=us7000rews&format=geojson","felt":5,"cdi":2.7,"mmi":null,"alert":null,"status":"reviewed","tsunami":0,"sig":356,"net":"us","code":"7000rews","ids":",us7000rews,","sources":",us,","types":",dyfi,origin,phase-data,","nst":94,"dmin":4.817,"rms":0.71,"gap":64,"magType":"mb","type":"earthquake","title":"M 4.8 - 81 km E of Falam, Burma (Myanmar)"},"geometry":{"type":"Point","coordinates":[94.4717,22.8791,99.301]},"id":"us7000rews"},
{"type":"Feature","properties":{"mag":4.2,"place":"269 km WSW of Dawei, Burma (Myanmar)","time":1763884641789,"updated":1771603658040,"tz":null,"url":"https://earthquake.usgs.gov/earthquakes/eventpage/us6000ru5d","detail":"https://earthquake.usgs.gov/fdsnws/event/1/query?eventid=us6000ru5d&format=geojson","felt":null,"cdi":null,"mmi":null,"alert":null,"status":"reviewed","tsunami":0,"sig":271,"net":"us","code":"6000ru5d","ids":",us6000ru5d,","sources":",us,","types":",origin,phase-data,","nst":21,"dmin":4.006,"rms":0.33,"gap":173,"magType":"mb","type":"earthquake","title":"M 4.2 - 269 km WSW of Dawei, Burma (Myanmar)"},"geometry":{"type":"Point","coordinates":[95.7949,13.4046,10]},"id":"us6000ru5d"},
{"type":"Feature","properties":{"mag":5.3,"place":"269 km WSW of Dawei, Burma (Myanmar)","time":1763872762415,"updated":1771603654040,"tz":null,"url":"https://earthquake.usgs.gov/earthquakes/eventpage/us6000rpwk","detail":"https://earthquake.usgs.gov/fdsnws/event/1/query?eventid=us6000rpwk&format=geojson","felt":1,"cdi":2,"mmi":null,"alert":null,"status":"reviewed","tsunami":0,"sig":432,"net":"us","code":"6000rpwk","ids":",us6000rpwk,usauto6000rpwk,","sources":",us,usauto,","types":",dyfi,internal-moment-tensor,moment-tensor,origin,phase-data,","nst":62,"dmin":3.5,"rms":1.07,"gap":93,"magType":"mww","type":"earthquake","title":"M 5.3 - 269 km WSW of Dawei, Burma (Myanmar)"},"geometry":{"type":"Point","coordinates":[95.8101,13.3595,10]},"id":"us6000rpwk"},
{"type":"Feature","properties":{"mag":4.1,"place":"86 km S of Hakha, Burma (Myanmar)","time":1763341479912,"updated":1770738917040,"tz":null,"url":"https://earthquake.usgs.gov/earthquakes/eventpage/us7000rfkz","detail":"https://earthquake.usgs.gov/fdsnws/event/1/query?eventid=us7000rfkz&format=geojson","felt":null,"cdi":null,"mmi":null,"alert":null,"status":"reviewed","tsunami":0,"sig":259,"net":"us","code":"7000rfkz","ids":",us7000rfkz,","sources":",us,","types":",origin,phase-data,","nst":28,"dmin":1.386,"rms":0.4,"gap":135,"magType":"mb","type":"earthquake","title":"M 4.1 - 86 km S of Hakha, Burma (Myanmar)"},"geometry":{"type":"Point","coordinates":[93.6071,21.8677,61.177]},"id":"us7000rfkz"},
{"type":"Feature","properties":{"mag":4.3,"place":"36 km NNE of Mawlaik, Burma (Myanmar)","time":1763113126667,"updated":1770738915040,"tz":null,"url":"https://earthquake.usgs.gov/earthquakes/eventpage/us6000rs68","detail":"https://earthquake.usgs.gov/fdsnws/event/1/query?eventid=us6000rs68&format=geojson","felt":null,"cdi":null,"mmi":null,"alert":null,"status":"reviewed","tsunami":0,"sig":284,"net":"us","code":"6000rs68","ids":",us6000rs68,","sources":",us,","types":",origin,phase-data,","nst":31,"dmin":2.777,"rms":1.02,"gap":112,"magType":"mb","type":"earthquake","title":"M 4.3 - 36 km NNE of Mawlaik, Burma (Myanmar)"},"geometry":{"type":"Point","coordinates":[94.4815,23.9664,53.099]},"id":"us6000rs68"},
{"type":"Feature","properties":{"mag":5.4,"place":"143 km NE of Port Blair, India","time":1762670311475,"updated":1769724330040,"tz":null,"url":"https://earthquake.usgs.gov/earthquakes/eventpage/us6000rmdj","detail":"https://earthquake.usgs.gov/fdsnws/event/1/query?eventid=us6000rmdj&format=geojson","felt":3,"cdi":2.7,"mmi":3.631,"alert":"green","status":"reviewed","tsunami":0,"sig":449,"net":"us","code":"6000rmdj","ids":",us6000rmdj,usauto6000rmdj,pt25313000,","sources":",us,usauto,pt,","types":",dyfi,internal-moment-tensor,internal-origin,losspager,moment-tensor,origin,phase-data,shakemap,","nst":103,"dmin":4.923,"rms":0.78,"gap":50,"magType":"mww","type":"earthquake","title":"M 5.4 - 143 km NE of Port Blair, India"},"geometry":{"type":"Point","coordinates":[93.7511,12.4989,132.652]},"id":"us6000rmdj"},
{"type":"Feature","properties":{"mag":4.6,"place":"109 km SE of Phek, India","time":1762133581974,"updated":1769536746040,"tz":null,"url":"https://earthquake.usgs.gov/earthquakes/eventpage/us6000rl3w","detail":"https://earthquake.usgs.gov/fdsnws/event/1/query?eventid=us6000rl3w&format=geojson","felt":null,"cdi":null,"mmi":null,"alert":null,"status":"reviewed","tsunami":0,"sig":326,"net":"us","code":"6000rl3w","ids":",us6000rl3w,","sources":",us,","types":",origin,phase-data,","nst":94,"dmin":3.803,"rms":0.52,"gap":52,"magType":"mb","type":"earthquake","title":"M 4.6 - 109 km SE of Phek, India"},"geometry":{"type":"Point","coordinates":[95.3102,25.0088,117.957]},"id":"us6000rl3w"},
{"type":"Feature","properties":{"mag":4.6,"place":"72 km S of Hakha, Burma (Myanmar)","time":1761715859485,"updated":1769536740040,"tz":null,"url":"https://earthquake.usgs.gov/earthquakes/eventpage/us6000rk49","detail":"https://earthquake.usgs.gov/fdsnws/event/1/query?eventid=us6000rk49&format=geojson","felt":null,"cdi":null,"mmi":null,"alert":null,"status":"reviewed","tsunami":0,"sig":326,"net":"us","code":"6000rk49","ids":",us6000rk49,","sources":",us,","types":",origin,phase-data,","nst":78,"dmin":1.444,"rms":0.84,"gap":84,"magType":"mb","type":"earthquake","title":"M 4.6 - 72 km S of Hakha, Burma (Myanmar)"},"geometry":{"type":"Point","coordinates":[93.6089,21.9867,47.028]},"id":"us6000rk49"},
{"type":"Feature","properties":{"mag":4.2,"place":"76 km ESE of Hakha, Burma (Myanmar)","time":1761067900115,"updated":1767973127040,"tz":null,"url":"https://earthquake.usgs.gov/earthquakes/eventpage/us6000rmtc","detail":"https://earthquake.usgs.gov/fdsnws/event/1/query?eventid=us6000rmtc&format=geojson","felt":null,"cdi":null,"mmi":null,"alert":null,"status":"reviewed","tsunami":0,"sig":271,"net":"us","code":"6000rmtc","ids":",us6000rmtc,","sources":",us,","types":",origin,phase-data,","nst":28,"dmin":1.371,"rms":0.86,"gap":113,"magType":"mb","type":"earthquake","title":"M 4.2 - 76 km ESE of Hakha, Burma (Myanmar)"},"geometry":{"type":"Point","coordinates":[94.3264,22.468,88.314]},"id":"us6000rmtc"},
{"type":"Feature","properties":{"mag":3.9,"place":"22 km N of Yangon, Burma (Myanmar)","time":1760719158873,"updated":1767973127040,"tz":null,"url":"https://earthquake.usgs.gov/earthquakes/eventpage/us7000rk6w","detail":"https://earthquake.usgs.gov/fdsnws/event/1/query?eventid=us7000rk6w&format=geojson","felt":null,"cdi":null,"mmi":null,"alert":null,"status":"reviewed","tsunami":0,"sig":234,"net":"us","code":"7000rk6w","ids":",us7000rk6w,","sources":",us,","types":",impact-text,origin,phase-data,","nst":17,"dmin":0.143,"rms":0.65,"gap":124,"magType":"mb","type":"earthquake","title":"M 3.9 - 22 km N of Yangon, Burma (Myanmar)"},"geometry":{"type":"Point","coordinates":[96.1659,17.0079,10]},"id":"us7000rk6w"},
{"type":"Feature","properties":{"mag":5,"place":"184 km N of Bamboo Flat, India","time":1760652623971,"updated":1767973118040,"tz":null,"url":"https://earthquake.usgs.gov/earthquakes/eventpage/us6000rhnm","detail":"https://earthquake.usgs.gov/fdsnws/event/1/query?eventid=us6000rhnm&format=geojson","felt":1,"cdi":2.5,"mmi":null,"alert":null,"status":"reviewed","tsunami":0,"sig":385,"net":"us","code":"6000rhnm","ids":",us6000rhnm,","sources":",us,","types":",dyfi,origin,phase-data,","nst":89,"dmin":4.921,"rms":0.85,"gap":65,"magType":"mb","type":"earthquake","title":"M 5.0 - 184 km N of Bamboo Flat, India"},"geometry":{"type":"Point","coordinates":[92.5564,13.3577,15.163]},"id":"us6000rhnm"},
{"type":"Feature","properties":{"mag":4.8,"place":"138 km SE of Phek, India","time":1760597874913,"updated":1767973117040,"tz":null,"url":"https://earthquake.usgs.gov/earthquakes/eventpage/us6000rhhd","detail":"https://earthquake.usgs.gov/fdsnws/event/1/query?eventid=us6000rhhd&format=geojson","felt":null,"cdi":null,"mmi":null,"alert":null,"status":"reviewed","tsunami":0,"sig":354,"net":"us","code":"6000rhhd","ids":",us6000rhhd,","sources":",us,","types":",origin,phase-data,","nst":77,"dmin":3.605,"rms":0.57,"gap":53,"magType":"mb","type":"earthquake","title":"M 4.8 - 138 km SE of Phek, India"},"geometry":{"type":"Point","coordinates":[95.4782,24.7905,191.422]},"id":"us6000rhhd"},
{"type":"Feature","properties":{"mag":4.4,"place":"30 km NNE of Shwebo, Burma (Myanmar)","time":1760589416533,"updated":1767973125040,"tz":null,"url":"https://earthquake.usgs.gov/earthquakes/eventpage/us6000rlw6","detail":"https://earthquake.usgs.gov/fdsnws/event/1/query?eventid=us6000rlw6&format=geojson","felt":null,"cdi":null,"mmi":null,"alert":null,"status":"reviewed","tsunami":0,"sig":298,"net":"us","code":"6000rlw6","ids":",us6000rlw6,","sources":",us,","types":",origin,phase-data,","nst":26,"dmin":1.815,"rms":0.72,"gap":99,"magType":"mb","type":"earthquake","title":"M 4.4 - 30 km NNE of Shwebo, Burma (Myanmar)"},"geometry":{"type":"Point","coordinates":[95.8413,22.8131,10]},"id":"us6000rlw6"},
{"type":"Feature","properties":{"mag":4.5,"place":"72 km WNW of Monywa, Burma (Myanmar)","time":1760334030144,"updated":1767309071040,"tz":null,"url":"https://earthquake.usgs.gov/earthquakes/eventpage/us6000rgtt","detail":"https://earthquake.usgs.gov/fdsnws/event/1/query?eventid=us6000rgtt&format=geojson","felt":null,"cdi":null,"mmi":null,"alert":null,"status":"reviewed","tsunami":0,"sig":312,"net":"us","code":"6000rgtt","ids":",us6000rgtt,","sources":",us,","types":",origin,phase-data,","nst":84,"dmin":1.28,"rms":0.43,"gap":52,"magType":"mb","type":"earthquake","title":"M 4.5 - 72 km WNW of Monywa, Burma (Myanmar)"},"geometry":{"type":"Point","coordinates":[94.5319,22.4404,105.63]},"id":"us6000rgtt"},
{"type":"Feature","properties":{"mag":4.8,"place":"165 km WSW of Pyay, Burma (Myanmar)","time":1760055835995,"updated":1767309066040,"tz":null,"url":"https://earthquake.usgs.gov/earthquakes/eventpage/us6000rfws","detail":"https://earthquake.usgs.gov/fdsnws/event/1/query?eventid=us6000rfws&format=geojson","felt":null,"cdi":null,"mmi":null,"alert":null,"status":"reviewed","tsunami":0,"sig":354,"net":"us","code":"6000rfws","ids":",us6000rfws,","sources":",us,","types":",origin,phase-data,","nst":77,"dmin":2.876,"rms":0.84,"gap":63,"magType":"mb","type":"earthquake","title":"M 4.8 - 165 km WSW of Pyay, Burma (Myanmar)"},"geometry":{"type":"Point","coordinates":[93.682,18.5245,10]},"id":"us6000rfws"},
{"type":"Feature","properties":{"mag":4.4,"place":"66 km ESE of Lincang, China","time":1759611705995,"updated":1766184644040,"tz":null,"url":"https://earthquake.usgs.gov/earthquakes/eventpage/us6000rj7f","detail":"https://earthquake.usgs.gov/fdsnws/event/1/query?eventid=us6000rj7f&format=geojson","felt":null,"cdi":null,"mmi":null,"alert":null,"status":"reviewed","tsunami":0,"sig":298,"net":"us","code":"6000rj7f","ids":",us6000rj7f,","sources":",us,","types":",origin,phase-data,","nst":28,"dmin":2.535,"rms":1.02,"gap":81,"magType":"mb","type":"earthquake","title":"M 4.4 - 66 km ESE of Lincang, China"},"geometry":{"type":"Point","coordinates":[100.6849,23.6208,10]},"id":"us6000rj7f"},
{"type":"Feature","properties":{"mag":4.5,"place":"120 km S of Port Blair, India","time":1759609863053,"updated":1766184644040,"tz":null,"url":"https://earthquake.usgs.gov/earthquakes/eventpage/us6000rj7d","detail":"https://earthquake.usgs.gov/fdsnws/event/1/query?eventid=us6000rj7d&format=geojson","felt":null,"cdi":null,"mmi":null,"alert":null,"status":"reviewed","tsunami":0,"sig":312,"net":"us","code":"6000rj7d","ids":",us6000rj7d,","sources":",us,","types":",origin,phase-data,","nst":26,"dmin":9.825,"rms":0.7,"gap":89,"magType":"mb","type":"earthquake","title":"M 4.5 - 120 km S of Port Blair, India"},"geometry":{"type":"Point","coordinates":[92.8178,10.575,58.539]},"id":"us6000rj7d"},
{"type":"Feature","properties":{"mag":4.9,"place":"69 km E of Wāngjing, India","time":1759192803656,"updated":1765489239040,"tz":null,"url":"https://earthquake.usgs.gov/earthquakes/eventpage/us6000rdpe","detail":"https://earthquake.usgs.gov/fdsnws/event/1/query?eventid=us6000rdpe&format=geojson","felt":1,"cdi":3.4,"mmi":null,"alert":null,"status":"reviewed","tsunami":0,"sig":370,"net":"us","code":"6000rdpe","ids":",us6000rdpe,","sources":",us,","types":",dyfi,origin,phase-data,","nst":80,"dmin":5.602,"rms":0.94,"gap":49,"magType":"mb","type":"earthquake","title":"M 4.9 - 69 km E of Wāngjing, India"},"geometry":{"type":"Point","coordinates":[94.7389,24.6798,93.408]},"id":"us6000rdpe"},
{"type":"Feature","properties":{"mag":4.4,"place":"19 km NNE of Taungoo, Burma (Myanmar)","time":1759020936243,"updated":1765489242040,"tz":null,"url":"https://earthquake.usgs.gov/earthquakes/eventpage/us6000riaf","detail":"https://earthquake.usgs.gov/fdsnws/event/1/query?eventid=us6000riaf&format=geojson","felt":null,"cdi":null,"mmi":null,"alert":null,"status":"reviewed","tsunami":0,"sig":298,"net":"us","code":"6000riaf","ids":",us6000riaf,","sources":",us,","types":",origin,phase-data,","nst":38,"dmin":1.398,"rms":0.8,"gap":113,"magType":"mb","type":"earthquake","title":"M 4.4 - 19 km NNE of Taungoo, Burma (Myanmar)"},"geometry":{"type":"Point","coordinates":[96.4997,19.1121,10]},"id":"us6000riaf"},
{"type":"Feature","properties":{"mag":4.1,"place":"38 km NNW of Meiktila, Burma (Myanmar)","time":1758583156540,"updated":1765036808040,"tz":null,"url":"https://earthquake.usgs.gov/earthquakes/eventpage/us6000rc6v","detail":"https://earthquake.usgs.gov/fdsnws/event/1/query?eventid=us6000rc6v&format=geojson","felt":null,"cdi":null,"mmi":null,"alert":null,"status":"reviewed","tsunami":0,"sig":259,"net":"us","code":"6000rc6v","ids":",us6000rc6v,","sources":",us,","types":",origin,phase-data,","nst":30,"dmin":2.824,"rms":1.21,"gap":138,"magType":"mb","type":"earthquake","title":"M 4.1 - 38 km NNW of Meiktila, Burma (Myanmar)"},"geometry":{"type":"Point","coordinates":[95.7149,21.2003,141.521]},"id":"us6000rc6v"},
{"type":"Feature","properties":{"mag":4.8,"place":"285 km ENE of Port Blair, India","time":1758199312979,"updated":1765036819040,"tz":null,"url":"https://earthquake.usgs.gov/earthquakes/eventpage/us7000qwyi","detail":"https://earthquake.usgs.gov/fdsnws/event/1/query?eventid=us7000qwyi&format=geojson","felt":null,"cdi":null,"mmi":null,"alert":null,"status":"reviewed","tsunami":0,"sig":354,"net":"us","code":"7000qwyi","ids":",us7000qwyi,","sources":",us,","types":",origin,phase-data,","nst":46,"dmin":4.391,"rms":0.84,"gap":69,"magType":"mb","type":"earthquake","title":"M 4.8 - 285 km ENE of Port Blair, India"},"geometry":{"type":"Point","coordinates":[95.3077,12.2024,10]},"id":"us7000qwyi"},
{"type":"Feature","properties":{"mag":4.1,"place":"89 km SSE of Hayuliang, India","time":1757983065488,"updated":1764734322040,"tz":null,"url":"https://earthquake.usgs.gov/earthquakes/eventpage/us6000rfty","detail":"https://earthquake.usgs.gov/fdsnws/event/1/query?eventid=us6000rfty&format=geojson","felt":null,"cdi":null,"mmi":null,"alert":null,"status":"reviewed","tsunami":0,"sig":259,"net":"us","code":"6000rfty","ids":",us6000rfty,","sources":",us,","types":",origin,phase-data,","nst":12,"dmin":5.65,"rms":0.26,"gap":164,"magType":"mb","type":"earthquake","title":"M 4.1 - 89 km SSE of Hayuliang, India"},"geometry":{"type":"Point","coordinates":[96.9813,27.3684,10]},"id":"us6000rfty"},
{"type":"Feature","properties":{"mag":4.6,"place":"108 km W of Chauk, Burma (Myanmar)","time":1757861804808,"updated":1764734312040,"tz":null,"url":"https://earthquake.usgs.gov/earthquakes/eventpage/us7000qw66","detail":"https://earthquake.usgs.gov/fdsnws/event/1/query?eventid=us7000qw66&format=geojson","felt":null,"cdi":null,"mmi":null,"alert":null,"status":"reviewed","tsunami":0,"sig":326,"net":"us","code":"7000qw66","ids":",us7000qw66,","sources":",us,","types":",origin,phase-data,","nst":55,"dmin":4.257,"rms":0.58,"gap":155,"magType":"mb","type":"earthquake","title":"M 4.6 - 108 km W of Chauk, Burma (Myanmar)"},"geometry":{"type":"Point","coordinates":[93.7795,20.9575,59.107]},"id":"us7000qw66"},
{"type":"Feature","properties":{"mag":5.5,"place":"11 km ESE of Udalguri, India","time":1757848311373,"updated":1764734310040,"tz":null,"url":"https://earthquake.usgs.gov/earthquakes/eventpage/us7000qw56","detail":"https://earthquake.usgs.gov/fdsnws/event/1/query?eventid=us7000qw56&format=geojson","felt":120,"cdi":6,"mmi":6.215,"alert":"orange","status":"reviewed","tsunami":0,"sig":1072,"net":"us","code":"7000qw56","ids":",us7000qw56,usauto7000qw56,","sources":",us,usauto,","types":",dyfi,ground-failure,impact-text,internal-moment-tensor,losspager,moment-tensor,origin,phase-data,shakemap,","nst":215,"dmin":3.132,"rms":0.81,"gap":20,"magType":"mww","type":"earthquake","title":"M 5.5 - 11 km ESE of Udalguri, India"},"geometry":{"type":"Point","coordinates":[92.2103,26.7097,29]},"id":"us7000qw56"},
{"type":"Feature","properties":{"mag":4.5,"place":"29 km SSE of Sarupathar, India","time":1757741987108,"updated":1764734298040,"tz":null,"url":"https://earthquake.usgs.gov/earthquakes/eventpage/us6000rf3n","detail":"https://earthquake.usgs.gov/fdsnws/event/1/query?eventid=us6000rf3n&format=geojson","felt":null,"cdi":null,"mmi":null,"alert":null,"status":"reviewed","tsunami":0,"sig":312,"net":"us","code":"6000rf3n","ids":",us6000rf3n,","sources":",us,","types":",origin,phase-data,","nst":23,"dmin":5.253,"rms":0.74,"gap":133,"magType":"mb","type":"earthquake","title":"M 4.5 - 29 km SSE of Sarupathar, India"},"geometry":{"type":"Point","coordinates":[96.9455,25.9678,10]},"id":"us6000rf3n"},
{"type":"Feature","properties":{"mag":4.6,"place":"19 km WNW of Taungoo, Burma (Myanmar)","time":1757215026030,"updated":1764546025040,"tz":null,"url":"https://earthquake.usgs.gov/earthquakes/eventpage/us7000qui1","detail":"https://earthquake.usgs.gov/fdsnws/event/1/query?eventid=us7000qui1&format=geojson","felt":3,"cdi":2.7,"mmi":null,"alert":null,"status":"reviewed","tsunami":0,"sig":326,"net":"us","code":"7000qui1","ids":",us7000qui1,","sources":",us,","types":",dyfi,origin,phase-data,","nst":69,"dmin":1.634,"rms":0.57,"gap":58,"magType":"mb","type":"earthquake","title":"M 4.6 - 19 km WNW of Taungoo, Burma (Myanmar)"},"geometry":{"type":"Point","coordinates":[96.264,19.0137,10]},"id":"us7000qui1"},
{"type":"Feature","properties":{"mag":4.3,"place":"19 km E of Falam, Burma (Myanmar)","time":1757116077732,"updated":1764546012040,"tz":null,"url":"https://earthquake.usgs.gov/earthquakes/eventpage/us6000rdlw","detail":"https://earthquake.usgs.gov/fdsnws/event/1/query?eventid=us6000rdlw&format=geojson","felt":null,"cdi":null,"mmi":null,"alert":null,"status":"reviewed","tsunami":0,"sig":284,"net":"us","code":"6000rdlw","ids":",us6000rdlw,","sources":",us,","types":",origin,phase-data,","nst":12,"dmin":1.958,"rms":0.18,"gap":149,"magType":"mb","type":"earthquake","title":"M 4.3 - 19 km E of Falam, Burma (Myanmar)"},"geometry":{"type":"Point","coordinates":[93.8678,22.9136,76.811]},"id":"us6000rdlw"},
{"type":"Feature","properties":{"mag":4.4,"place":"31 km E of Mawlaik, Burma (Myanmar)","time":1756964013449,"updated":1764545988040,"tz":null,"url":"https://earthquake.usgs.gov/earthquakes/eventpage/us7000qtq9","detail":"https://earthquake.usgs.gov/fdsnws/event/1/query?eventid=us7000qtq9&format=geojson","felt":null,"cdi":null,"mmi":null,"alert":null,"status":"reviewed","tsunami":0,"sig":298,"net":"us","code":"7000qtq9","ids":",us7000qtq9,","sources":",us,","types":",origin,phase-data,","nst":29,"dmin":2.44,"rms":0.34,"gap":73,"magType":"mb","type":"earthquake","title":"M 4.4 - 31 km E of Mawlaik, Burma (Myanmar)"},"geometry":{"type":"Point","coordinates":[94.7137,23.6498,121.439]},"id":"us7000qtq9"},
{"type":"Feature","properties":{"mag":4.5,"place":"25 km ENE of Myingyan, Burma (Myanmar)","time":1756959721077,"updated":1764545987040,"tz":null,"url":"https://earthquake.usgs.gov/earthquakes/eventpage/us7000qtq7","detail":"https://earthquake.usgs.gov/fdsnws/event/1/query?eventid=us7000qtq7&format=geojson","felt":null,"cdi":null,"mmi":null,"alert":null,"status":"reviewed","tsunami":0,"sig":312,"net":"us","code":"7000qtq7","ids":",us7000qtq7,","sources":",us,","types":",origin,phase-data,","nst":37,"dmin":3.17,"rms":1.34,"gap":179,"magType":"mb","type":"earthquake","title":"M 4.5 - 25 km ENE of Myingyan, Burma (Myanmar)"},"geometry":{"type":"Point","coordinates":[95.5933,21.5879,10]},"id":"us7000qtq7"},
{"type":"Feature","properties":{"mag":4.4,"place":"237 km SSE of Port Blair, India","time":1756907570487,"updated":1764545977040,"tz":null,"url":"https://earthquake.usgs.gov/earthquakes/eventpage/us6000rd5j","detail":"https://earthquake.usgs.gov/fdsnws/event/1/query?eventid=us6000rd5j&format=geojson","felt":null,"cdi":null,"mmi":null,"alert":null,"status":"reviewed","tsunami":0,"sig":298,"net":"us","code":"6000rd5j","ids":",us6000rd5j,","sources":",us,","types":",origin,phase-data,","nst":46,"dmin":5.522,"rms":0.42,"gap":121,"magType":"mb","type":"earthquake","title":"M 4.4 - 237 km SSE of Port Blair, India"},"geometry":{"type":"Point","coordinates":[93.6542,9.7118,10]},"id":"us6000rd5j"},
{"type":"Feature","properties":{"mag":4.2,"place":"39 km NNE of Shangri-La, China","time":1756860856398,"updated":1764545969040,"tz":null,"url":"https://earthquake.usgs.gov/earthquakes/eventpage/us6000rd4s","detail":"https://earthquake.usgs.gov/fdsnws/event/1/query?eventid=us6000rd4s&format=geojson","felt":null,"cdi":null,"mmi":null,"alert":null,"status":"reviewed","tsunami":0,"sig":271,"net":"us","code":"6000rd4s","ids":",us6000rd4s,","sources":",us,","types":",origin,phase-data,","nst":29,"dmin":7.817,"rms":0.61,"gap":127,"magType":"mb","type":"earthquake","title":"M 4.2 - 39 km NNE of Shangri-La, China"},"geometry":{"type":"Point","coordinates":[99.8704,28.1487,10]},"id":"us6000rd4s"},
{"type":"Feature","properties":{"mag":4.7,"place":"119 km SE of Pyapon, Burma (Myanmar)","time":1756573531112,"updated":1763751765552,"tz":null,"url":"https://earthquake.usgs.gov/earthquakes/eventpage/us7000qskp","detail":"https://earthquake.usgs.gov/fdsnws/event/1/query?eventid=us7000qskp&format=geojson","felt":4,"cdi":2.2,"mmi":null,"alert":null,"status":"reviewed","tsunami":0,"sig":341,"net":"us","code":"7000qskp","ids":",us7000qskp,","sources":",us,","types":",dyfi,origin,phase-data,","nst":133,"dmin":1.446,"rms":0.59,"gap":82,"magType":"mww","type":"earthquake","title":"M 4.7 - 119 km SE of Pyapon, Burma (Myanmar)"},"geometry":{"type":"Point","coordinates":[96.3416,15.4223,10]},"id":"us7000qskp"},
{"type":"Feature","properties":{"mag":4.2,"place":"22 km SW of Mawlaik, Burma (Myanmar)","time":1755839913513,"updated":1762964747040,"tz":null,"url":"https://earthquake.usgs.gov/earthquakes/eventpage/us7000qwq9","detail":"https://earthquake.usgs.gov/fdsnws/event/1/query?eventid=us7000qwq9&format=geojson","felt":1,"cdi":3.8,"mmi":null,"alert":null,"status":"reviewed","tsunami":0,"sig":272,"net":"us","code":"7000qwq9","ids":",us7000qwq9,","sources":",us,","types":",dyfi,origin,phase-data,","nst":33,"dmin":2.397,"rms":0.88,"gap":150,"magType":"mb","type":"earthquake","title":"M 4.2 - 22 km SW of Mawlaik, Burma (Myanmar)"},"geometry":{"type":"Point","coordinates":[94.2235,23.5263,10]},"id":"us7000qwq9"},
{"type":"Feature","properties":{"mag":5.3,"place":"30 km SSW of Mawlaik, Burma (Myanmar)","time":1755838574177,"updated":1762964736040,"tz":null,"url":"https://earthquake.usgs.gov/earthquakes/eventpage/us6000r2z6","detail":"https://earthquake.usgs.gov/fdsnws/event/1/query?eventid=us6000r2z6&format=geojson","felt":null,"cdi":null,"mmi":null,"alert":null,"status":"reviewed","tsunami":0,"sig":432,"net":"us","code":"6000r2z6","ids":",us6000r2z6,","sources":",us,","types":",origin,phase-data,","nst":107,"dmin":2.27,"rms":1.1,"gap":54,"magType":"mb","type":"earthquake","title":"M 5.3 - 30 km SSW of Mawlaik, Burma (Myanmar)"},"geometry":{"type":"Point","coordinates":[94.2596,23.403,10]},"id":"us6000r2z6"},
{"type":"Feature","properties":{"mag":4.6,"place":"70 km S of Thongwa, Burma (Myanmar)","time":1755745086895,"updated":1762964735040,"tz":null,"url":"https://earthquake.usgs.gov/earthquakes/eventpage/us6000r2pe","detail":"https://earthquake.usgs.gov/fdsnws/event/1/query?eventid=us6000r2pe&format=geojson","felt":14,"cdi":3.4,"mmi":null,"alert":null,"status":"reviewed","tsunami":0,"sig":330,"net":"us","code":"6000r2pe","ids":",us6000r2pe,","sources":",us,","types":",dyfi,origin,phase-data,","nst":61,"dmin":3.005,"rms":0.81,"gap":128,"magType":"mb","type":"earthquake","title":"M 4.6 - 70 km S of Thongwa, Burma (Myanmar)"},"geometry":{"type":"Point","coordinates":[96.5679,16.1249,10]},"id":"us6000r2pe"},
{"type":"Feature","properties":{"mag":4.5,"place":"73 km S of Thongwa, Burma (Myanmar)","time":1755693983303,"updated":1762964745040,"tz":null,"url":"https://earthquake.usgs.gov/earthquakes/eventpage/us7000qwbn","detail":"https://earthquake.usgs.gov/fdsnws/event/1/query?eventid=us7000qwbn&format=geojson","felt":null,"cdi":null,"mmi":null,"alert":null,"status":"reviewed","tsunami":0,"sig":312,"net":"us","code":"7000qwbn","ids":",us7000qwbn,","sources":",us,","types":",origin,phase-data,","nst":29,"dmin":3.088,"rms":0.6,"gap":88,"magType":"mb","type":"earthquake","title":"M 4.5 - 73 km S of Thongwa, Burma (Myanmar)"},"geometry":{"type":"Point","coordinates":[96.4474,16.0999,9.447]},"id":"us7000qwbn"},
{"type":"Feature","properties":{"mag":4.3,"place":"29 km ENE of Rahā, India","time":1755499172542,"updated":1762274662040,"tz":null,"url":"https://earthquake.usgs.gov/earthquakes/eventpage/us7000qvhh","detail":"https://earthquake.usgs.gov/fdsnws/event/1/query?eventid=us7000qvhh&format=geojson","felt":1,"cdi":2.7,"mmi":null,"alert":null,"status":"reviewed","tsunami":0,"sig":285,"net":"us","code":"7000qvhh","ids":",us7000qvhh,","sources":",us,","types":",dyfi,origin,phase-data,","nst":43,"dmin":3.685,"rms":0.64,"gap":146,"magType":"mb","type":"earthquake","title":"M 4.3 - 29 km ENE of Rahā, India"},"geometry":{"type":"Point","coordinates":[92.7974,26.3136,35]},"id":"us7000qvhh"},
{"type":"Feature","properties":{"mag":4.7,"place":"218 km N of Bamboo Flat, India","time":1754807552923,"updated":1761399637040,"tz":null,"url":"https://earthquake.usgs.gov/earthquakes/eventpage/us6000qzlg","detail":"https://earthquake.usgs.gov/fdsnws/event/1/query?eventid=us6000qzlg&format=geojson","felt":null,"cdi":null,"mmi":null,"alert":null,"status":"reviewed","tsunami":0,"sig":340,"net":"us","code":"6000qzlg","ids":",us6000qzlg,","sources":",us,","types":",origin,phase-data,","nst":46,"dmin":6.925,"rms":0.59,"gap":68,"magType":"mb","type":"earthquake","title":"M 4.7 - 218 km N of Bamboo Flat, India"},"geometry":{"type":"Point","coordinates":[92.7915,13.6724,10]},"id":"us6000qzlg"},
{"type":"Feature","properties":{"mag":4.6,"place":"80 km S of Mawlaik, Burma (Myanmar)","time":1754742613333,"updated":1761399635040,"tz":null,"url":"https://earthquake.usgs.gov/earthquakes/eventpage/us6000qzgu","detail":"https://earthquake.usgs.gov/fdsnws/event/1/query?eventid=us6000qzgu&format=geojson","felt":null,"cdi":null,"mmi":null,"alert":null,"status":"reviewed","tsunami":0,"sig":326,"net":"us","code":"6000qzgu","ids":",us6000qzgu,","sources":",us,","types":",origin,phase-data,","nst":79,"dmin":4.839,"rms":0.82,"gap":58,"magType":"mb","type":"earthquake","title":"M 4.6 - 80 km S of Mawlaik, Burma (Myanmar)"},"geometry":{"type":"Point","coordinates":[94.4797,22.9169,100.305]},"id":"us6000qzgu"},
{"type":"Feature","properties":{"mag":4.5,"place":"22 km SSE of Yamethin, Burma (Myanmar)","time":1754577059671,"updated":1761399631040,"tz":null,"url":"https://earthquake.usgs.gov/earthquakes/eventpage/us6000qyul","detail":"https://earthquake.usgs.gov/fdsnws/event/1/query?eventid=us6000qyul&format=geojson","felt":null,"cdi":null,"mmi":null,"alert":null,"status":"reviewed","tsunami":0,"sig":312,"net":"us","code":"6000qyul","ids":",us6000qyul,","sources":",us,","types":",origin,phase-data,","nst":38,"dmin":1.541,"rms":0.84,"gap":151,"magType":"mb","type":"earthquake","title":"M 4.5 - 22 km SSE of Yamethin, Burma (Myanmar)"},"geometry":{"type":"Point","coordinates":[96.2024,20.2387,10]},"id":"us6000qyul"},
{"type":"Feature","properties":{"mag":4.2,"place":"250 km N of Bamboo Flat, India","time":1754343507704,"updated":1760741502040,"tz":null,"url":"https://earthquake.usgs.gov/earthquakes/eventpage/us7000qrdu","detail":"https://earthquake.usgs.gov/fdsnws/event/1/query?eventid=us7000qrdu&format=geojson","felt":null,"cdi":null,"mmi":null,"alert":null,"status":"reviewed","tsunami":0,"sig":271,"net":"us","code":"7000qrdu","ids":",us7000qrdu,","sources":",us,","types":",origin,phase-data,","nst":14,"dmin":6.585,"rms":0.53,"gap":214,"magType":"mb","type":"earthquake","title":"M 4.2 - 250 km N of Bamboo Flat, India"},"geometry":{"type":"Point","coordinates":[92.3481,13.9342,10]},"id":"us7000qrdu"},
{"type":"Feature","properties":{"mag":4.5,"place":"25 km E of Meiktila, Burma (Myanmar)","time":1754255564297,"updated":1760741502040,"tz":null,"url":"https://earthquake.usgs.gov/earthquakes/eventpage/us6000qxyb","detail":"https://earthquake.usgs.gov/fdsnws/event/1/query?eventid=us6000qxyb&format=geojson","felt":null,"cdi":null,"mmi":null,"alert":null,"status":"reviewed","tsunami":0,"sig":312,"net":"us","code":"6000qxyb","ids":",us6000qxyb,","sources":",us,","types":",origin,phase-data,","nst":60,"dmin":2.332,"rms":0.37,"gap":72,"magType":"mb","type":"earthquake","title":"M 4.5 - 25 km E of Meiktila, Burma (Myanmar)"},"geometry":{"type":"Point","coordinates":[96.0989,20.8614,10]},"id":"us6000qxyb"},
{"type":"Feature","properties":{"mag":4.7,"place":"59 km WNW of Monywa, Burma (Myanmar)","time":1753972006736,"updated":1760741502040,"tz":null,"url":"https://earthquake.usgs.gov/earthquakes/eventpage/us6000qwy4","detail":"https://earthquake.usgs.gov/fdsnws/event/1/query?eventid=us6000qwy4&format=geojson","felt":null,"cdi":null,"mmi":null,"alert":null,"status":"reviewed","tsunami":0,"sig":340,"net":"us","code":"6000qwy4","ids":",us6000qwy4,","sources":",us,","types":",origin,phase-data,","nst":90,"dmin":4.332,"rms":0.72,"gap":51,"magType":"mb","type":"earthquake","title":"M 4.7 - 59 km WNW of Monywa, Burma (Myanmar)"},"geometry":{"type":"Point","coordinates":[94.5958,22.304,108.963]},"id":"us6000qwy4"},
{"type":"Feature","properties":{"mag":4.4,"place":"23 km NE of Shwebo, Burma (Myanmar)","time":1753807780262,"updated":1760216253040,"tz":null,"url":"https://earthquake.usgs.gov/earthquakes/eventpage/us6000qw0f","detail":"https://earthquake.usgs.gov/fdsnws/event/1/query?eventid=us6000qw0f&format=geojson","felt":null,"cdi":null,"mmi":null,"alert":null,"status":"reviewed","tsunami":0,"sig":298,"net":"us","code":"6000qw0f","ids":",us6000qw0f,","sources":",us,","types":",origin,phase-data,","nst":63,"dmin":3.897,"rms":0.63,"gap":71,"magType":"mb","type":"earthquake","title":"M 4.4 - 23 km NE of Shwebo, Burma (Myanmar)"},"geometry":{"type":"Point","coordinates":[95.8746,22.7049,10]},"id":"us6000qw0f"},
{"type":"Feature","properties":{"mag":4.6,"place":"25 km NE of Shwebo, Burma (Myanmar)","time":1753803273152,"updated":1760216252040,"tz":null,"url":"https://earthquake.usgs.gov/earthquakes/eventpage/us6000qw02","detail":"https://earthquake.usgs.gov/fdsnws/event/1/query?eventid=us6000qw02&format=geojson","felt":null,"cdi":null,"mmi":null,"alert":null,"status":"reviewed","tsunami":0,"sig":326,"net":"us","code":"6000qw02","ids":",us6000qw02,","sources":",us,","types":",origin,phase-data,","nst":92,"dmin":3.891,"rms":0.72,"gap":78,"magType":"mb","type":"earthquake","title":"M 4.6 - 25 km NE of Shwebo, Burma (Myanmar)"},"geometry":{"type":"Point","coordinates":[95.897,22.7101,10]},"id":"us6000qw02"},
{"type":"Feature","properties":{"mag":4,"place":"28 km SW of Sagaing, Burma (Myanmar)","time":1753637466570,"updated":1760216268040,"tz":null,"url":"https://earthquake.usgs.gov/earthquakes/eventpage/us6000qz5b","detail":"https://earthquake.usgs.gov/fdsnws/event/1/query?eventid=us6000qz5b&format=geojson","felt":1,"cdi":4.1,"mmi":null,"alert":null,"status":"reviewed","tsunami":0,"sig":247,"net":"us","code":"6000qz5b","ids":",us6000qz5b,","sources":",us,","types":",dyfi,origin,phase-data,","nst":37,"dmin":4.431,"rms":0.53,"gap":108,"magType":"mb","type":"earthquake","title":"M 4.0 - 28 km SW of Sagaing, Burma (Myanmar)"},"geometry":{"type":"Point","coordinates":[95.7478,21.7329,10]},"id":"us6000qz5b"},
{"type":"Feature","properties":{"mag":4.1,"place":"34 km ENE of Shwebo, Burma (Myanmar)","time":1753593335764,"updated":1760216267040,"tz":null,"url":"https://earthquake.usgs.gov/earthquakes/eventpage/us6000qz4j","detail":"https://earthquake.usgs.gov/fdsnws/event/1/query?eventid=us6000qz4j&format=geojson","felt":null,"cdi":null,"mmi":null,"alert":null,"status":"reviewed","tsunami":0,"sig":259,"net":"us","code":"6000qz4j","ids":",us6000qz4j,","sources":",us,","types":",origin,phase-data,","nst":17,"dmin":3.866,"rms":0.64,"gap":161,"magType":"mb","type":"earthquake","title":"M 4.1 - 34 km ENE of Shwebo, Burma (Myanmar)"},"geometry":{"type":"Point","coordinates":[95.9849,22.7272,10]},"id":"us6000qz4j"},
{"type":"Feature","properties":{"mag":4.6,"place":"74 km SSE of Mawlaik, Burma (Myanmar)","time":1753358750988,"updated":1760216226040,"tz":null,"url":"https://earthquake.usgs.gov/earthquakes/eventpage/us6000qukz","detail":"https://earthquake.usgs.gov/fdsnws/event/1/query?eventid=us6000qukz&format=geojson","felt":null,"cdi":null,"mmi":null,"alert":null,"status":"reviewed","tsunami":0,"sig":326,"net":"us","code":"6000qukz","ids":",us6000qukz,","sources":",us,","types":",origin,phase-data,","nst":51,"dmin":4.771,"rms":0.71,"gap":128,"magType":"mb","type":"earthquake","title":"M 4.6 - 74 km SSE of Mawlaik, Burma (Myanmar)"},"geometry":{"type":"Point","coordinates":[94.7964,23.0801,140.77]},"id":"us6000qukz"},
{"type":"Feature","properties":{"mag":4.5,"place":"74 km SSE of Port Blair, India","time":1753120856801,"updated":1759516883040,"tz":null,"url":"https://earthquake.usgs.gov/earthquakes/eventpage/us6000qtz9","detail":"https://earthquake.usgs.gov/fdsnws/event/1/query?eventid=us6000qtz9&format=geojson","felt":null,"cdi":null,"mmi":null,"alert":null,"status":"reviewed","tsunami":0,"sig":312,"net":"us","code":"6000qtz9","ids":",us6000qtz9,","sources":",us,","types":",origin,phase-data,","nst":40,"dmin":0.659,"rms":0.94,"gap":69,"magType":"mb","type":"earthquake","title":"M 4.5 - 74 km SSE of Port Blair, India"},"geometry":{"type":"Point","coordinates":[93.0478,11.0639,92.727]},"id":"us6000qtz9"},
{"type":"Feature","properties":{"mag":5.1,"place":"28 km ENE of Shwebo, Burma (Myanmar)","time":1752831003349,"updated":1759516953040,"tz":null,"url":"https://earthquake.usgs.gov/earthquakes/eventpage/us7000qddu","detail":"https://earthquake.usgs.gov/fdsnws/event/1/query?eventid=us7000qddu&format=geojson","felt":4,"cdi":4.3,"mmi":6.768,"alert":"yellow","status":"reviewed","tsunami":0,"sig":652,"net":"us","code":"7000qddu","ids":",us7000qddu,usauto7000qddu,","sources":",us,usauto,","types":",dyfi,ground-failure,internal-moment-tensor,losspager,moment-tensor,origin,phase-data,shakemap,","nst":111,"dmin":1.749,"rms":0.83,"gap":58,"magType":"mww","type":"earthquake","title":"M 5.1 - 28 km ENE of Shwebo, Burma (Myanmar)"},"geometry":{"type":"Point","coordinates":[95.9569,22.6707,10]},"id":"us7000qddu"},
{"type":"Feature","properties":{"mag":4.2,"place":"245 km SSE of Port Blair, India","time":1752820314638,"updated":1759516901040,"tz":null,"url":"https://earthquake.usgs.gov/earthquakes/eventpage/us6000qwlu","detail":"https://earthquake.usgs.gov/fdsnws/event/1/query?eventid=us6000qwlu&format=geojson","felt":null,"cdi":null,"mmi":null,"alert":null,"status":"reviewed","tsunami":0,"sig":271,"net":"us","code":"6000qwlu","ids":",us6000qwlu,","sources":",us,","types":",origin,phase-data,","nst":32,"dmin":5.501,"rms":0.73,"gap":88,"magType":"mb","type":"earthquake","title":"M 4.2 - 245 km SSE of Port Blair, India"},"geometry":{"type":"Point","coordinates":[93.5098,9.5752,107.569]},"id":"us6000qwlu"},
{"type":"Feature","properties":{"mag":4.6,"place":"27 km S of Mawlaik, Burma (Myanmar)","time":1752738860651,"updated":1759516948040,"tz":null,"url":"https://earthquake.usgs.gov/earthquakes/eventpage/us7000qd63","detail":"https://earthquake.usgs.gov/fdsnws/event/1/query?eventid=us7000qd63&format=geojson","felt":null,"cdi":null,"mmi":null,"alert":null,"status":"reviewed","tsunami":0,"sig":326,"net":"us","code":"7000qd63","ids":",us7000qd63,","sources":",us,","types":",origin,phase-data,","nst":70,"dmin":2.23,"rms":0.49,"gap":71,"magType":"mb","type":"earthquake","title":"M 4.6 - 27 km S of Mawlaik, Burma (Myanmar)"},"geometry":{"type":"Point","coordinates":[94.3928,23.3928,93.83]},"id":"us7000qd63"},
{"type":"Feature","properties":{"mag":4.9,"place":"13 km NE of Mandalay, Burma (Myanmar)","time":1752613058194,"updated":1764364976534,"tz":null,"url":"https://earthquake.usgs.gov/earthquakes/eventpage/us7000qcvt","detail":"https://earthquake.usgs.gov/fdsnws/event/1/query?eventid=us7000qcvt&format=geojson","felt":8,"cdi":4.9,"mmi":null,"alert":null,"status":"reviewed","tsunami":0,"sig":373,"net":"us","code":"7000qcvt","ids":",us7000qcvt,","sources":",us,","types":",dyfi,earthquake-name,impact-text,origin,phase-data,","nst":104,"dmin":1.447,"rms":0.54,"gap":68,"magType":"mb","type":"earthquake","title":"M 4.9 - 13 km NE of Mandalay, Burma (Myanmar)"},"geometry":{"type":"Point","coordinates":[96.1641,22.0738,10]},"id":"us7000qcvt"},
{"type":"Feature","properties":{"mag":4.5,"place":"15 km WNW of K?ng Tung, Burma (Myanmar)","time":1752480396465,"updated":1764364280752,"tz":null,"url":"https://earthquake.usgs.gov/earthquakes/eventpage/us7000qck7","detail":"https://earthquake.usgs.gov/fdsnws/event/1/query?eventid=us7000qck7&format=geojson","felt":3,"cdi":2,"mmi":null,"alert":null,"status":"reviewed","tsunami":0,"sig":312,"net":"us","code":"7000qck7","ids":",us7000qck7,","sources":",us,","types":",dyfi,earthquake-name,origin,phase-data,","nst":69,"dmin":1.531,"rms":0.52,"gap":68,"magType":"mb","type":"earthquake","title":"M 4.5 - 15 km WNW of K?ng Tung, Burma (Myanmar)"},"geometry":{"type":"Point","coordinates":[99.7826,21.6642,10]},"id":"us7000qck7"},
{"type":"Feature","properties":{"mag":4.2,"place":"12 km W of K?ng Tung, Burma (Myanmar)","time":1752451282311,"updated":1764364186174,"tz":null,"url":"https://earthquake.usgs.gov/earthquakes/eventpage/us7000qchi","detail":"https://earthquake.usgs.gov/fdsnws/event/1/query?eventid=us7000qchi&format=geojson","felt":null,"cdi":null,"mmi":null,"alert":null,"status":"reviewed","tsunami":0,"sig":271,"net":"us","code":"7000qchi","ids":",us7000qchi,","sources":",us,","types":",earthquake-name,origin,phase-data,","nst":18,"dmin":1.49,"rms":0.73,"gap":121,"magType":"mb","type":"earthquake","title":"M 4.2 - 12 km W of K?ng Tung, Burma (Myanmar)"},"geometry":{"type":"Point","coordinates":[99.806,21.6279,10]},"id":"us7000qchi"},
{"type":"Feature","properties":{"mag":4.3,"place":"31 km NE of Shwebo, Burma (Myanmar)","time":1752440640432,"updated":1764364094426,"tz":null,"url":"https://earthquake.usgs.gov/earthquakes/eventpage/us7000qch0","detail":"https://earthquake.usgs.gov/fdsnws/event/1/query?eventid=us7000qch0&format=geojson","felt":null,"cdi":null,"mmi":null,"alert":null,"status":"reviewed","tsunami":0,"sig":284,"net":"us","code":"7000qch0","ids":",us7000qch0,","sources":",us,","types":",earthquake-name,origin,phase-data,","nst":44,"dmin":1.813,"rms":0.68,"gap":79,"magType":"mb","type":"earthquake","title":"M 4.3 - 31 km NE of Shwebo, Burma (Myanmar)"},"geometry":{"type":"Point","coordinates":[95.9256,22.7652,10]},"id":"us7000qch0"},
{"type":"Feature","properties":{"mag":4.4,"place":"84 km NNE of Taunggyi, Burma (Myanmar)","time":1752233353722,"updated":1764363065909,"tz":null,"url":"https://earthquake.usgs.gov/earthquakes/eventpage/us6000quf5","detail":"https://earthquake.usgs.gov/fdsnws/event/1/query?eventid=us6000quf5&format=geojson","felt":null,"cdi":null,"mmi":null,"alert":null,"status":"reviewed","tsunami":0,"sig":298,"net":"us","code":"6000quf5","ids":",us6000quf5,","sources":",us,","types":",earthquake-name,origin,phase-data,","nst":37,"dmin":2.24,"rms":0.71,"gap":109,"magType":"mb","type":"earthquake","title":"M 4.4 - 84 km NNE of Taunggyi, Burma (Myanmar)"},"geometry":{"type":"Point","coordinates":[97.2973,21.5117,10]},"id":"us6000quf5"},
{"type":"Feature","properties":{"mag":4.3,"place":"90 km E of Phek, India","time":1752193567414,"updated":1764362781190,"tz":null,"url":"https://earthquake.usgs.gov/earthquakes/eventpage/us7000qby2","detail":"https://earthquake.usgs.gov/fdsnws/event/1/query?eventid=us7000qby2&format=geojson","felt":null,"cdi":null,"mmi":null,"alert":null,"status":"reviewed","tsunami":0,"sig":284,"net":"us","code":"7000qby2","ids":",us7000qby2,","sources":",us,","types":",earthquake-name,origin,phase-data,","nst":35,"dmin":4.333,"rms":0.68,"gap":112,"magType":"mb","type":"earthquake","title":"M 4.3 - 90 km E of Phek, India"},"geometry":{"type":"Point","coordinates":[95.3851,25.5376,121.537]},"id":"us7000qby2"},
{"type":"Feature","properties":{"mag":4.2,"place":"31 km WSW of Bokākhāt, India","time":1751946734019,"updated":1757694191040,"tz":null,"url":"https://earthquake.usgs.gov/earthquakes/eventpage/us7000qba0","detail":"https://earthquake.usgs.gov/fdsnws/event/1/query?eventid=us7000qba0&format=geojson","felt":null,"cdi":null,"mmi":null,"alert":null,"status":"reviewed","tsunami":0,"sig":271,"net":"us","code":"7000qba0","ids":",us7000qba0,","sources":",us,","types":",origin,phase-data,","nst":40,"dmin":3.649,"rms":1.2,"gap":94,"magType":"mb","type":"earthquake","title":"M 4.2 - 31 km WSW of Bokākhāt, India"},"geometry":{"type":"Point","coordinates":[93.2884,26.5812,10]},"id":"us7000qba0"},
{"type":"Feature","properties":{"mag":4.4,"place":"82 km E of Wāngjing, India","time":1751865021865,"updated":1757694190040,"tz":null,"url":"https://earthquake.usgs.gov/earthquakes/eventpage/us7000qb38","detail":"https://earthquake.usgs.gov/fdsnws/event/1/query?eventid=us7000qb38&format=geojson","felt":null,"cdi":null,"mmi":null,"alert":null,"status":"reviewed","tsunami":0,"sig":298,"net":"us","code":"7000qb38","ids":",us7000qb38,","sources":",us,","types":",origin,phase-data,","nst":53,"dmin":3.406,"rms":0.76,"gap":126,"magType":"mb","type":"earthquake","title":"M 4.4 - 82 km E of Wāngjing, India"},"geometry":{"type":"Point","coordinates":[94.8742,24.6278,109.15]},"id":"us7000qb38"},
{"type":"Feature","properties":{"mag":4.4,"place":"34 km SW of Sagaing, Burma (Myanmar)","time":1751503238274,"updated":1757694185040,"tz":null,"url":"https://earthquake.usgs.gov/earthquakes/eventpage/us7000qac1","detail":"https://earthquake.usgs.gov/fdsnws/event/1/query?eventid=us7000qac1&format=geojson","felt":null,"cdi":null,"mmi":null,"alert":null,"status":"reviewed","tsunami":0,"sig":298,"net":"us","code":"7000qac1","ids":",us7000qac1,","sources":",us,","types":",origin,phase-data,","nst":38,"dmin":3.587,"rms":1.1,"gap":89,"magType":"mb","type":"earthquake","title":"M 4.4 - 34 km SW of Sagaing, Burma (Myanmar)"},"geometry":{"type":"Point","coordinates":[95.7576,21.6431,10]},"id":"us7000qac1"},
{"type":"Feature","properties":{"mag":4.5,"place":"86 km ENE of Hayuliang, India","time":1751405355203,"updated":1757018407040,"tz":null,"url":"https://earthquake.usgs.gov/earthquakes/eventpage/us7000qc28","detail":"https://earthquake.usgs.gov/fdsnws/event/1/query?eventid=us7000qc28&format=geojson","felt":null,"cdi":null,"mmi":null,"alert":null,"status":"reviewed","tsunami":0,"sig":312,"net":"us","code":"7000qc28","ids":",us7000qc28,","sources":",us,","types":",origin,phase-data,","nst":21,"dmin":9.265,"rms":0.45,"gap":137,"magType":"mb","type":"earthquake","title":"M 4.5 - 86 km ENE of Hayuliang, India"},"geometry":{"type":"Point","coordinates":[97.3521,28.3833,10]},"id":"us7000qc28"},
{"type":"Feature","properties":{"mag":4,"place":"45 km W of Mogok, Burma (Myanmar)","time":1751393952132,"updated":1757018404040,"tz":null,"url":"https://earthquake.usgs.gov/earthquakes/eventpage/us7000qa1f","detail":"https://earthquake.usgs.gov/fdsnws/event/1/query?eventid=us7000qa1f&format=geojson","felt":null,"cdi":null,"mmi":null,"alert":null,"status":"reviewed","tsunami":0,"sig":246,"net":"us","code":"7000qa1f","ids":",us7000qa1f,","sources":",us,","types":",origin,phase-data,","nst":25,"dmin":3.662,"rms":0.85,"gap":110,"magType":"mb","type":"earthquake","title":"M 4.0 - 45 km W of Mogok, Burma (Myanmar)"},"geometry":{"type":"Point","coordinates":[96.0654,22.9464,10]},"id":"us7000qa1f"},
{"type":"Feature","properties":{"mag":4.2,"place":"134 km SE of Phek, India","time":1751337857016,"updated":1757018407040,"tz":null,"url":"https://earthquake.usgs.gov/earthquakes/eventpage/us7000qc1g","detail":"https://earthquake.usgs.gov/fdsnws/event/1/query?eventid=us7000qc1g&format=geojson","felt":null,"cdi":null,"mmi":null,"alert":null,"status":"reviewed","tsunami":0,"sig":271,"net":"us","code":"7000qc1g","ids":",us7000qc1g,","sources":",us,","types":",origin,phase-data,","nst":41,"dmin":3.655,"rms":0.55,"gap":109,"magType":"mb","type":"earthquake","title":"M 4.2 - 134 km SE of Phek, India"},"geometry":{"type":"Point","coordinates":[95.4771,24.8414,163.794]},"id":"us7000qc1g"},
{"type":"Feature","properties":{"mag":4.5,"place":"272 km SSE of Port Blair, India","time":1751325755152,"updated":1757018407040,"tz":null,"url":"https://earthquake.usgs.gov/earthquakes/eventpage/us7000qbvc","detail":"https://earthquake.usgs.gov/fdsnws/event/1/query?eventid=us7000qbvc&format=geojson","felt":null,"cdi":null,"mmi":null,"alert":null,"status":"reviewed","tsunami":0,"sig":312,"net":"us","code":"7000qbvc","ids":",us7000qbvc,","sources":",us,","types":",origin,phase-data,","nst":27,"dmin":5.602,"rms":0.78,"gap":135,"magType":"mb","type":"earthquake","title":"M 4.5 - 272 km SSE of Port Blair, India"},"geometry":{"type":"Point","coordinates":[94.0096,9.5382,10]},"id":"us7000qbvc"},
{"type":"Feature","properties":{"mag":5.1,"place":"265 km SSE of Port Blair, India","time":1751036292410,"updated":1757018400040,"tz":null,"url":"https://earthquake.usgs.gov/earthquakes/eventpage/us7000q938","detail":"https://earthquake.usgs.gov/fdsnws/event/1/query?eventid=us7000q938&format=geojson","felt":null,"cdi":null,"mmi":null,"alert":null,"status":"reviewed","tsunami":0,"sig":400,"net":"us","code":"7000q938","ids":",usauto7000q938,us7000q938,","sources":",usauto,us,","types":",internal-moment-tensor,origin,phase-data,","nst":103,"dmin":5.264,"rms":1.17,"gap":36,"magType":"mww","type":"earthquake","title":"M 5.1 - 265 km SSE of Port Blair, India"},"geometry":{"type":"Point","coordinates":[93.8546,9.5357,10]},"id":"us7000q938"},
{"type":"Feature","properties":{"mag":4.3,"place":"8 km E of Shwebo, Burma (Myanmar)","time":1750836705139,"updated":1757018398040,"tz":null,"url":"https://earthquake.usgs.gov/earthquakes/eventpage/us7000q8ml","detail":"https://earthquake.usgs.gov/fdsnws/event/1/query?eventid=us7000q8ml&format=geojson","felt":null,"cdi":null,"mmi":null,"alert":null,"status":"reviewed","tsunami":0,"sig":284,"net":"us","code":"7000q8ml","ids":",us7000q8ml,","sources":",us,","types":",origin,phase-data,","nst":28,"dmin":1.587,"rms":0.73,"gap":102,"magType":"mb","type":"earthquake","title":"M 4.3 - 8 km E of Shwebo, Burma (Myanmar)"},"geometry":{"type":"Point","coordinates":[95.7825,22.58,10]},"id":"us7000q8ml"},
{"type":"Feature","properties":{"mag":4.4,"place":"279 km SE of Port Blair, India","time":1750835286981,"updated":1757018404040,"tz":null,"url":"https://earthquake.usgs.gov/earthquakes/eventpage/us7000qb11","detail":"https://earthquake.usgs.gov/fdsnws/event/1/query?eventid=us7000qb11&format=geojson","felt":null,"cdi":null,"mmi":null,"alert":null,"status":"reviewed","tsunami":0,"sig":298,"net":"us","code":"7000qb11","ids":",us7000qb11,","sources":",us,","types":",origin,phase-data,","nst":15,"dmin":5.419,"rms":1.09,"gap":134,"magType":"mb","type":"earthquake","title":"M 4.4 - 279 km SE of Port Blair, India"},"geometry":{"type":"Point","coordinates":[94.207,9.5898,10]},"id":"us7000qb11"},
{"type":"Feature","properties":{"mag":4.8,"place":"275 km SSE of Port Blair, India","time":1750809101383,"updated":1756848224040,"tz":null,"url":"https://earthquake.usgs.gov/earthquakes/eventpage/us7000q8kt","detail":"https://earthquake.usgs.gov/fdsnws/event/1/query?eventid=us7000q8kt&format=geojson","felt":null,"cdi":null,"mmi":null,"alert":null,"status":"reviewed","tsunami":0,"sig":354,"net":"us","code":"7000q8kt","ids":",us7000q8kt,","sources":",us,","types":",origin,phase-data,","nst":106,"dmin":5.158,"rms":0.62,"gap":62,"magType":"mb","type":"earthquake","title":"M 4.8 - 275 km SSE of Port Blair, India"},"geometry":{"type":"Point","coordinates":[94.0004,9.5066,10]},"id":"us7000q8kt"},
{"type":"Feature","properties":{"mag":4.2,"place":"279 km SSE of Port Blair, India","time":1750791748626,"updated":1756848227040,"tz":null,"url":"https://earthquake.usgs.gov/earthquakes/eventpage/us7000qawv","detail":"https://earthquake.usgs.gov/fdsnws/event/1/query?eventid=us7000qawv&format=geojson","felt":null,"cdi":null,"mmi":null,"alert":null,"status":"reviewed","tsunami":0,"sig":271,"net":"us","code":"7000qawv","ids":",us7000qawv,","sources":",us,","types":",origin,phase-data,","nst":12,"dmin":5.49,"rms":0.76,"gap":184,"magType":"mb","type":"earthquake","title":"M 4.2 - 279 km SSE of Port Blair, India"},"geometry":{"type":"Point","coordinates":[94.1242,9.5367,10]},"id":"us7000qawv"},
{"type":"Feature","properties":{"mag":4.6,"place":"275 km SSE of Port Blair, India","time":1750773016539,"updated":1756848223040,"tz":null,"url":"https://earthquake.usgs.gov/earthquakes/eventpage/us7000q8fp","detail":"https://earthquake.usgs.gov/fdsnws/event/1/query?eventid=us7000q8fp&format=geojson","felt":null,"cdi":null,"mmi":null,"alert":null,"status":"reviewed","tsunami":0,"sig":326,"net":"us","code":"7000q8fp","ids":",us7000q8fp,","sources":",us,","types":",origin,phase-data,","nst":68,"dmin":5.603,"rms":0.67,"gap":88,"magType":"mb","type":"earthquake","title":"M 4.6 - 275 km SSE of Port Blair, India"},"geometry":{"type":"Point","coordinates":[94.0036,9.5091,10]},"id":"us7000q8fp"},
{"type":"Feature","properties":{"mag":4.6,"place":"259 km SSE of Port Blair, India","time":1750767803875,"updated":1756848227040,"tz":null,"url":"https://earthquake.usgs.gov/earthquakes/eventpage/us7000qax4","detail":"https://earthquake.usgs.gov/fdsnws/event/1/query?eventid=us7000qax4&format=geojson","felt":null,"cdi":null,"mmi":null,"alert":null,"status":"reviewed","tsunami":0,"sig":326,"net":"us","code":"7000qax4","ids":",us7000qax4,","sources":",us,","types":",origin,phase-data,","nst":57,"dmin":5.331,"rms":0.63,"gap":94,"magType":"mb","type":"earthquake","title":"M 4.6 - 259 km SSE of Port Blair, India"},"geometry":{"type":"Point","coordinates":[93.7405,9.5365,10]},"id":"us7000qax4"},
{"type":"Feature","properties":{"mag":4.5,"place":"248 km SSE of Port Blair, India","time":1750759424892,"updated":1756848227040,"tz":null,"url":"https://earthquake.usgs.gov/earthquakes/eventpage/us7000qawb","detail":"https://earthquake.usgs.gov/fdsnws/event/1/query?eventid=us7000qawb&format=geojson","felt":null,"cdi":null,"mmi":null,"alert":null,"status":"reviewed","tsunami":0,"sig":312,"net":"us","code":"7000qawb","ids":",us7000qawb,","sources":",us,","types":",origin,phase-data,","nst":31,"dmin":6.177,"rms":0.53,"gap":118,"magType":"mb","type":"earthquake","title":"M 4.5 - 248 km SSE of Port Blair, India"},"geometry":{"type":"Point","coordinates":[93.4167,9.5201,10]},"id":"us7000qawb"},
{"type":"Feature","properties":{"mag":4.1,"place":"248 km SSE of Port Blair, India","time":1750759196958,"updated":1756848227040,"tz":null,"url":"https://earthquake.usgs.gov/earthquakes/eventpage/us7000qawc","detail":"https://earthquake.usgs.gov/fdsnws/event/1/query?eventid=us7000qawc&format=geojson","felt":null,"cdi":null,"mmi":null,"alert":null,"status":"reviewed","tsunami":0,"sig":259,"net":"us","code":"7000qawc","ids":",us7000qawc,","sources":",us,","types":",origin,phase-data,","nst":16,"dmin":5.714,"rms":0.76,"gap":92,"magType":"mb","type":"earthquake","title":"M 4.1 - 248 km SSE of Port Blair, India"},"geometry":{"type":"Point","coordinates":[93.931,9.745,10]},"id":"us7000qawc"},
{"type":"Feature","properties":{"mag":4.4,"place":"261 km SSE of Port Blair, India","time":1750741715146,"updated":1756848227040,"tz":null,"url":"https://earthquake.usgs.gov/earthquakes/eventpage/us7000qaw3","detail":"https://earthquake.usgs.gov/fdsnws/event/1/query?eventid=us7000qaw3&format=geojson","felt":null,"cdi":null,"mmi":null,"alert":null,"status":"reviewed","tsunami":0,"sig":298,"net":"us","code":"7000qaw3","ids":",us7000qaw3,","sources":",us,","types":",origin,phase-data,","nst":21,"dmin":5.703,"rms":1.1,"gap":166,"magType":"mb","type":"earthquake","title":"M 4.4 - 261 km SSE of Port Blair, India"},"geometry":{"type":"Point","coordinates":[93.9175,9.6069,10]},"id":"us7000qaw3"},
{"type":"Feature","properties":{"mag":4.4,"place":"26 km SSW of Pyay, Burma (Myanmar)","time":1750636951835,"updated":1756848226040,"tz":null,"url":"https://earthquake.usgs.gov/earthquakes/eventpage/us7000qap6","detail":"https://earthquake.usgs.gov/fdsnws/event/1/query?eventid=us7000qap6&format=geojson","felt":null,"cdi":null,"mmi":null,"alert":null,"status":"reviewed","tsunami":0,"sig":298,"net":"us","code":"7000qap6","ids":",us7000qap6,","sources":",us,","types":",origin,phase-data,","nst":30,"dmin":2.025,"rms":0.44,"gap":83,"magType":"mb","type":"earthquake","title":"M 4.4 - 26 km SSW of Pyay, Burma (Myanmar)"},"geometry":{"type":"Point","coordinates":[95.0872,18.626,78.124]},"id":"us7000qap6"},
{"type":"Feature","properties":{"mag":4.6,"place":"28 km ENE of Mawlaik, Burma (Myanmar)","time":1750333810589,"updated":1756848225040,"tz":null,"url":"https://earthquake.usgs.gov/earthquakes/eventpage/us7000qa7z","detail":"https://earthquake.usgs.gov/fdsnws/event/1/query?eventid=us7000qa7z&format=geojson","felt":null,"cdi":null,"mmi":null,"alert":null,"status":"reviewed","tsunami":0,"sig":326,"net":"us","code":"7000qa7z","ids":",us7000qa7z,","sources":",us,","types":",origin,phase-data,","nst":22,"dmin":2.554,"rms":0.56,"gap":135,"magType":"mb","type":"earthquake","title":"M 4.6 - 28 km ENE of Mawlaik, Burma (Myanmar)"},"geometry":{"type":"Point","coordinates":[94.6583,23.7607,109.653]},"id":"us7000qa7z"},
{"type":"Feature","properties":{"mag":4.8,"place":"124 km SE of Port Blair, India","time":1750065243334,"updated":1755894362040,"tz":null,"url":"https://earthquake.usgs.gov/earthquakes/eventpage/us6000qkjz","detail":"https://earthquake.usgs.gov/fdsnws/event/1/query?eventid=us6000qkjz&format=geojson","felt":null,"cdi":null,"mmi":null,"alert":null,"status":"reviewed","tsunami":0,"sig":354,"net":"us","code":"6000qkjz","ids":",us6000qkjz,","sources":",us,","types":",origin,phase-data,","nst":96,"dmin":1.112,"rms":0.88,"gap":64,"magType":"mb","type":"earthquake","title":"M 4.8 - 124 km SE of Port Blair, India"},"geometry":{"type":"Point","coordinates":[93.5681,10.8873,124.708]},"id":"us6000qkjz"},
{"type":"Feature","properties":{"mag":4.5,"place":"36 km SE of Mawlaik, Burma (Myanmar)","time":1749534663743,"updated":1755706139040,"tz":null,"url":"https://earthquake.usgs.gov/earthquakes/eventpage/us6000qjak","detail":"https://earthquake.usgs.gov/fdsnws/event/1/query?eventid=us6000qjak&format=geojson","felt":null,"cdi":null,"mmi":null,"alert":null,"status":"reviewed","tsunami":0,"sig":312,"net":"us","code":"6000qjak","ids":",us6000qjak,","sources":",us,","types":",origin,phase-data,","nst":57,"dmin":2.211,"rms":0.47,"gap":64,"magType":"mb","type":"earthquake","title":"M 4.5 - 36 km SE of Mawlaik, Burma (Myanmar)"},"geometry":{"type":"Point","coordinates":[94.6684,23.4149,105.73]},"id":"us6000qjak"},
{"type":"Feature","properties":{"mag":4.4,"place":"35 km ESE of Mawlaik, Burma (Myanmar)","time":1749533305324,"updated":1755706139040,"tz":null,"url":"https://earthquake.usgs.gov/earthquakes/eventpage/us6000qjah","detail":"https://earthquake.usgs.gov/fdsnws/event/1/query?eventid=us6000qjah&format=geojson","felt":null,"cdi":null,"mmi":null,"alert":null,"status":"reviewed","tsunami":0,"sig":298,"net":"us","code":"6000qjah","ids":",us6000qjah,","sources":",us,","types":",origin,phase-data,","nst":60,"dmin":2.267,"rms":0.62,"gap":67,"magType":"mb","type":"earthquake","title":"M 4.4 - 35 km ESE of Mawlaik, Burma (Myanmar)"},"geometry":{"type":"Point","coordinates":[94.7072,23.4757,102.184]},"id":"us6000qjah"},
{"type":"Feature","properties":{"mag":4.2,"place":"29 km N of Sarupathar, India","time":1749511874893,"updated":1755706139040,"tz":null,"url":"https://earthquake.usgs.gov/earthquakes/eventpage/us6000qj94","detail":"https://earthquake.usgs.gov/fdsnws/event/1/query?eventid=us6000qj94&format=geojson","felt":null,"cdi":null,"mmi":null,"alert":null,"status":"reviewed","tsunami":0,"sig":271,"net":"us","code":"6000qj94","ids":",us6000qj94,","sources":",us,","types":",origin,phase-data,","nst":27,"dmin":5.531,"rms":0.85,"gap":121,"magType":"mb","type":"earthquake","title":"M 4.2 - 29 km N of Sarupathar, India"},"geometry":{"type":"Point","coordinates":[96.8381,26.4733,10]},"id":"us6000qj94"},
{"type":"Feature","properties":{"mag":4.3,"place":"18 km SSW of Kyaukse, Burma (Myanmar)","time":1749502888020,"updated":1755706142040,"tz":null,"url":"https://earthquake.usgs.gov/earthquakes/eventpage/us7000q8gy","detail":"https://earthquake.usgs.gov/fdsnws/event/1/query?eventid=us7000q8gy&format=geojson","felt":null,"cdi":null,"mmi":null,"alert":null,"status":"reviewed","tsunami":0,"sig":284,"net":"us","code":"7000q8gy","ids":",us7000q8gy,","sources":",us,","types":",origin,phase-data,","nst":20,"dmin":1.108,"rms":0.49,"gap":112,"magType":"mb","type":"earthquake","title":"M 4.3 - 18 km SSW of Kyaukse, Burma (Myanmar)"},"geometry":{"type":"Point","coordinates":[96.0769,21.4488,10]},"id":"us7000q8gy"},
{"type":"Feature","properties":{"mag":4.9,"place":"68 km WSW of Pyay, Burma (Myanmar)","time":1749438885163,"updated":1755706139040,"tz":null,"url":"https://earthquake.usgs.gov/earthquakes/eventpage/us6000qj3e","detail":"https://earthquake.usgs.gov/fdsnws/event/1/query?eventid=us6000qj3e&format=geojson","felt":null,"cdi":null,"mmi":null,"alert":null,"status":"reviewed","tsunami":0,"sig":369,"net":"us","code":"6000qj3e","ids":",us6000qj3e,","sources":",us,","types":",origin,phase-data,","nst":134,"dmin":2.145,"rms":0.51,"gap":63,"magType":"mb","type":"earthquake","title":"M 4.9 - 68 km WSW of Pyay, Burma (Myanmar)"},"geometry":{"type":"Point","coordinates":[94.6762,18.4923,47.453]},"id":"us6000qj3e"},
{"type":"Feature","properties":{"mag":4.3,"place":"37 km NNW of Sarupathar, India","time":1749098714189,"updated":1755706135040,"tz":null,"url":"https://earthquake.usgs.gov/earthquakes/eventpage/us6000qi2j","detail":"https://earthquake.usgs.gov/fdsnws/event/1/query?eventid=us6000qi2j&format=geojson","felt":null,"cdi":null,"mmi":null,"alert":null,"status":"reviewed","tsunami":0,"sig":284,"net":"us","code":"6000qi2j","ids":",us6000qi2j,","sources":",us,","types":",origin,phase-data,","nst":65,"dmin":5.858,"rms":0.53,"gap":130,"magType":"mb","type":"earthquake","title":"M 4.3 - 37 km NNW of Sarupathar, India"},"geometry":{"type":"Point","coordinates":[96.7158,26.5336,109.239]},"id":"us6000qi2j"},
{"type":"Feature","properties":{"mag":5,"place":"21 km SSE of Jinhua, China","time":1749069115417,"updated":1755706135040,"tz":null,"url":"https://earthquake.usgs.gov/earthquakes/eventpage/us6000qhzg","detail":"https://earthquake.usgs.gov/fdsnws/event/1/query?eventid=us6000qhzg&format=geojson","felt":5,"cdi":3.8,"mmi":null,"alert":null,"status":"reviewed","tsunami":0,"sig":387,"net":"us","code":"6000qhzg","ids":",us6000qhzg,usauto6000qhzg,","sources":",us,usauto,","types":",dyfi,impact-text,internal-moment-tensor,origin,phase-data,","nst":89,"dmin":5.078,"rms":0.68,"gap":98,"magType":"mww","type":"earthquake","title":"M 5.0 - 21 km SSE of Jinhua, China"},"geometry":{"type":"Point","coordinates":[100.0201,26.3717,10]},"id":"us6000qhzg"},
{"type":"Feature","properties":{"mag":4.4,"place":"49 km SW of Kēng Tung, Burma (Myanmar)","time":1748957336970,"updated":1755381255040,"tz":null,"url":"https://earthquake.usgs.gov/earthquakes/eventpage/us6000qhnw","detail":"https://earthquake.usgs.gov/fdsnws/event/1/query?eventid=us6000qhnw&format=geojson","felt":null,"cdi":null,"mmi":null,"alert":null,"status":"reviewed","tsunami":0,"sig":298,"net":"us","code":"6000qhnw","ids":",us6000qhnw,","sources":",us,","types":",origin,phase-data,","nst":49,"dmin":0.057,"rms":0.46,"gap":87,"magType":"mb","type":"earthquake","title":"M 4.4 - 49 km SW of Kēng Tung, Burma (Myanmar)"},"geometry":{"type":"Point","coordinates":[99.6496,21.2716,12.1]},"id":"us6000qhnw"},
{"type":"Feature","properties":{"mag":4.2,"place":"43 km NNE of Chiang Mai, Thailand","time":1748848059126,"updated":1755381254040,"tz":null,"url":"https://earthquake.usgs.gov/earthquakes/eventpage/us6000qher","detail":"https://earthquake.usgs.gov/fdsnws/event/1/query?eventid=us6000qher&format=geojson","felt":5,"cdi":2.2,"mmi":null,"alert":null,"status":"reviewed","tsunami":0,"sig":272,"net":"us","code":"6000qher","ids":",us6000qher,","sources":",us,","types":",dyfi,origin,phase-data,","nst":15,"dmin":0.712,"rms":0.59,"gap":101,"magType":"mb","type":"earthquake","title":"M 4.2 - 43 km NNE of Chiang Mai, Thailand"},"geometry":{"type":"Point","coordinates":[99.1609,19.1428,10]},"id":"us6000qher"},
{"type":"Feature","properties":{"mag":4.1,"place":"55 km NE of Jinghong, China","time":1748764122031,"updated":1755381259040,"tz":null,"url":"https://earthquake.usgs.gov/earthquakes/eventpage/us6000qku6","detail":"https://earthquake.usgs.gov/fdsnws/event/1/query?eventid=us6000qku6&format=geojson","felt":null,"cdi":null,"mmi":null,"alert":null,"status":"reviewed","tsunami":0,"sig":259,"net":"us","code":"6000qku6","ids":",us6000qku6,","sources":",us,","types":",origin,phase-data,","nst":22,"dmin":1.775,"rms":0.93,"gap":83,"magType":"mb","type":"earthquake","title":"M 4.1 - 55 km NE of Jinghong, China"},"geometry":{"type":"Point","coordinates":[101.1732,22.283,10]},"id":"us6000qku6"},
{"type":"Feature","properties":{"mag":4.2,"place":"11 km N of Nyaungshwe, Burma (Myanmar)","time":1748591007675,"updated":1755381258040,"tz":null,"url":"https://earthquake.usgs.gov/earthquakes/eventpage/us6000qk3p","detail":"https://earthquake.usgs.gov/fdsnws/event/1/query?eventid=us6000qk3p&format=geojson","felt":null,"cdi":null,"mmi":null,"alert":null,"status":"reviewed","tsunami":0,"sig":271,"net":"us","code":"6000qk3p","ids":",us6000qk3p,","sources":",us,","types":",origin,phase-data,","nst":29,"dmin":1.931,"rms":0.67,"gap":122,"magType":"mb","type":"earthquake","title":"M 4.2 - 11 km N of Nyaungshwe, Burma (Myanmar)"},"geometry":{"type":"Point","coordinates":[96.9288,20.7633,10]},"id":"us6000qk3p"},
{"type":"Feature","properties":{"mag":4.3,"place":"66 km SE of Mawlaik, Burma (Myanmar)","time":1748476925485,"updated":1755381249040,"tz":null,"url":"https://earthquake.usgs.gov/earthquakes/eventpage/us6000qgji","detail":"https://earthquake.usgs.gov/fdsnws/event/1/query?eventid=us6000qgji&format=geojson","felt":null,"cdi":null,"mmi":null,"alert":null,"status":"reviewed","tsunami":0,"sig":284,"net":"us","code":"6000qgji","ids":",us6000qgji,","sources":",us,","types":",origin,phase-data,","nst":46,"dmin":1.944,"rms":0.49,"gap":123,"magType":"mb","type":"earthquake","title":"M 4.3 - 66 km SE of Mawlaik, Burma (Myanmar)"},"geometry":{"type":"Point","coordinates":[94.7931,23.1552,114.219]},"id":"us6000qgji"},
{"type":"Feature","properties":{"mag":4.2,"place":"47 km SE of Wāngjing, India","time":1748408033928,"updated":1755381257040,"tz":null,"url":"https://earthquake.usgs.gov/earthquakes/eventpage/us6000qju8","detail":"https://earthquake.usgs.gov/fdsnws/event/1/query?eventid=us6000qju8&format=geojson","felt":null,"cdi":null,"mmi":null,"alert":null,"status":"reviewed","tsunami":0,"sig":271,"net":"us","code":"6000qju8","ids":",us6000qju8,","sources":",us,","types":",origin,phase-data,","nst":25,"dmin":3.105,"rms":0.68,"gap":149,"magType":"mb","type":"earthquake","title":"M 4.2 - 47 km SE of Wāngjing, India"},"geometry":{"type":"Point","coordinates":[94.3996,24.2883,35]},"id":"us6000qju8"},
{"type":"Feature","properties":{"mag":5.1,"place":"8 km SE of Moirāng, India","time":1748377468119,"updated":1755098065040,"tz":null,"url":"https://earthquake.usgs.gov/earthquakes/eventpage/us6000qg9r","detail":"https://earthquake.usgs.gov/fdsnws/event/1/query?eventid=us6000qg9r&format=geojson","felt":47,"cdi":5,"mmi":null,"alert":null,"status":"reviewed","tsunami":0,"sig":424,"net":"us","code":"6000qg9r","ids":",us6000qg9r,usauto6000qg9r,","sources":",us,usauto,","types":",dyfi,internal-moment-tensor,origin,phase-data,","nst":111,"dmin":5.768,"rms":0.82,"gap":27,"magType":"mww","type":"earthquake","title":"M 5.1 - 8 km SE of Moirāng, India"},"geometry":{"type":"Point","coordinates":[93.8427,24.4467,49.996]},"id":"us6000qg9r"},
{"type":"Feature","properties":{"mag":4,"place":"23 km WSW of Pakokku, Burma (Myanmar)","time":1748362348373,"updated":1755098069040,"tz":null,"url":"https://earthquake.usgs.gov/earthquakes/eventpage/us6000qjnr","detail":"https://earthquake.usgs.gov/fdsnws/event/1/query?eventid=us6000qjnr&format=geojson","felt":null,"cdi":null,"mmi":null,"alert":null,"status":"reviewed","tsunami":0,"sig":246,"net":"us","code":"6000qjnr","ids":",us6000qjnr,","sources":",us,","types":",origin,phase-data,","nst":20,"dmin":4.526,"rms":0.44,"gap":79,"magType":"mb","type":"earthquake","title":"M 4.0 - 23 km WSW of Pakokku, Burma (Myanmar)"},"geometry":{"type":"Point","coordinates":[94.8814,21.2512,126.343]},"id":"us6000qjnr"},
{"type":"Feature","properties":{"mag":4.3,"place":"19 km SSE of Meiktila, Burma (Myanmar)","time":1748345076290,"updated":1755098069040,"tz":null,"url":"https://earthquake.usgs.gov/earthquakes/eventpage/us6000qjnc","detail":"https://earthquake.usgs.gov/fdsnws/event/1/query?eventid=us6000qjnc&format=geojson","felt":null,"cdi":null,"mmi":null,"alert":null,"status":"reviewed","tsunami":0,"sig":284,"net":"us","code":"6000qjnc","ids":",us6000qjnc,","sources":",us,","types":",origin,phase-data,","nst":26,"dmin":3.492,"rms":0.53,"gap":158,"magType":"mb","type":"earthquake","title":"M 4.3 - 19 km SSE of Meiktila, Burma (Myanmar)"},"geometry":{"type":"Point","coordinates":[95.9036,20.7067,10]},"id":"us6000qjnc"},
{"type":"Feature","properties":{"mag":4.1,"place":"44 km E of Shwebo, Burma (Myanmar)","time":1748297635884,"updated":1755098068040,"tz":null,"url":"https://earthquake.usgs.gov/earthquakes/eventpage/us6000qjkt","detail":"https://earthquake.usgs.gov/fdsnws/event/1/query?eventid=us6000qjkt&format=geojson","felt":null,"cdi":null,"mmi":null,"alert":null,"status":"reviewed","tsunami":0,"sig":259,"net":"us","code":"6000qjkt","ids":",us6000qjkt,","sources":",us,","types":",origin,phase-data,","nst":17,"dmin":3.481,"rms":0.68,"gap":165,"magType":"mb","type":"earthquake","title":"M 4.1 - 44 km E of Shwebo, Burma (Myanmar)"},"geometry":{"type":"Point","coordinates":[96.128,22.6313,10]},"id":"us6000qjkt"},
{"type":"Feature","properties":{"mag":4.1,"place":"89 km E of Falam, Burma (Myanmar)","time":1748026734833,"updated":1755098068040,"tz":null,"url":"https://earthquake.usgs.gov/earthquakes/eventpage/us6000qi7n","detail":"https://earthquake.usgs.gov/fdsnws/event/1/query?eventid=us6000qi7n&format=geojson","felt":null,"cdi":null,"mmi":null,"alert":null,"status":"reviewed","tsunami":0,"sig":259,"net":"us","code":"6000qi7n","ids":",us6000qi7n,","sources":",us,","types":",origin,phase-data,","nst":19,"dmin":1.6,"rms":0.39,"gap":148,"magType":"mb","type":"earthquake","title":"M 4.1 - 89 km E of Falam, Burma (Myanmar)"},"geometry":{"type":"Point","coordinates":[94.534,22.7737,105.853]},"id":"us6000qi7n"},
{"type":"Feature","properties":{"mag":3.4,"place":"21 km NNE of Meiktila, Burma (Myanmar)","time":1747828590125,"updated":1755098069040,"tz":null,"url":"https://earthquake.usgs.gov/earthquakes/eventpage/us7000q0j3","detail":"https://earthquake.usgs.gov/fdsnws/event/1/query?eventid=us7000q0j3&format=geojson","felt":1,"cdi":2,"mmi":null,"alert":null,"status":"reviewed","tsunami":0,"sig":178,"net":"us","code":"7000q0j3","ids":",us7000q0j3,","sources":",us,","types":",dyfi,impact-text,origin,phase-data,","nst":6,"dmin":0.978,"rms":0.43,"gap":166,"magType":"ml","type":"earthquake","title":"M 3.4 - 21 km NNE of Meiktila, Burma (Myanmar)"},"geometry":{"type":"Point","coordinates":[95.9515,21.0556,10]},"id":"us7000q0j3"},
{"type":"Feature","properties":{"mag":4.9,"place":"130 km SSE of Sittwe, Burma (Myanmar)","time":1747595721246,"updated":1753463179040,"tz":null,"url":"https://earthquake.usgs.gov/earthquakes/eventpage/us7000q025","detail":"https://earthquake.usgs.gov/fdsnws/event/1/query?eventid=us7000q025&format=geojson","felt":null,"cdi":null,"mmi":null,"alert":null,"status":"reviewed","tsunami":0,"sig":369,"net":"us","code":"7000q025","ids":",us7000q025,","sources":",us,","types":",origin,phase-data,","nst":116,"dmin":2.641,"rms":0.61,"gap":62,"magType":"mww","type":"earthquake","title":"M 4.9 - 130 km SSE of Sittwe, Burma (Myanmar)"},"geometry":{"type":"Point","coordinates":[93.3045,19.031,10]},"id":"us7000q025"},
{"type":"Feature","properties":{"mag":5.1,"place":"22 km SSW of Kyaukse, Burma (Myanmar)","time":1747497287188,"updated":1753463178040,"tz":null,"url":"https://earthquake.usgs.gov/earthquakes/eventpage/us7000pzv3","detail":"https://earthquake.usgs.gov/fdsnws/event/1/query?eventid=us7000pzv3&format=geojson","felt":7,"cdi":5.7,"mmi":null,"alert":null,"status":"reviewed","tsunami":0,"sig":404,"net":"us","code":"7000pzv3","ids":",us7000pzv3,usauto7000pzv3,","sources":",us,usauto,","types":",dyfi,impact-text,internal-moment-tensor,moment-tensor,origin,phase-data,","nst":241,"dmin":1.084,"rms":0.53,"gap":25,"magType":"mww","type":"earthquake","title":"M 5.1 - 22 km SSW of Kyaukse, Burma (Myanmar)"},"geometry":{"type":"Point","coordinates":[96.0564,21.4196,10]},"id":"us7000pzv3"},
{"type":"Feature","properties":{"mag":4.6,"place":"23 km WNW of Zhonghe, China","time":1747357208958,"updated":1753463176040,"tz":null,"url":"https://earthquake.usgs.gov/earthquakes/eventpage/us7000pzi1","detail":"https://earthquake.usgs.gov/fdsnws/event/1/query?eventid=us7000pzi1&format=geojson","felt":null,"cdi":null,"mmi":null,"alert":null,"status":"reviewed","tsunami":0,"sig":326,"net":"us","code":"7000pzi1","ids":",us7000pzi1,","sources":",us,","types":",origin,phase-data,","nst":55,"dmin":4.025,"rms":0.6,"gap":50,"magType":"mb","type":"earthquake","title":"M 4.6 - 23 km WNW of Zhonghe, China"},"geometry":{"type":"Point","coordinates":[98.1772,25.1128,10]},"id":"us7000pzi1"},
{"type":"Feature","properties":{"mag":4.4,"place":"84 km E of Wāngjing, India","time":1747218641591,"updated":1753463172040,"tz":null,"url":"https://earthquake.usgs.gov/earthquakes/eventpage/us6000qgly","detail":"https://earthquake.usgs.gov/fdsnws/event/1/query?eventid=us6000qgly&format=geojson","felt":null,"cdi":null,"mmi":null,"alert":null,"status":"reviewed","tsunami":0,"sig":298,"net":"us","code":"6000qgly","ids":",us6000qgly,","sources":",us,","types":",origin,phase-data,","nst":31,"dmin":3.451,"rms":0.6,"gap":124,"magType":"mb","type":"earthquake","title":"M 4.4 - 84 km E of Wāngjing, India"},"geometry":{"type":"Point","coordinates":[94.8973,24.6729,10]},"id":"us6000qgly"},
{"type":"Feature","properties":{"mag":4.5,"place":"15 km SE of Meiktila, Burma (Myanmar)","time":1746779850433,"updated":1753392612040,"tz":null,"url":"https://earthquake.usgs.gov/earthquakes/eventpage/us7000py69","detail":"https://earthquake.usgs.gov/fdsnws/event/1/query?eventid=us7000py69&format=geojson","felt":null,"cdi":null,"mmi":null,"alert":null,"status":"reviewed","tsunami":0,"sig":312,"net":"us","code":"7000py69","ids":",us7000py69,","sources":",us,","types":",origin,phase-data,","nst":46,"dmin":1.059,"rms":0.85,"gap":117,"magType":"mb","type":"earthquake","title":"M 4.5 - 15 km SE of Meiktila, Burma (Myanmar)"},"geometry":{"type":"Point","coordinates":[95.9487,20.7669,10]},"id":"us7000py69"},
{"type":"Feature","properties":{"mag":4.4,"place":"22 km NNE of Shwebo, Burma (Myanmar)","time":1746401595714,"updated":1752337845040,"tz":null,"url":"https://earthquake.usgs.gov/earthquakes/eventpage/us7000px5u","detail":"https://earthquake.usgs.gov/fdsnws/event/1/query?eventid=us7000px5u&format=geojson","felt":null,"cdi":null,"mmi":null,"alert":null,"status":"reviewed","tsunami":0,"sig":298,"net":"us","code":"7000px5u","ids":",us7000px5u,","sources":",us,","types":",origin,phase-data,","nst":31,"dmin":1.74,"rms":0.53,"gap":119,"magType":"mb","type":"earthquake","title":"M 4.4 - 22 km NNE of Shwebo, Burma (Myanmar)"},"geometry":{"type":"Point","coordinates":[95.787,22.7543,10]},"id":"us7000px5u"},
{"type":"Feature","properties":{"mag":4.2,"place":"46 km NNE of Shwebo, Burma (Myanmar)","time":1745916231090,"updated":1752248786040,"tz":null,"url":"https://earthquake.usgs.gov/earthquakes/eventpage/us7000pzd6","detail":"https://earthquake.usgs.gov/fdsnws/event/1/query?eventid=us7000pzd6&format=geojson","felt":null,"cdi":null,"mmi":null,"alert":null,"status":"reviewed","tsunami":0,"sig":271,"net":"us","code":"7000pzd6","ids":",us7000pzd6,","sources":",us,","types":",origin,phase-data,","nst":21,"dmin":1.95,"rms":1,"gap":102,"magType":"mb","type":"earthquake","title":"M 4.2 - 46 km NNE of Shwebo, Burma (Myanmar)"},"geometry":{"type":"Point","coordinates":[95.8068,22.9811,10]},"id":"us7000pzd6"},
{"type":"Feature","properties":{"mag":4.6,"place":"153 km N of Bamboo Flat, India","time":1745811565294,"updated":1752248782040,"tz":null,"url":"https://earthquake.usgs.gov/earthquakes/eventpage/us7000pvhl","detail":"https://earthquake.usgs.gov/fdsnws/event/1/query?eventid=us7000pvhl&format=geojson","felt":null,"cdi":null,"mmi":null,"alert":null,"status":"reviewed","tsunami":0,"sig":326,"net":"us","code":"7000pvhl","ids":",us7000pvhl,","sources":",us,","types":",origin,phase-data,","nst":73,"dmin":6.54,"rms":0.46,"gap":62,"magType":"mb","type":"earthquake","title":"M 4.6 - 153 km N of Bamboo Flat, India"},"geometry":{"type":"Point","coordinates":[92.5283,13.0733,10]},"id":"us7000pvhl"},
{"type":"Feature","properties":{"mag":4.5,"place":"43 km S of Nay Pyi Taw, Burma (Myanmar)","time":1745803679270,"updated":1752248782040,"tz":null,"url":"https://earthquake.usgs.gov/earthquakes/eventpage/us7000pvha","detail":"https://earthquake.usgs.gov/fdsnws/event/1/query?eventid=us7000pvha&format=geojson","felt":2,"cdi":2,"mmi":null,"alert":null,"status":"reviewed","tsunami":0,"sig":312,"net":"us","code":"7000pvha","ids":",us7000pvha,","sources":",us,","types":",dyfi,origin,phase-data,","nst":36,"dmin":1.645,"rms":0.56,"gap":165,"magType":"mb","type":"earthquake","title":"M 4.5 - 43 km S of Nay Pyi Taw, Burma (Myanmar)"},"geometry":{"type":"Point","coordinates":[96.1241,19.3557,10]},"id":"us7000pvha"},
{"type":"Feature","properties":{"mag":4.9,"place":"17 km SE of Jinhua, China","time":1745424541885,"updated":1752248779040,"tz":null,"url":"https://earthquake.usgs.gov/earthquakes/eventpage/us7000puj0","detail":"https://earthquake.usgs.gov/fdsnws/event/1/query?eventid=us7000puj0&format=geojson","felt":3,"cdi":2.7,"mmi":null,"alert":null,"status":"reviewed","tsunami":0,"sig":370,"net":"us","code":"7000puj0","ids":",us7000puj0,","sources":",us,","types":",dyfi,origin,phase-data,","nst":131,"dmin":5.123,"rms":0.69,"gap":56,"magType":"mb","type":"earthquake","title":"M 4.9 - 17 km SE of Jinhua, China"},"geometry":{"type":"Point","coordinates":[100.0261,26.4164,10]},"id":"us7000puj0"},
{"type":"Feature","properties":{"mag":4.1,"place":"1 km WNW of Yamethin, Burma (Myanmar)","time":1744999282215,"updated":1750984466040,"tz":null,"url":"https://earthquake.usgs.gov/earthquakes/eventpage/us6000q72i","detail":"https://earthquake.usgs.gov/fdsnws/event/1/query?eventid=us6000q72i&format=geojson","felt":null,"cdi":null,"mmi":null,"alert":null,"status":"reviewed","tsunami":0,"sig":259,"net":"us","code":"6000q72i","ids":",us6000q72i,","sources":",us,","types":",origin,phase-data,","nst":15,"dmin":0.912,"rms":0.49,"gap":148,"magType":"mb","type":"earthquake","title":"M 4.1 - 1 km WNW of Yamethin, Burma (Myanmar)"},"geometry":{"type":"Point","coordinates":[96.1272,20.4354,10]},"id":"us6000q72i"},
{"type":"Feature","properties":{"mag":4.2,"place":"44 km ENE of Shwebo, Burma (Myanmar)","time":1744925263108,"updated":1750984460040,"tz":null,"url":"https://earthquake.usgs.gov/earthquakes/eventpage/us6000q6w6","detail":"https://earthquake.usgs.gov/fdsnws/event/1/query?eventid=us6000q6w6&format=geojson","felt":null,"cdi":null,"mmi":null,"alert":null,"status":"reviewed","tsunami":0,"sig":271,"net":"us","code":"6000q6w6","ids":",us6000q6w6,","sources":",us,","types":",origin,phase-data,","nst":24,"dmin":1.829,"rms":0.42,"gap":87,"magType":"mb","type":"earthquake","title":"M 4.2 - 44 km ENE of Shwebo, Burma (Myanmar)"},"geometry":{"type":"Point","coordinates":[96.1235,22.6589,10]},"id":"us6000q6w6"},
{"type":"Feature","properties":{"mag":4.5,"place":"7 km NNE of Mandalay, Burma (Myanmar)","time":1744871554457,"updated":1750984457040,"tz":null,"url":"https://earthquake.usgs.gov/earthquakes/eventpage/us6000q6pf","detail":"https://earthquake.usgs.gov/fdsnws/event/1/query?eventid=us6000q6pf&format=geojson","felt":10,"cdi":5.4,"mmi":null,"alert":null,"status":"reviewed","tsunami":0,"sig":317,"net":"us","code":"6000q6pf","ids":",us6000q6pf,","sources":",us,","types":",dyfi,origin,phase-data,","nst":57,"dmin":1.385,"rms":0.45,"gap":67,"magType":"mb","type":"earthquake","title":"M 4.5 - 7 km NNE of Mandalay, Burma (Myanmar)"},"geometry":{"type":"Point","coordinates":[96.1069,22.0411,10]},"id":"us6000q6pf"},
{"type":"Feature","properties":{"mag":4.3,"place":"18 km ENE of Meiktila, Burma (Myanmar)","time":1744778783129,"updated":1750984495040,"tz":null,"url":"https://earthquake.usgs.gov/earthquakes/eventpage/us7000pw6m","detail":"https://earthquake.usgs.gov/fdsnws/event/1/query?eventid=us7000pw6m&format=geojson","felt":null,"cdi":null,"mmi":null,"alert":null,"status":"reviewed","tsunami":0,"sig":284,"net":"us","code":"7000pw6m","ids":",us7000pw6m,","sources":",us,","types":",origin,phase-data,","nst":18,"dmin":0.961,"rms":1.01,"gap":152,"magType":"mb","type":"earthquake","title":"M 4.3 - 18 km ENE of Meiktila, Burma (Myanmar)"},"geometry":{"type":"Point","coordinates":[96.0243,20.9483,10]},"id":"us7000pw6m"},
{"type":"Feature","properties":{"mag":4.7,"place":"20 km S of Taungdwingyi, Burma (Myanmar)","time":1744574549684,"updated":1749925602040,"tz":null,"url":"https://earthquake.usgs.gov/earthquakes/eventpage/us6000q5tq","detail":"https://earthquake.usgs.gov/fdsnws/event/1/query?eventid=us6000q5tq&format=geojson","felt":null,"cdi":null,"mmi":null,"alert":null,"status":"reviewed","tsunami":0,"sig":340,"net":"us","code":"6000q5tq","ids":",us6000q5tq,","sources":",us,","types":",moment-tensor,origin,phase-data,","nst":56,"dmin":1.495,"rms":0.67,"gap":51,"magType":"mwr","type":"earthquake","title":"M 4.7 - 20 km S of Taungdwingyi, Burma (Myanmar)"},"geometry":{"type":"Point","coordinates":[95.5327,19.82,6.764]},"id":"us6000q5tq"},
{"type":"Feature","properties":{"mag":5.3,"place":"41 km S of Kyaukse, Burma (Myanmar)","time":1744511097717,"updated":1749925597040,"tz":null,"url":"https://earthquake.usgs.gov/earthquakes/eventpage/us6000q5ps","detail":"https://earthquake.usgs.gov/fdsnws/event/1/query?eventid=us6000q5ps&format=geojson","felt":28,"cdi":8.3,"mmi":8.086,"alert":"orange","status":"reviewed","tsunami":0,"sig":1023,"net":"us","code":"6000q5ps","ids":",us6000q5ps,usauto6000q5ps,","sources":",us,usauto,","types":",dyfi,ground-failure,impact-text,internal-moment-tensor,losspager,moment-tensor,origin,phase-data,shakemap,","nst":104,"dmin":0.994,"rms":0.74,"gap":32,"magType":"mww","type":"earthquake","title":"M 5.3 - 41 km S of Kyaukse, Burma (Myanmar)"},"geometry":{"type":"Point","coordinates":[96.0897,21.2292,10]},"id":"us6000q5ps"},
{"type":"Feature","properties":{"mag":4.4,"place":"26 km N of Nay Pyi Taw, Burma (Myanmar)","time":1744381050020,"updated":1749925600040,"tz":null,"url":"https://earthquake.usgs.gov/earthquakes/eventpage/us6000q5e2","detail":"https://earthquake.usgs.gov/fdsnws/event/1/query?eventid=us6000q5e2&format=geojson","felt":null,"cdi":null,"mmi":null,"alert":null,"status":"reviewed","tsunami":0,"sig":298,"net":"us","code":"6000q5e2","ids":",us6000q5e2,","sources":",us,","types":",origin,phase-data,","nst":27,"dmin":1.183,"rms":1.02,"gap":171,"magType":"mb","type":"earthquake","title":"M 4.4 - 26 km N of Nay Pyi Taw, Burma (Myanmar)"},"geometry":{"type":"Point","coordinates":[96.0895,19.9801,10]},"id":"us6000q5e2"},
{"type":"Feature","properties":{"mag":4.4,"place":"26 km ENE of Meiktila, Burma (Myanmar)","time":1744347536520,"updated":1749925605040,"tz":null,"url":"https://earthquake.usgs.gov/earthquakes/eventpage/us7000putd","detail":"https://earthquake.usgs.gov/fdsnws/event/1/query?eventid=us7000putd&format=geojson","felt":null,"cdi":null,"mmi":null,"alert":null,"status":"reviewed","tsunami":0,"sig":298,"net":"us","code":"7000putd","ids":",us7000putd,","sources":",us,","types":",origin,phase-data,","nst":28,"dmin":1.097,"rms":0.65,"gap":123,"magType":"mb","type":"earthquake","title":"M 4.4 - 26 km ENE of Meiktila, Burma (Myanmar)"},"geometry":{"type":"Point","coordinates":[96.0731,21.0117,10]},"id":"us7000putd"},
{"type":"Feature","properties":{"mag":4.7,"place":"20 km ENE of Meiktila, Burma (Myanmar)","time":1744345768671,"updated":1749925600040,"tz":null,"url":"https://earthquake.usgs.gov/earthquakes/eventpage/us6000q5b0","detail":"https://earthquake.usgs.gov/fdsnws/event/1/query?eventid=us6000q5b0&format=geojson","felt":2,"cdi":3.8,"mmi":null,"alert":null,"status":"reviewed","tsunami":0,"sig":341,"net":"us","code":"6000q5b0","ids":",us6000q5b0,","sources":",us,","types":",dyfi,origin,phase-data,","nst":57,"dmin":1.076,"rms":0.84,"gap":73,"magType":"mb","type":"earthquake","title":"M 4.7 - 20 km ENE of Meiktila, Burma (Myanmar)"},"geometry":{"type":"Point","coordinates":[96.0381,20.9582,10]},"id":"us6000q5b0"},
{"type":"Feature","properties":{"mag":4.4,"place":"17 km WNW of Taungoo, Burma (Myanmar)","time":1744338739883,"updated":1749925605040,"tz":null,"url":"https://earthquake.usgs.gov/earthquakes/eventpage/us7000pus6","detail":"https://earthquake.usgs.gov/fdsnws/event/1/query?eventid=us7000pus6&format=geojson","felt":null,"cdi":null,"mmi":null,"alert":null,"status":"reviewed","tsunami":0,"sig":298,"net":"us","code":"7000pus6","ids":",us7000pus6,","sources":",us,","types":",origin,phase-data,","nst":21,"dmin":2.538,"rms":0.96,"gap":149,"magType":"mb","type":"earthquake","title":"M 4.4 - 17 km WNW of Taungoo, Burma (Myanmar)"},"geometry":{"type":"Point","coordinates":[96.2808,19.004,10]},"id":"us7000pus6"},
{"type":"Feature","properties":{"mag":3.9,"place":"17 km S of Sagaing, Burma (Myanmar)","time":1744301878886,"updated":1749925600040,"tz":null,"url":"https://earthquake.usgs.gov/earthquakes/eventpage/us6000q575","detail":"https://earthquake.usgs.gov/fdsnws/event/1/query?eventid=us6000q575&format=geojson","felt":3,"cdi":4.3,"mmi":null,"alert":null,"status":"reviewed","tsunami":0,"sig":235,"net":"us","code":"6000q575","ids":",us6000q575,","sources":",us,","types":",dyfi,origin,phase-data,","nst":10,"dmin":1.088,"rms":1.16,"gap":117,"magType":"mb","type":"earthquake","title":"M 3.9 - 17 km S of Sagaing, Burma (Myanmar)"},"geometry":{"type":"Point","coordinates":[95.9475,21.7193,10]},"id":"us6000q575"},
{"type":"Feature","properties":{"mag":3.6,"place":"7 km NNE of Sagaing, Burma (Myanmar)","time":1744214358014,"updated":1749925598040,"tz":null,"url":"https://earthquake.usgs.gov/earthquakes/eventpage/us6000q4xc","detail":"https://earthquake.usgs.gov/fdsnws/event/1/query?eventid=us6000q4xc&format=geojson","felt":3,"cdi":2.4,"mmi":null,"alert":null,"status":"reviewed","tsunami":0,"sig":200,"net":"us","code":"6000q4xc","ids":",us6000q4xc,","sources":",us,","types":",dyfi,origin,phase-data,","nst":7,"dmin":1.253,"rms":0.24,"gap":226,"magType":"ml","type":"earthquake","title":"M 3.6 - 7 km NNE of Sagaing, Burma (Myanmar)"},"geometry":{"type":"Point","coordinates":[96.0058,21.9457,10]},"id":"us6000q4xc"},
{"type":"Feature","properties":{"mag":3.6,"place":"27 km SW of Kyaukse, Burma (Myanmar)","time":1744209617442,"updated":1749925598040,"tz":null,"url":"https://earthquake.usgs.gov/earthquakes/eventpage/us6000q4x4","detail":"https://earthquake.usgs.gov/fdsnws/event/1/query?eventid=us6000q4x4&format=geojson","felt":2,"cdi":3.6,"mmi":null,"alert":null,"status":"reviewed","tsunami":0,"sig":200,"net":"us","code":"6000q4x4","ids":",us6000q4x4,","sources":",us,","types":",dyfi,origin,phase-data,","nst":5,"dmin":0.979,"rms":0.36,"gap":195,"magType":"ml","type":"earthquake","title":"M 3.6 - 27 km SW of Kyaukse, Burma (Myanmar)"},"geometry":{"type":"Point","coordinates":[95.9352,21.4447,10]},"id":"us6000q4x4"},
{"type":"Feature","properties":{"mag":4.6,"place":"30 km NE of Shwebo, Burma (Myanmar)","time":1744185497271,"updated":1749925598040,"tz":null,"url":"https://earthquake.usgs.gov/earthquakes/eventpage/us6000q4vy","detail":"https://earthquake.usgs.gov/fdsnws/event/1/query?eventid=us6000q4vy&format=geojson","felt":null,"cdi":null,"mmi":null,"alert":null,"status":"reviewed","tsunami":0,"sig":326,"net":"us","code":"6000q4vy","ids":",us6000q4vy,","sources":",us,","types":",origin,phase-data,","nst":60,"dmin":1.809,"rms":0.59,"gap":97,"magType":"mb","type":"earthquake","title":"M 4.6 - 30 km NE of Shwebo, Burma (Myanmar)"},"geometry":{"type":"Point","coordinates":[95.8838,22.784,10]},"id":"us6000q4vy"},
{"type":"Feature","properties":{"mag":4.3,"place":"28 km ENE of Shwebo, Burma (Myanmar)","time":1744089541212,"updated":1749476329040,"tz":null,"url":"https://earthquake.usgs.gov/earthquakes/eventpage/us7000pu8u","detail":"https://earthquake.usgs.gov/fdsnws/event/1/query?eventid=us7000pu8u&format=geojson","felt":null,"cdi":null,"mmi":null,"alert":null,"status":"reviewed","tsunami":0,"sig":284,"net":"us","code":"7000pu8u","ids":",us7000pu8u,","sources":",us,","types":",origin,phase-data,","nst":45,"dmin":1.722,"rms":0.64,"gap":91,"magType":"mb","type":"earthquake","title":"M 4.3 - 28 km ENE of Shwebo, Burma (Myanmar)"},"geometry":{"type":"Point","coordinates":[95.963,22.6342,10]},"id":"us7000pu8u"},
{"type":"Feature","properties":{"mag":4.3,"place":"38 km NE of Meiktila, Burma (Myanmar)","time":1744062504098,"updated":1749476328040,"tz":null,"url":"https://earthquake.usgs.gov/earthquakes/eventpage/us6000q6tu","detail":"https://earthquake.usgs.gov/fdsnws/event/1/query?eventid=us6000q6tu&format=geojson","felt":null,"cdi":null,"mmi":null,"alert":null,"status":"reviewed","tsunami":0,"sig":284,"net":"us","code":"6000q6tu","ids":",us6000q6tu,","sources":",us,","types":",origin,phase-data,","nst":24,"dmin":0.873,"rms":0.45,"gap":96,"magType":"mb","type":"earthquake","title":"M 4.3 - 38 km NE of Meiktila, Burma (Myanmar)"},"geometry":{"type":"Point","coordinates":[96.1609,21.0805,10]},"id":"us6000q6tu"},
{"type":"Feature","properties":{"mag":4.6,"place":"9 km WSW of Kyaukse, Burma (Myanmar)","time":1743780324663,"updated":1749476320040,"tz":null,"url":"https://earthquake.usgs.gov/earthquakes/eventpage/us6000q3ye","detail":"https://earthquake.usgs.gov/fdsnws/event/1/query?eventid=us6000q3ye&format=geojson","felt":7,"cdi":4.2,"mmi":null,"alert":null,"status":"reviewed","tsunami":0,"sig":328,"net":"us","code":"6000q3ye","ids":",us6000q3ye,","sources":",us,","types":",dyfi,moment-tensor,origin,phase-data,","nst":115,"dmin":1.119,"rms":0.62,"gap":49,"magType":"mwr","type":"earthquake","title":"M 4.6 - 9 km WSW of Kyaukse, Burma (Myanmar)"},"geometry":{"type":"Point","coordinates":[96.0529,21.5705,10]},"id":"us6000q3ye"},
{"type":"Feature","properties":{"mag":3.5,"place":"6 km S of Mandalay, Burma (Myanmar)","time":1743635589295,"updated":1749476319040,"tz":null,"url":"https://earthquake.usgs.gov/earthquakes/eventpage/us6000q3nd","detail":"https://earthquake.usgs.gov/fdsnws/event/1/query?eventid=us6000q3nd&format=geojson","felt":2,"cdi":4.1,"mmi":null,"alert":null,"status":"reviewed","tsunami":0,"sig":189,"net":"us","code":"6000q3nd","ids":",us6000q3nd,","sources":",us,","types":",dyfi,origin,phase-data,","nst":8,"dmin":1.288,"rms":0.74,"gap":139,"magType":"ml","type":"earthquake","title":"M 3.5 - 6 km S of Mandalay, Burma (Myanmar)"},"geometry":{"type":"Point","coordinates":[96.0733,21.9162,10]},"id":"us6000q3nd"},
{"type":"Feature","properties":{"mag":4.9,"place":"85 km S of Pyapon, Burma (Myanmar)","time":1743611232366,"updated":1749476329040,"tz":null,"url":"https://earthquake.usgs.gov/earthquakes/eventpage/us7000ppgb","detail":"https://earthquake.usgs.gov/fdsnws/event/1/query?eventid=us7000ppgb&format=geojson","felt":6,"cdi":3.2,"mmi":null,"alert":null,"status":"reviewed","tsunami":0,"sig":371,"net":"us","code":"7000ppgb","ids":",us7000ppgb,usauto7000ppgb,","sources":",us,usauto,","types":",dyfi,internal-moment-tensor,moment-tensor,origin,phase-data,","nst":112,"dmin":4.307,"rms":0.68,"gap":64,"magType":"mww","type":"earthquake","title":"M 4.9 - 85 km S of Pyapon, Burma (Myanmar)"},"geometry":{"type":"Point","coordinates":[95.6376,15.5172,10]},"id":"us7000ppgb"},
{"type":"Feature","properties":{"mag":4.7,"place":"20 km E of Meiktila, Burma (Myanmar)","time":1743590705983,"updated":1749476329040,"tz":null,"url":"https://earthquake.usgs.gov/earthquakes/eventpage/us7000ppf6","detail":"https://earthquake.usgs.gov/fdsnws/event/1/query?eventid=us7000ppf6&format=geojson","felt":4,"cdi":4.1,"mmi":null,"alert":null,"status":"reviewed","tsunami":0,"sig":341,"net":"us","code":"7000ppf6","ids":",us7000ppf6,","sources":",us,","types":",dyfi,origin,phase-data,","nst":63,"dmin":0.925,"rms":0.46,"gap":72,"magType":"mb","type":"earthquake","title":"M 4.7 - 20 km E of Meiktila, Burma (Myanmar)"},"geometry":{"type":"Point","coordinates":[96.0561,20.9095,10]},"id":"us7000ppf6"},
{"type":"Feature","properties":{"mag":4.4,"place":"97 km NW of Mogok, Burma (Myanmar)","time":1743565630784,"updated":1749476325040,"tz":null,"url":"https://earthquake.usgs.gov/earthquakes/eventpage/us6000q5fg","detail":"https://earthquake.usgs.gov/fdsnws/event/1/query?eventid=us6000q5fg&format=geojson","felt":null,"cdi":null,"mmi":null,"alert":null,"status":"reviewed","tsunami":0,"sig":298,"net":"us","code":"6000q5fg","ids":",us6000q5fg,","sources":",us,","types":",origin,phase-data,","nst":37,"dmin":2.524,"rms":0.86,"gap":102,"magType":"mb","type":"earthquake","title":"M 4.4 - 97 km NW of Mogok, Burma (Myanmar)"},"geometry":{"type":"Point","coordinates":[95.8772,23.579,10]},"id":"us6000q5fg"},
{"type":"Feature","properties":{"mag":4.8,"place":"35 km N of Nay Pyi Taw, Burma (Myanmar)","time":1743521260823,"updated":1749244350040,"tz":null,"url":"https://earthquake.usgs.gov/earthquakes/eventpage/us7000pp91","detail":"https://earthquake.usgs.gov/fdsnws/event/1/query?eventid=us7000pp91&format=geojson","felt":3,"cdi":5,"mmi":null,"alert":null,"status":"reviewed","tsunami":0,"sig":356,"net":"us","code":"7000pp91","ids":",us7000pp91,","sources":",us,","types":",dyfi,origin,phase-data,","nst":123,"dmin":1.13,"rms":0.55,"gap":55,"magType":"mb","type":"earthquake","title":"M 4.8 - 35 km N of Nay Pyi Taw, Burma (Myanmar)"},"geometry":{"type":"Point","coordinates":[96.0923,20.0604,4.465]},"id":"us7000pp91"},
{"type":"Feature","properties":{"mag":4.7,"place":"15 km NW of Mandalay, Burma (Myanmar)","time":1743505307444,"updated":1749244349040,"tz":null,"url":"https://earthquake.usgs.gov/earthquakes/eventpage/us7000pp7z","detail":"https://earthquake.usgs.gov/fdsnws/event/1/query?eventid=us7000pp7z&format=geojson","felt":8,"cdi":4.1,"mmi":null,"alert":null,"status":"reviewed","tsunami":0,"sig":343,"net":"us","code":"7000pp7z","ids":",us7000pp7z,","sources":",us,","types":",dyfi,moment-tensor,origin,phase-data,","nst":115,"dmin":1.295,"rms":0.36,"gap":68,"magType":"mwr","type":"earthquake","title":"M 4.7 - 15 km NW of Mandalay, Burma (Myanmar)"},"geometry":{"type":"Point","coordinates":[95.9636,22.0634,10]},"id":"us7000pp7z"},
{"type":"Feature","properties":{"mag":4.2,"place":"9 km W of Mandalay, Burma (Myanmar)","time":1743448269828,"updated":1749244349040,"tz":null,"url":"https://earthquake.usgs.gov/earthquakes/eventpage/us7000pp3w","detail":"https://earthquake.usgs.gov/fdsnws/event/1/query?eventid=us7000pp3w&format=geojson","felt":2,"cdi":4.3,"mmi":null,"alert":null,"status":"reviewed","tsunami":0,"sig":272,"net":"us","code":"7000pp3w","ids":",us7000pp3w,","sources":",us,","types":",dyfi,impact-text,origin,phase-data,","nst":27,"dmin":1.268,"rms":0.78,"gap":91,"magType":"mb","type":"earthquake","title":"M 4.2 - 9 km W of Mandalay, Burma (Myanmar)"},"geometry":{"type":"Point","coordinates":[95.991,21.9886,10]},"id":"us7000pp3w"},
{"type":"Feature","properties":{"mag":4.2,"place":"9 km NW of Mandalay, Burma (Myanmar)","time":1743423141290,"updated":1749244343040,"tz":null,"url":"https://earthquake.usgs.gov/earthquakes/eventpage/us6000q565","detail":"https://earthquake.usgs.gov/fdsnws/event/1/query?eventid=us6000q565&format=geojson","felt":null,"cdi":null,"mmi":null,"alert":null,"status":"reviewed","tsunami":0,"sig":271,"net":"us","code":"6000q565","ids":",us6000q565,","sources":",us,","types":",origin,phase-data,","nst":23,"dmin":1.314,"rms":0.51,"gap":90,"magType":"mb","type":"earthquake","title":"M 4.2 - 9 km NW of Mandalay, Burma (Myanmar)"},"geometry":{"type":"Point","coordinates":[96.0154,22.0356,10]},"id":"us6000q565"},
{"type":"Feature","properties":{"mag":4.2,"place":"28 km S of Shwebo, Burma (Myanmar)","time":1743400061983,"updated":1749244342040,"tz":null,"url":"https://earthquake.usgs.gov/earthquakes/eventpage/us6000q55v","detail":"https://earthquake.usgs.gov/fdsnws/event/1/query?eventid=us6000q55v&format=geojson","felt":null,"cdi":null,"mmi":null,"alert":null,"status":"reviewed","tsunami":0,"sig":271,"net":"us","code":"6000q55v","ids":",us6000q55v,","sources":",us,","types":",origin,phase-data,","nst":29,"dmin":1.299,"rms":0.69,"gap":95,"magType":"mb","type":"earthquake","title":"M 4.2 - 28 km S of Shwebo, Burma (Myanmar)"},"geometry":{"type":"Point","coordinates":[95.656,22.313,10]},"id":"us6000q55v"},
{"type":"Feature","properties":{"mag":4.3,"place":"12 km NW of Mandalay, Burma (Myanmar)","time":1743398251336,"updated":1749244342040,"tz":null,"url":"https://earthquake.usgs.gov/earthquakes/eventpage/us6000q55u","detail":"https://earthquake.usgs.gov/fdsnws/event/1/query?eventid=us6000q55u&format=geojson","felt":null,"cdi":null,"mmi":null,"alert":null,"status":"reviewed","tsunami":0,"sig":284,"net":"us","code":"6000q55u","ids":",us6000q55u,","sources":",us,","types":",origin,phase-data,","nst":23,"dmin":1.309,"rms":0.43,"gap":87,"magType":"mb","type":"earthquake","title":"M 4.3 - 12 km NW of Mandalay, Burma (Myanmar)"},"geometry":{"type":"Point","coordinates":[95.9969,22.0479,10]},"id":"us6000q55u"},
{"type":"Feature","properties":{"mag":4.2,"place":"210 km SE of Port Blair, India","time":1743393241091,"updated":1749244343040,"tz":null,"url":"https://earthquake.usgs.gov/earthquakes/eventpage/us6000q56x","detail":"https://earthquake.usgs.gov/fdsnws/event/1/query?eventid=us6000q56x&format=geojson","felt":null,"cdi":null,"mmi":null,"alert":null,"status":"reviewed","tsunami":0,"sig":271,"net":"us","code":"6000q56x","ids":",us6000q56x,","sources":",us,","types":",origin,phase-data,","nst":19,"dmin":5.745,"rms":0.39,"gap":197,"magType":"mb","type":"earthquake","title":"M 4.2 - 210 km SE of Port Blair, India"},"geometry":{"type":"Point","coordinates":[94.02,10.2401,10]},"id":"us6000q56x"},
{"type":"Feature","properties":{"mag":4.1,"place":"17 km E of Shwebo, Burma (Myanmar)","time":1743355848042,"updated":1749244348040,"tz":null,"url":"https://earthquake.usgs.gov/earthquakes/eventpage/us7000pnwl","detail":"https://earthquake.usgs.gov/fdsnws/event/1/query?eventid=us7000pnwl&format=geojson","felt":null,"cdi":null,"mmi":null,"alert":null,"status":"reviewed","tsunami":0,"sig":259,"net":"us","code":"7000pnwl","ids":",us7000pnwl,","sources":",us,","types":",origin,phase-data,","nst":30,"dmin":2.082,"rms":0.78,"gap":150,"magType":"mb","type":"earthquake","title":"M 4.1 - 17 km E of Shwebo, Burma (Myanmar)"},"geometry":{"type":"Point","coordinates":[95.8682,22.5542,10]},"id":"us7000pnwl"},
{"type":"Feature","properties":{"mag":4.3,"place":"34 km E of Shwebo, Burma (Myanmar)","time":1743323878122,"updated":1749244348040,"tz":null,"url":"https://earthquake.usgs.gov/earthquakes/eventpage/us7000pnsw","detail":"https://earthquake.usgs.gov/fdsnws/event/1/query?eventid=us7000pnsw&format=geojson","felt":null,"cdi":null,"mmi":null,"alert":null,"status":"reviewed","tsunami":0,"sig":284,"net":"us","code":"7000pnsw","ids":",us7000pnsw,","sources":",us,","types":",origin,phase-data,","nst":32,"dmin":2.001,"rms":0.9,"gap":155,"magType":"mb","type":"earthquake","title":"M 4.3 - 34 km E of Shwebo, Burma (Myanmar)"},"geometry":{"type":"Point","coordinates":[96.0305,22.5469,10]},"id":"us7000pnsw"},
{"type":"Feature","properties":{"mag":4.6,"place":"31 km NNW of Mandalay, Burma (Myanmar)","time":1743318481128,"updated":1749244347040,"tz":null,"url":"https://earthquake.usgs.gov/earthquakes/eventpage/us7000pnsb","detail":"https://earthquake.usgs.gov/fdsnws/event/1/query?eventid=us7000pnsb&format=geojson","felt":8,"cdi":4.5,"mmi":null,"alert":null,"status":"reviewed","tsunami":0,"sig":329,"net":"us","code":"7000pnsb","ids":",us7000pnsb,","sources":",us,","types":",dyfi,moment-tensor,origin,phase-data,","nst":79,"dmin":1.771,"rms":0.66,"gap":69,"magType":"mwr","type":"earthquake","title":"M 4.6 - 31 km NNW of Mandalay, Burma (Myanmar)"},"geometry":{"type":"Point","coordinates":[95.9368,22.2219,10]},"id":"us7000pnsb"},
{"type":"Feature","properties":{"mag":4.1,"place":"15 km WNW of Mandalay, Burma (Myanmar)","time":1743315185377,"updated":1749244342040,"tz":null,"url":"https://earthquake.usgs.gov/earthquakes/eventpage/us6000q4xv","detail":"https://earthquake.usgs.gov/fdsnws/event/1/query?eventid=us6000q4xv&format=geojson","felt":null,"cdi":null,"mmi":null,"alert":null,"status":"reviewed","tsunami":0,"sig":259,"net":"us","code":"6000q4xv","ids":",us6000q4xv,","sources":",us,","types":",origin,phase-data,","nst":19,"dmin":1.603,"rms":0.68,"gap":167,"magType":"mb","type":"earthquake","title":"M 4.1 - 15 km WNW of Mandalay, Burma (Myanmar)"},"geometry":{"type":"Point","coordinates":[95.9429,22.0142,10]},"id":"us6000q4xv"},
{"type":"Feature","properties":{"mag":4.5,"place":"14 km W of Nay Pyi Taw, Burma (Myanmar)","time":1743293308693,"updated":1749244342040,"tz":null,"url":"https://earthquake.usgs.gov/earthquakes/eventpage/us6000q4xp","detail":"https://earthquake.usgs.gov/fdsnws/event/1/query?eventid=us6000q4xp&format=geojson","felt":null,"cdi":null,"mmi":null,"alert":null,"status":"reviewed","tsunami":0,"sig":312,"net":"us","code":"6000q4xp","ids":",us6000q4xp,","sources":",us,","types":",origin,phase-data,","nst":26,"dmin":1.407,"rms":1.17,"gap":122,"magType":"mb","type":"earthquake","title":"M 4.5 - 14 km W of Nay Pyi Taw, Burma (Myanmar)"},"geometry":{"type":"Point","coordinates":[95.994,19.7498,10]},"id":"us6000q4xp"},
{"type":"Feature","properties":{"mag":4.3,"place":"30 km ESE of Shwebo, Burma (Myanmar)","time":1743290854191,"updated":1749244347040,"tz":null,"url":"https://earthquake.usgs.gov/earthquakes/eventpage/us7000pnqp","detail":"https://earthquake.usgs.gov/fdsnws/event/1/query?eventid=us7000pnqp&format=geojson","felt":null,"cdi":null,"mmi":null,"alert":null,"status":"reviewed","tsunami":0,"sig":284,"net":"us","code":"7000pnqp","ids":",us7000pnqp,","sources":",us,","types":",origin,phase-data,","nst":35,"dmin":4.665,"rms":0.84,"gap":153,"magType":"mb","type":"earthquake","title":"M 4.3 - 30 km ESE of Shwebo, Burma (Myanmar)"},"geometry":{"type":"Point","coordinates":[95.9811,22.4771,10]},"id":"us7000pnqp"},
{"type":"Feature","properties":{"mag":5.1,"place":"8 km SW of Nay Pyi Taw, Burma (Myanmar)","time":1743240048229,"updated":1749244347040,"tz":null,"url":"https://earthquake.usgs.gov/earthquakes/eventpage/us7000pnkj","detail":"https://earthquake.usgs.gov/fdsnws/event/1/query?eventid=us7000pnkj&format=geojson","felt":11,"cdi":4.4,"mmi":null,"alert":null,"status":"reviewed","tsunami":0,"sig":405,"net":"us","code":"7000pnkj","ids":",us7000pnkj,","sources":",us,","types":",dyfi,origin,phase-data,","nst":84,"dmin":2.974,"rms":0.67,"gap":59,"magType":"mb","type":"earthquake","title":"M 5.1 - 8 km SW of Nay Pyi Taw, Burma (Myanmar)"},"geometry":{"type":"Point","coordinates":[96.0761,19.6858,10]},"id":"us7000pnkj"},
{"type":"Feature","properties":{"mag":4.4,"place":"101 km SSE of Hayuliang, India","time":1743229504470,"updated":1749244342040,"tz":null,"url":"https://earthquake.usgs.gov/earthquakes/eventpage/us6000q4rz","detail":"https://earthquake.usgs.gov/fdsnws/event/1/query?eventid=us6000q4rz&format=geojson","felt":null,"cdi":null,"mmi":null,"alert":null,"status":"reviewed","tsunami":0,"sig":298,"net":"us","code":"6000q4rz","ids":",us6000q4rz,","sources":",us,","types":",origin,phase-data,","nst":21,"dmin":5.696,"rms":0.77,"gap":137,"magType":"mb","type":"earthquake","title":"M 4.4 - 101 km SSE of Hayuliang, India"},"geometry":{"type":"Point","coordinates":[96.9662,27.2366,10]},"id":"us6000q4rz"},
{"type":"Feature","properties":{"mag":4.3,"place":"17 km NE of Meiktila, Burma (Myanmar)","time":1743229431147,"updated":1749244342040,"tz":null,"url":"https://earthquake.usgs.gov/earthquakes/eventpage/us6000q4s3","detail":"https://earthquake.usgs.gov/fdsnws/event/1/query?eventid=us6000q4s3&format=geojson","felt":null,"cdi":null,"mmi":null,"alert":null,"status":"reviewed","tsunami":0,"sig":284,"net":"us","code":"6000q4s3","ids":",us6000q4s3,","sources":",us,","types":",origin,phase-data,","nst":19,"dmin":3.737,"rms":0.42,"gap":170,"magType":"mb","type":"earthquake","title":"M 4.3 - 17 km NE of Meiktila, Burma (Myanmar)"},"geometry":{"type":"Point","coordinates":[95.9969,20.973,9.999]},"id":"us6000q4s3"},
{"type":"Feature","properties":{"mag":4.2,"place":"40 km ESE of Shwebo, Burma (Myanmar)","time":1743206693661,"updated":1749244342040,"tz":null,"url":"https://earthquake.usgs.gov/earthquakes/eventpage/us6000q4ru","detail":"https://earthquake.usgs.gov/fdsnws/event/1/query?eventid=us6000q4ru&format=geojson","felt":null,"cdi":null,"mmi":null,"alert":null,"status":"reviewed","tsunami":0,"sig":271,"net":"us","code":"6000q4ru","ids":",us6000q4ru,","sources":",us,","types":",origin,phase-data,","nst":26,"dmin":4.571,"rms":0.71,"gap":168,"magType":"mb","type":"earthquake","title":"M 4.2 - 40 km ESE of Shwebo, Burma (Myanmar)"},"geometry":{"type":"Point","coordinates":[96.0494,22.3954,10]},"id":"us6000q4ru"},
{"type":"Feature","properties":{"mag":4.1,"place":"15 km NNW of Sagaing, Burma (Myanmar)","time":1743192998893,"updated":1749244342040,"tz":null,"url":"https://earthquake.usgs.gov/earthquakes/eventpage/us6000q4ke","detail":"https://earthquake.usgs.gov/fdsnws/event/1/query?eventid=us6000q4ke&format=geojson","felt":null,"cdi":null,"mmi":null,"alert":null,"status":"reviewed","tsunami":0,"sig":259,"net":"us","code":"6000q4ke","ids":",us6000q4ke,","sources":",us,","types":",origin,phase-data,","nst":20,"dmin":4.531,"rms":0.69,"gap":167,"magType":"mb","type":"earthquake","title":"M 4.1 - 15 km NNW of Sagaing, Burma (Myanmar)"},"geometry":{"type":"Point","coordinates":[95.8997,21.9947,10]},"id":"us6000q4ke"},
{"type":"Feature","properties":{"mag":4.2,"place":"16 km SW of Sagaing, Burma (Myanmar)","time":1743189296727,"updated":1749244342040,"tz":null,"url":"https://earthquake.usgs.gov/earthquakes/eventpage/us6000q4kb","detail":"https://earthquake.usgs.gov/fdsnws/event/1/query?eventid=us6000q4kb&format=geojson","felt":null,"cdi":null,"mmi":null,"alert":null,"status":"reviewed","tsunami":0,"sig":271,"net":"us","code":"6000q4kb","ids":",us6000q4kb,","sources":",us,","types":",origin,phase-data,","nst":13,"dmin":4.359,"rms":0.48,"gap":194,"magType":"mb","type":"earthquake","title":"M 4.2 - 16 km SW of Sagaing, Burma (Myanmar)"},"geometry":{"type":"Point","coordinates":[95.8877,21.7546,10]},"id":"us6000q4kb"},
{"type":"Feature","properties":{"mag":4.2,"place":"10 km SSW of Sagaing, Burma (Myanmar)","time":1743186380385,"updated":1749244342040,"tz":null,"url":"https://earthquake.usgs.gov/earthquakes/eventpage/us6000q4k2","detail":"https://earthquake.usgs.gov/fdsnws/event/1/query?eventid=us6000q4k2&format=geojson","felt":null,"cdi":null,"mmi":null,"alert":null,"status":"reviewed","tsunami":0,"sig":271,"net":"us","code":"6000q4k2","ids":",us6000q4k2,","sources":",us,","types":",origin,phase-data,","nst":17,"dmin":4.339,"rms":0.49,"gap":164,"magType":"mb","type":"earthquake","title":"M 4.2 - 10 km SSW of Sagaing, Burma (Myanmar)"},"geometry":{"type":"Point","coordinates":[95.9561,21.784,10]},"id":"us6000q4k2"},
{"type":"Feature","properties":{"mag":4.5,"place":"20 km SW of Yamethin, Burma (Myanmar)","time":1743180380831,"updated":1749244346040,"tz":null,"url":"https://earthquake.usgs.gov/earthquakes/eventpage/us7000pne5","detail":"https://earthquake.usgs.gov/fdsnws/event/1/query?eventid=us7000pne5&format=geojson","felt":1,"cdi":4.6,"mmi":null,"alert":null,"status":"reviewed","tsunami":0,"sig":312,"net":"us","code":"7000pne5","ids":",us7000pne5,","sources":",us,","types":",dyfi,origin,phase-data,","nst":43,"dmin":3.298,"rms":1.04,"gap":150,"magType":"mb","type":"earthquake","title":"M 4.5 - 20 km SW of Yamethin, Burma (Myanmar)"},"geometry":{"type":"Point","coordinates":[96.0242,20.2803,10]},"id":"us7000pne5"},
{"type":"Feature","properties":{"mag":4.2,"place":"12 km WNW of Mandalay, Burma (Myanmar)","time":1743173359423,"updated":1749244347040,"tz":null,"url":"https://earthquake.usgs.gov/earthquakes/eventpage/us7000pnq3","detail":"https://earthquake.usgs.gov/fdsnws/event/1/query?eventid=us7000pnq3&format=geojson","felt":null,"cdi":null,"mmi":null,"alert":null,"status":"reviewed","tsunami":0,"sig":271,"net":"us","code":"7000pnq3","ids":",us7000pnq3,","sources":",us,","types":",origin,phase-data,","nst":21,"dmin":4.475,"rms":0.82,"gap":158,"magType":"mb","type":"earthquake","title":"M 4.2 - 12 km WNW of Mandalay, Burma (Myanmar)"},"geometry":{"type":"Point","coordinates":[95.9659,21.9984,10]},"id":"us7000pnq3"},
{"type":"Feature","properties":{"mag":4.6,"place":"15 km WNW of Mandalay, Burma (Myanmar)","time":1743164516504,"updated":1749244346040,"tz":null,"url":"https://earthquake.usgs.gov/earthquakes/eventpage/us7000pnc5","detail":"https://earthquake.usgs.gov/fdsnws/event/1/query?eventid=us7000pnc5&format=geojson","felt":null,"cdi":null,"mmi":null,"alert":null,"status":"reviewed","tsunami":0,"sig":326,"net":"us","code":"7000pnc5","ids":",us7000pnc5,","sources":",us,","types":",origin,phase-data,","nst":83,"dmin":4.508,"rms":0.56,"gap":64,"magType":"mb","type":"earthquake","title":"M 4.6 - 15 km WNW of Mandalay, Burma (Myanmar)"},"geometry":{"type":"Point","coordinates":[95.9466,22.0401,10]},"id":"us7000pnc5"},
{"type":"Feature","properties":{"mag":4.4,"place":"Burma","time":1743160612146,"updated":1749244346040,"tz":null,"url":"https://earthquake.usgs.gov/earthquakes/eventpage/us7000pnbt","detail":"https://earthquake.usgs.gov/fdsnws/event/1/query?eventid=us7000pnbt&format=geojson","felt":null,"cdi":null,"mmi":null,"alert":null,"status":"reviewed","tsunami":0,"sig":298,"net":"us","code":"7000pnbt","ids":",us7000pnbt,","sources":",us,","types":",earthquake-name,origin,phase-data,","nst":57,"dmin":4.886,"rms":0.78,"gap":158,"magType":"mb","type":"earthquake","title":"M 4.4 - Burma"},"geometry":{"type":"Point","coordinates":[95.739,22.5255,10]},"id":"us7000pnbt"},
{"type":"Feature","properties":{"mag":4.5,"place":"41 km S of Pyinmana, Burma (Myanmar)","time":1743155732962,"updated":1749244346040,"tz":null,"url":"https://earthquake.usgs.gov/earthquakes/eventpage/us7000pnfz","detail":"https://earthquake.usgs.gov/fdsnws/event/1/query?eventid=us7000pnfz&format=geojson","felt":2,"cdi":3.8,"mmi":null,"alert":null,"status":"reviewed","tsunami":0,"sig":312,"net":"us","code":"7000pnfz","ids":",us7000pnfz,","sources":",us,","types":",dyfi,origin,phase-data,","nst":68,"dmin":2.742,"rms":0.37,"gap":74,"magType":"mb","type":"earthquake","title":"M 4.5 - 41 km S of Pyinmana, Burma (Myanmar)"},"geometry":{"type":"Point","coordinates":[96.207,19.3628,10]},"id":"us7000pnfz"},
{"type":"Feature","properties":{"mag":4.3,"place":"48 km WNW of Nyaungshwe, Burma (Myanmar)","time":1743154006153,"updated":1749244346040,"tz":null,"url":"https://earthquake.usgs.gov/earthquakes/eventpage/us7000pnfs","detail":"https://earthquake.usgs.gov/fdsnws/event/1/query?eventid=us7000pnfs&format=geojson","felt":null,"cdi":null,"mmi":null,"alert":null,"status":"reviewed","tsunami":0,"sig":284,"net":"us","code":"7000pnfs","ids":",us7000pnfs,","sources":",us,","types":",origin,phase-data,","nst":19,"dmin":3.322,"rms":0.34,"gap":166,"magType":"mb","type":"earthquake","title":"M 4.3 - 48 km WNW of Nyaungshwe, Burma (Myanmar)"},"geometry":{"type":"Point","coordinates":[96.5422,20.903,10]},"id":"us7000pnfs"},
{"type":"Feature","properties":{"mag":4.4,"place":"100 km E of Mawlaik, Burma (Myanmar)","time":1743153507576,"updated":1749244346040,"tz":null,"url":"https://earthquake.usgs.gov/earthquakes/eventpage/us7000pnbh","detail":"https://earthquake.usgs.gov/fdsnws/event/1/query?eventid=us7000pnbh&format=geojson","felt":null,"cdi":null,"mmi":null,"alert":null,"status":"reviewed","tsunami":0,"sig":298,"net":"us","code":"7000pnbh","ids":",us7000pnbh,","sources":",us,","types":",origin,phase-data,","nst":50,"dmin":5.669,"rms":0.38,"gap":134,"magType":"mb","type":"earthquake","title":"M 4.4 - 100 km E of Mawlaik, Burma (Myanmar)"},"geometry":{"type":"Point","coordinates":[95.3761,23.501,10]},"id":"us7000pnbh"},
{"type":"Feature","properties":{"mag":4.3,"place":"25 km N of Mandalay, Burma (Myanmar)","time":1743148748865,"updated":1749244341040,"tz":null,"url":"https://earthquake.usgs.gov/earthquakes/eventpage/us6000q4jp","detail":"https://earthquake.usgs.gov/fdsnws/event/1/query?eventid=us6000q4jp&format=geojson","felt":null,"cdi":null,"mmi":null,"alert":null,"status":"reviewed","tsunami":0,"sig":284,"net":"us","code":"6000q4jp","ids":",us6000q4jp,","sources":",us,","types":",origin,phase-data,","nst":25,"dmin":4.43,"rms":0.73,"gap":163,"magType":"mb","type":"earthquake","title":"M 4.3 - 25 km N of Mandalay, Burma (Myanmar)"},"geometry":{"type":"Point","coordinates":[96.117,22.2037,10]},"id":"us6000q4jp"},
{"type":"Feature","properties":{"mag":4.5,"place":"Burma","time":1743148620138,"updated":1749244346040,"tz":null,"url":"https://earthquake.usgs.gov/earthquakes/eventpage/us7000pnbe","detail":"https://earthquake.usgs.gov/fdsnws/event/1/query?eventid=us7000pnbe&format=geojson","felt":null,"cdi":null,"mmi":null,"alert":null,"status":"reviewed","tsunami":0,"sig":312,"net":"us","code":"7000pnbe","ids":",us7000pnbe,","sources":",us,","types":",earthquake-name,origin,phase-data,","nst":34,"dmin":4.764,"rms":0.84,"gap":163,"magType":"mb","type":"earthquake","title":"M 4.5 - Burma"},"geometry":{"type":"Point","coordinates":[95.838,22.4361,10]},"id":"us7000pnbe"},
{"type":"Feature","properties":{"mag":4.6,"place":"Burma","time":1743147418799,"updated":1749244346040,"tz":null,"url":"https://earthquake.usgs.gov/earthquakes/eventpage/us7000pnba","detail":"https://earthquake.usgs.gov/fdsnws/event/1/query?eventid=us7000pnba&format=geojson","felt":3,"cdi":3.9,"mmi":null,"alert":null,"status":"reviewed","tsunami":0,"sig":327,"net":"us","code":"7000pnba","ids":",us7000pnba,","sources":",us,","types":",dyfi,earthquake-name,origin,phase-data,","nst":81,"dmin":4.908,"rms":0.62,"gap":68,"magType":"mb","type":"earthquake","title":"M 4.6 - Burma"},"geometry":{"type":"Point","coordinates":[95.8531,22.7673,10]},"id":"us7000pnba"},
{"type":"Feature","properties":{"mag":4.4,"place":"7 km NNE of Shwebo, Burma (Myanmar)","time":1743147217622,"updated":1749244346040,"tz":null,"url":"https://earthquake.usgs.gov/earthquakes/eventpage/us7000pnf1","detail":"https://earthquake.usgs.gov/fdsnws/event/1/query?eventid=us7000pnf1&format=geojson","felt":null,"cdi":null,"mmi":null,"alert":null,"status":"reviewed","tsunami":0,"sig":298,"net":"us","code":"7000pnf1","ids":",us7000pnf1,","sources":",us,","types":",impact-text,origin,phase-data,","nst":41,"dmin":4.936,"rms":0.89,"gap":79,"magType":"mb","type":"earthquake","title":"M 4.4 - 7 km NNE of Shwebo, Burma (Myanmar)"},"geometry":{"type":"Point","coordinates":[95.7353,22.6287,10]},"id":"us7000pnf1"},
{"type":"Feature","properties":{"mag":4.6,"place":"27 km NE of Shwebo, Burma (Myanmar)","time":1743146867907,"updated":1749244346040,"tz":null,"url":"https://earthquake.usgs.gov/earthquakes/eventpage/us7000pnb8","detail":"https://earthquake.usgs.gov/fdsnws/event/1/query?eventid=us7000pnb8&format=geojson","felt":null,"cdi":null,"mmi":null,"alert":null,"status":"reviewed","tsunami":0,"sig":326,"net":"us","code":"7000pnb8","ids":",us7000pnb8,","sources":",us,","types":",origin,phase-data,","nst":41,"dmin":4.865,"rms":0.72,"gap":153,"magType":"mb","type":"earthquake","title":"M 4.6 - 27 km NE of Shwebo, Burma (Myanmar)"},"geometry":{"type":"Point","coordinates":[95.8927,22.7436,10]},"id":"us7000pnb8"},
{"type":"Feature","properties":{"mag":4.4,"place":"22 km NNW of Sagaing, Burma (Myanmar)","time":1743145288860,"updated":1749244341040,"tz":null,"url":"https://earthquake.usgs.gov/earthquakes/eventpage/us6000q4jt","detail":"https://earthquake.usgs.gov/fdsnws/event/1/query?eventid=us6000q4jt&format=geojson","felt":null,"cdi":null,"mmi":null,"alert":null,"status":"reviewed","tsunami":0,"sig":298,"net":"us","code":"6000q4jt","ids":",us6000q4jt,","sources":",us,","types":",origin,phase-data,","nst":34,"dmin":4.581,"rms":0.52,"gap":78,"magType":"mb","type":"earthquake","title":"M 4.4 - 22 km NNW of Sagaing, Burma (Myanmar)"},"geometry":{"type":"Point","coordinates":[95.8669,22.0534,10]},"id":"us6000q4jt"},
{"type":"Feature","properties":{"mag":4.5,"place":"13 km N of Mandalay, Burma (Myanmar)","time":1743145073711,"updated":1749244341040,"tz":null,"url":"https://earthquake.usgs.gov/earthquakes/eventpage/us6000q4ji","detail":"https://earthquake.usgs.gov/fdsnws/event/1/query?eventid=us6000q4ji&format=geojson","felt":null,"cdi":null,"mmi":null,"alert":null,"status":"reviewed","tsunami":0,"sig":312,"net":"us","code":"6000q4ji","ids":",us6000q4ji,","sources":",us,","types":",origin,phase-data,","nst":31,"dmin":4.428,"rms":0.87,"gap":134,"magType":"mb","type":"earthquake","title":"M 4.5 - 13 km N of Mandalay, Burma (Myanmar)"},"geometry":{"type":"Point","coordinates":[96.0667,22.0976,10]},"id":"us6000q4ji"},
{"type":"Feature","properties":{"mag":4.9,"place":"Burma (Myanmar)","time":1743144344906,"updated":1749244346040,"tz":null,"url":"https://earthquake.usgs.gov/earthquakes/eventpage/us7000pnb6","detail":"https://earthquake.usgs.gov/fdsnws/event/1/query?eventid=us7000pnb6&format=geojson","felt":null,"cdi":null,"mmi":null,"alert":null,"status":"reviewed","tsunami":0,"sig":369,"net":"us","code":"7000pnb6","ids":",us7000pnb6,","sources":",us,","types":",earthquake-name,origin,phase-data,","nst":51,"dmin":2.676,"rms":0.65,"gap":101,"magType":"mb","type":"earthquake","title":"M 4.9 - Burma (Myanmar)"},"geometry":{"type":"Point","coordinates":[96.2075,19.1284,10]},"id":"us7000pnb6"},
{"type":"Feature","properties":{"mag":4.9,"place":"11 km WSW of Sagaing, Burma (Myanmar)","time":1743144144760,"updated":1749244346040,"tz":null,"url":"https://earthquake.usgs.gov/earthquakes/eventpage/us7000pncv","detail":"https://earthquake.usgs.gov/fdsnws/event/1/query?eventid=us7000pncv&format=geojson","felt":null,"cdi":null,"mmi":null,"alert":null,"status":"reviewed","tsunami":0,"sig":369,"net":"us","code":"7000pncv","ids":",us7000pncv,","sources":",us,","types":",origin,phase-data,","nst":90,"dmin":4.429,"rms":0.8,"gap":79,"magType":"mb","type":"earthquake","title":"M 4.9 - 11 km WSW of Sagaing, Burma (Myanmar)"},"geometry":{"type":"Point","coordinates":[95.8747,21.8377,10]},"id":"us7000pncv"},
{"type":"Feature","properties":{"mag":4.8,"place":"29 km ESE of Taungdwingyi, Burma (Myanmar)","time":1743143954645,"updated":1749244346040,"tz":null,"url":"https://earthquake.usgs.gov/earthquakes/eventpage/us7000pncy","detail":"https://earthquake.usgs.gov/fdsnws/event/1/query?eventid=us7000pncy&format=geojson","felt":null,"cdi":null,"mmi":null,"alert":null,"status":"reviewed","tsunami":0,"sig":354,"net":"us","code":"7000pncy","ids":",us7000pncy,","sources":",us,","types":",origin,phase-data,","nst":33,"dmin":3.296,"rms":0.77,"gap":93,"magType":"mb","type":"earthquake","title":"M 4.8 - 29 km ESE of Taungdwingyi, Burma (Myanmar)"},"geometry":{"type":"Point","coordinates":[95.8026,19.8979,10]},"id":"us7000pncy"},
{"type":"Feature","properties":{"mag":6.7,"place":"Burma (Myanmar)","time":1743143524777,"updated":1752679090885,"tz":null,"url":"https://earthquake.usgs.gov/earthquakes/eventpage/us7000pn9z","detail":"https://earthquake.usgs.gov/fdsnws/event/1/query?eventid=us7000pn9z&format=geojson","felt":115,"cdi":9.1,"mmi":8.978,"alert":"red","status":"reviewed","tsunami":0,"sig":2105,"net":"us","code":"7000pn9z","ids":",us7000pn9z,","sources":",us,","types":",dyfi,earthquake-name,ground-failure,impact-text,losspager,moment-tensor,origin,phase-data,shakemap,","nst":106,"dmin":4.266,"rms":0.75,"gap":41,"magType":"mww","type":"earthquake","title":"M 6.7 - Burma (Myanmar)"},"geometry":{"type":"Point","coordinates":[95.969,21.6975,10]},"id":"us7000pn9z"},
{"type":"Feature","properties":{"mag":7.7,"place":"2025 Mandalay, Burma (Myanmar) Earthquake","time":1743142852715,"updated":1773422676622,"tz":null,"url":"https://earthquake.usgs.gov/earthquakes/eventpage/us7000pn9s","detail":"https://earthquake.usgs.gov/fdsnws/event/1/query?eventid=us7000pn9s&format=geojson","felt":2550,"cdi":9.1,"mmi":9.953,"alert":"red","status":"reviewed","tsunami":0,"sig":2910,"net":"us","code":"7000pn9s","ids":",us7000pn9s,usauto7000pn9s,pt25087002,at00sttln4,","sources":",us,usauto,pt,at,","types":",dyfi,earthquake-name,finite-fault,general-text,ground-failure,impact-text,internal-moment-tensor,internal-origin,losspager,moment-tensor,oaf,origin,phase-data,shakemap,","nst":246,"dmin":3.474,"rms":0.89,"gap":24,"magType":"mww","type":"earthquake","title":"M 7.7 - 2025 Mandalay, Burma (Myanmar) Earthquake"},"geometry":{"type":"Point","coordinates":[95.9363,22.011,10]},"id":"us7000pn9s"}],"bbox":[92.1484,9.5066,4.465,101.1732,28.3833,191.422]}