{"type": "FeatureCollection", "features": [{"type": "Feature", "properties": {"catalog_id": "GAF_33", "catalog_name": "HimaTibetMap", "exposure_quality": "1", "slip_type": "Normal"}, "geometry": {"type": "LineString", "coordinates": [[92.06110628543476, 29.038814078907116], [92.06110628543476, 28.88229288770506], [92.02197598763425, 28.764901994303514], [91.95675882463338, 28.686641398702488], [91.89154166163253, 28.634467668301802], [91.85241136383202, 28.582293937901117], [91.80023763343134, 28.53012020750043], [91.80023763343134, 28.321425285897686], [91.80023763343134, 28.125773796895114], [91.80023763343134, 27.9953394708934], [91.80023763343134, 27.956209173092887], [91.85241136383202, 27.890992010092027]]}}, {"type": "Feature", "properties": {"catalog_id": "GAF_82", "catalog_name": "HimaTibetMap", "exposure_quality": "1", "slip_type": "Dextral"}, "geometry": {"type": "LineString", "coordinates": [[99.23239748147252, 30.163030333956744], [99.03396787836313, 29.657936798769207], [98.8445578026678, 29.206960428066047], [98.78142111076936, 28.981472242714467]]}}, {"type": "Feature", "properties": {"catalog_id": "GAF_83", "catalog_name": "HimaTibetMap", "exposure_quality": "1", "slip_type": "Dextral"}, "geometry": {"type": "LineString", "coordinates": [[99.1151436250897, 28.647749728394132], [99.40376850233972, 28.96343318788634], [99.56611999579286, 29.18892137323792]]}}, {"type": "Feature", "properties": {"catalog_id": "GAF_84", "catalog_name": "HimaTibetMap", "exposure_quality": "1", "slip_type": "Dextral"}, "geometry": {"type": "LineString", "coordinates": [[101.22571303998048, 28.864218386331647], [101.63159177361332, 29.38735097634731], [101.81198232189459, 29.7571516003239]]}}, {"type": "Feature", "properties": {"catalog_id": "GAF_86", "catalog_name": "HimaTibetMap", "exposure_quality": "1", "slip_type": "Sinistral"}, "geometry": {"type": "LineString", "coordinates": [[101.8841385412071, 28.494417762355056], [101.89315806862115, 27.890109425612824]]}}, {"type": "Feature", "properties": {"catalog_id": "GAF_89", "catalog_name": "HimaTibetMap", "exposure_quality": "1", "slip_type": "Sinistral"}, "geometry": {"type": "LineString", "coordinates": [[99.06102646060532, 28.39520296080036], [99.62023716027723, 27.98932422716752], [99.89082298269913, 27.628543130604992], [100.08023305839446, 27.375996363011225], [100.14336975029289, 27.114430068003394], [100.06219400356633, 26.5732584231596], [99.92690109235538, 26.302672600737708], [99.92690109235538, 26.11326252504238], [99.98101825683976, 25.94189150417518]]}}, {"type": "Feature", "properties": {"catalog_id": "GAF_90", "catalog_name": "HimaTibetMap", "exposure_quality": "1", "slip_type": "Normal"}, "geometry": {"type": "LineString", "coordinates": [[100.73865855962107, 26.807766135925245], [100.6574828128945, 26.239535908839265], [100.63042423065231, 25.91483292193299], [100.63944375806638, 25.62620804468297], [100.5582680113398, 25.508954188300148], [100.42297510012885, 25.391700331917328]]}}, {"type": "Feature", "properties": {"catalog_id": "GAF_91", "catalog_name": "HimaTibetMap", "exposure_quality": "1", "slip_type": "Sinistral"}, "geometry": {"type": "LineString", "coordinates": [[102.09158767173054, 27.159527705073707], [101.98335334276179, 26.85286377299556], [101.97433381534772, 26.519141258675223], [101.97433381534772, 26.131301579870506], [101.96531428793365, 25.734442373651728], [101.97433381534772, 25.418758914159515], [101.96531428793365, 25.19327072880794], [101.93825570569146, 25.066997345011053], [101.99237287017584, 24.904645851557916], [102.01041192500398, 24.80543105000322], [101.97433381534772, 24.697196721034462], [102.01041192500398, 24.561903809823516], [102.10962672655867, 24.46268900826882], [102.21786105552742, 24.372493734128188], [102.22688058294149, 24.264259405159432], [102.18178294587118, 24.002693110151597], [102.15472436362899, 23.89445878118284], [102.09158767173054, 23.75014634255783], [102.03747050724616, 23.63289248617501], [102.01943145241803, 23.587794849104693]]}}, {"type": "Feature", "properties": {"catalog_id": "GAF_105", "catalog_name": "HimaTibetMap", "exposure_quality": "1", "slip_type": "Sinistral"}, "geometry": {"type": "LineString", "coordinates": [[97.8163316774646, 23.03760367684684], [98.16809324661307, 23.06466225908903], [98.36652284972246, 23.118779423573407], [98.58299150765997, 23.217994225128102]]}}, {"type": "Feature", "properties": {"catalog_id": "GAF_106", "catalog_name": "HimaTibetMap", "exposure_quality": "1", "slip_type": "Sinistral"}, "geometry": {"type": "LineString", "coordinates": [[97.47358963573019, 22.73093974476869], [97.99672222574586, 22.794076436667133], [98.42064001420682, 22.893291238221828], [98.70024536404279, 22.992506039776522], [98.88063591232405, 23.10074036874528]]}}, {"type": "Feature", "properties": {"catalog_id": "GAF_107", "catalog_name": "HimaTibetMap", "exposure_quality": "1", "slip_type": "Sinistral"}, "geometry": {"type": "LineString", "coordinates": [[97.52770680021457, 21.991338496815512], [98.3304447400662, 22.054475188713955], [98.93475307680843, 22.081533770956145], [99.26847559112876, 22.15368999026865], [99.46690519423817, 22.252904791823344]]}}, {"type": "Feature", "properties": {"catalog_id": "GAF_108", "catalog_name": "HimaTibetMap", "exposure_quality": "1", "slip_type": "Dextral"}, "geometry": {"type": "LineString", "coordinates": [[98.43867906903496, 21.567420708354543], [98.93475307680843, 21.5042840164561]]}}, {"type": "Feature", "properties": {"catalog_id": "GAF_109", "catalog_name": "HimaTibetMap", "exposure_quality": "1", "slip_type": "Dextral"}, "geometry": {"type": "LineString", "coordinates": [[99.55710046837879, 23.03760367684684], [100.9010100530742, 21.95526038715926]]}}, {"type": "Feature", "properties": {"catalog_id": "GAF_110", "catalog_name": "HimaTibetMap", "exposure_quality": "1", "slip_type": "Dextral"}, "geometry": {"type": "LineString", "coordinates": [[99.8006277085585, 22.703881162526503], [100.35081888081635, 22.135650935440523]]}}, {"type": "Feature", "properties": {"catalog_id": "GAF_112", "catalog_name": "HimaTibetMap", "exposure_quality": "1", "fs_name": "Red River Fault", "reference": "Wang, et al., 1998; Leloup, et al., 1995; Allen et al., 1984; Simons et al., 2007; Mohadjer (2017)", "slip_type": "Dextral"}, "geometry": {"type": "LineString", "coordinates": [[100.20650644219134, 25.725422846237663], [100.45003368237104, 25.355622222261076], [100.81081477893358, 25.012880180526675], [101.18963493032422, 24.525825700167264], [101.60453319137113, 23.993673582737536], [101.96531428793365, 23.596814376518758], [102.20884152811337, 23.452501937893746], [102.6147202617462, 23.254072334784357], [102.94844277606654, 23.15485753322966], [103.2280481259025, 23.019564622018713], [103.4986339483244, 22.902310765635892], [103.69706355143379, 22.739959272182755], [104.3554890526604, 22.18074857251084], [104.78842636853543, 21.856045585604566], [105.16724651992608, 21.46820590679985], [105.726457219598, 20.981151426440437], [106.33076555634022, 20.27762828814351], [106.4840975223793, 20.14233537693256]]}}, {"type": "Feature", "properties": {"catalog_id": "GAF_116", "catalog_name": "HimaTibetMap", "exposure_quality": "1", "slip_type": "Sinistral"}, "geometry": {"type": "LineString", "coordinates": [[98.90769449456624, 20.36782356228414], [99.39474897492565, 20.575272692807594], [99.9449401471835, 20.89997567971387], [100.56728753875386, 21.260756776276395], [100.98218579980077, 21.62153787283892], [101.21669351256641, 21.81996747594831]]}}, {"type": "Feature", "properties": {"catalog_id": "GAF_117", "catalog_name": "HimaTibetMap", "exposure_quality": "1", "slip_type": "Sinistral"}, "geometry": {"type": "LineString", "coordinates": [[98.06887844505837, 19.89880813675286], [98.98887024129282, 20.27762828814351], [99.3857294475116, 20.4760578912529]]}}, {"type": "Feature", "properties": {"catalog_id": "GAF_118", "catalog_name": "HimaTibetMap", "exposure_quality": "1", "slip_type": "Sinistral"}, "geometry": {"type": "LineString", "coordinates": [[99.16926078957407, 20.034101047963805], [99.85474487304288, 20.097237739862248], [100.26964313408978, 20.214491596245068], [100.87395147083201, 20.44899930901071], [101.37904500601955, 20.79174135074511], [101.60453319137113, 20.945073316784185]]}}, {"type": "Feature", "properties": {"catalog_id": "GAF_119", "catalog_name": "HimaTibetMap", "exposure_quality": "1", "slip_type": "Sinistral"}, "geometry": {"type": "LineString", "coordinates": [[99.84572534562881, 20.187433014002877], [99.95395967459757, 20.512136000909152], [100.03513542132414, 20.665467966948228], [100.17042833253508, 20.773702295916983], [100.45003368237104, 20.854878042643552], [100.77473666927732, 20.908995207127933], [101.0002248546289, 20.972131899026373], [101.13551776583985, 21.062327173167006], [101.26179114963674, 21.170561502135765], [101.40610358826174, 21.296834885932647]]}}, {"type": "Feature", "properties": {"catalog_id": "GAF_120", "catalog_name": "HimaTibetMap", "exposure_quality": "1", "slip_type": "Sinistral"}, "geometry": {"type": "LineString", "coordinates": [[101.29786925929298, 19.94390577382317], [101.9562947605196, 20.4760578912529], [102.18178294587118, 20.827819460401365], [102.28099774742587, 21.080366227995132]]}}, {"type": "Feature", "properties": {"catalog_id": "GAF_121", "catalog_name": "HimaTibetMap", "exposure_quality": "1", "slip_type": "Sinistral"}, "geometry": {"type": "LineString", "coordinates": [[101.61355271878519, 19.492929403120016], [101.65865035585551, 19.610183259502836], [101.8841385412071, 19.835671444854416], [102.20884152811337, 20.196452541416942], [102.47040782312119, 20.575272692807594], [102.59668120691808, 20.8187999329873], [102.67785695364465, 20.96311237161231]]}}, {"type": "Feature", "properties": {"catalog_id": "GAF_122", "catalog_name": "HimaTibetMap", "exposure_quality": "1", "slip_type": "Sinistral"}, "geometry": {"type": "LineString", "coordinates": [[100.64846328548043, 18.491761860159002], [101.16257634808204, 18.699210990682456], [101.47825980757425, 18.90666012120591], [101.76688468482426, 19.19528499845593], [101.89315806862115, 19.384695074151256]]}}, {"type": "Feature", "properties": {"catalog_id": "GAF_127", "catalog_name": "HimaTibetMap", "exposure_quality": "1", "fs_name": "Sagaing Fault", "reference": "Wang and Burchfiel, 1997; Vigny et al., 2003; Mohadjer (2017)", "slip_type": "Dextral"}, "geometry": {"type": "LineString", "coordinates": [[97.1037890117536, 16.39923150009635], [96.9594765731286, 17.301184241502664], [96.62575405880825, 18.54587902464338], [96.46340256535512, 19.25842169035437], [96.20183627034729, 20.67448749436229], [96.04850430430822, 21.792908893706123], [95.99438713982384, 22.821135018909327], [95.9763480849957, 24.065829802050047], [95.94928950275353, 24.859548214487603]]}}, {"type": "Feature", "properties": {"catalog_id": "GAF_128", "catalog_name": "HimaTibetMap", "exposure_quality": "1", "slip_type": "Reverse"}, "geometry": {"type": "LineString", "coordinates": [[95.98536761240977, 23.1458380058156], [96.12968005103478, 23.867400198940654], [96.33712918155824, 24.579942864651645], [96.5175197298395, 24.90464585155792], [96.7159493329489, 25.184251201393877], [96.77908602484733, 25.400719859331392], [96.86928129898797, 25.680325209167354], [96.86928129898797, 25.84267670262049]]}}, {"type": "Feature", "properties": {"catalog_id": "GAF_129", "catalog_name": "HimaTibetMap", "exposure_quality": "1", "slip_type": "Reverse"}, "geometry": {"type": "LineString", "coordinates": [[93.85675914269086, 25.536012770542342], [93.4328413542299, 24.859548214487603], [93.18029458663614, 24.19210318584693], [93.03598214801112, 23.668970595831265], [93.01794309318299, 22.839174073737453], [93.01794309318299, 22.018397079057706], [93.18931411405019, 21.215659139206085], [93.47793899130022, 20.476057891252903], [93.69440764923773, 20.106257267276312], [93.76656386855024, 19.87174955451067], [93.76656386855024, 19.862730027096607]]}}, {"type": "Feature", "properties": {"catalog_id": "GAF_130", "catalog_name": "HimaTibetMap", "exposure_quality": "1", "slip_type": "Reverse"}, "geometry": {"type": "LineString", "coordinates": [[91.70109209072977, 24.174064131018802], [91.71011161814383, 23.62387295876095], [91.9355998034954, 22.893291238221835], [92.16108798884699, 22.298002428893664], [92.19716609850325, 21.85604558560457], [92.39559570161263, 21.28781535851859], [92.51284955799545, 20.87291709747168], [92.54892766765171, 20.66546796694823]]}}, {"type": "Feature", "properties": {"catalog_id": "GAF_131", "catalog_name": "HimaTibetMap", "exposure_quality": "1", "slip_type": "Reverse"}, "geometry": {"type": "LineString", "coordinates": [[92.0348146050501, 24.16504460360474], [92.04383413246417, 23.67799012324533], [92.14304893401886, 23.33524808151093], [92.26030279040168, 22.848193601151518], [92.28736137264387, 22.586627306143686], [92.38657617419857, 22.34310006596398], [92.4767714483392, 22.05447518871396], [92.48579097575326, 21.964279914573325]]}}, {"type": "Feature", "properties": {"catalog_id": "GAF_132", "catalog_name": "HimaTibetMap", "exposure_quality": "1", "slip_type": "Reverse"}, "geometry": {"type": "LineString", "coordinates": [[92.5038300305814, 24.390532788956317], [92.45873239351107, 23.76818539738596], [92.49481050316733, 23.172896588057792], [92.46775192092514, 22.88427171080777], [92.54892766765171, 22.595646833557748], [92.65716199662047, 22.2889829014796], [92.71127916110484, 21.847026058190504], [92.79245490783141, 21.368991105245158], [92.94578687387049, 20.908995207127937], [93.0900993124955, 20.593311747635724], [93.25245080594864, 20.331745452627892]]}}, {"type": "Feature", "properties": {"catalog_id": "GAF_133", "catalog_name": "HimaTibetMap", "exposure_quality": "1", "slip_type": "Reverse"}, "geometry": {"type": "LineString", "coordinates": [[92.8465720723158, 24.50778664533914], [92.76539632558922, 24.128966493948486], [92.77441585300329, 23.65093154100314], [92.78343538041734, 23.22701375254217], [92.77441585300329, 22.929369347878087]]}}, {"type": "Feature", "properties": {"catalog_id": "GAF_272", "catalog_name": "HimaTibetMap", "exposure_quality": "1", "slip_type": "Reverse"}, "geometry": {"type": "LineString", "coordinates": [[96.12994973012376, 26.691856487273387], [96.293229454933, 26.77582891717529], [96.44251377475861, 26.822480267120792], [96.57780268960056, 26.817815132126242], [96.78773376435531, 26.799154592148042], [96.92302267919726, 26.799154592148042], [96.98833456912097, 26.75250324220254]]}}, {"type": "Feature", "properties": {"catalog_id": "GAF_274", "catalog_name": "HimaTibetMap", "exposure_quality": "1", "slip_type": "Reverse"}, "geometry": {"type": "LineString", "coordinates": [[96.92768781419181, 25.39494895878847], [97.09563267399562, 25.548898413608622], [97.21692618385391, 25.707513003423323], [97.31022888374493, 25.92677434816718], [97.34754996370133, 26.17869163787288], [97.36621050367953, 26.430608927578586], [97.42685725860868, 26.71518216224614], [97.46417833856508, 26.85513621208264], [97.47350860855417, 27.027746206880995]]}}, {"type": "Feature", "properties": {"catalog_id": "GAF_275", "catalog_name": "HimaTibetMap", "exposure_quality": "1", "slip_type": "Reverse"}, "geometry": {"type": "LineString", "coordinates": [[95.53747758581589, 24.436263717408426], [95.39752353597939, 24.21233723767002], [95.21558327119193, 24.002406162915268], [95.08495949134453, 23.745823738215016], [95.04297327639358, 23.573213743416662], [95.03364300640449, 23.37261293865101], [94.96833111648078, 23.167346998890807], [94.91234949654618, 22.92009484417965], [94.78639085169333, 22.75214998437585]]}}, {"type": "Feature", "properties": {"catalog_id": "GAF_276", "catalog_name": "HimaTibetMap", "exposure_quality": "1", "slip_type": "Reverse"}, "geometry": {"type": "LineString", "coordinates": [[94.32920762222743, 21.30129300107078], [94.32920762222743, 21.590531370732883], [94.41784518712387, 21.805127580482186], [94.46449653706938, 21.99173298026419], [94.44117086209663, 22.19233378502984], [94.44583599709118, 22.341618104855442], [94.43184059210752, 22.523558369642895], [94.39918464714567, 22.7008334994358], [94.32454248723288, 22.9154297091851], [94.27322600229283, 23.190672673863556], [94.32920762222743, 23.39593861362376], [94.37119383717838, 23.50790185349296], [94.44583599709118, 23.62453022835671]]}}, {"type": "Feature", "properties": {"catalog_id": "GAF_277", "catalog_name": "HimaTibetMap", "exposure_quality": "1", "slip_type": "Reverse"}, "geometry": {"type": "LineString", "coordinates": [[95.06629895136633, 18.075352152339402], [94.97766138646989, 18.462558356887058], [94.93101003652438, 18.835769156451065], [94.84237247162794, 19.064360771184017], [94.72574409676417, 19.21831022600417], [94.66509734183504, 19.36292941083522], [94.60911572190042, 19.624176970530026], [94.47849194205303, 19.969396960126733], [94.38518924216203, 20.169997764892386], [94.28722140727648, 20.323947219712537], [94.21257924736368, 20.49655721451089], [94.10994627748357, 20.748474504216595], [94.03996925256531, 20.916419364020395]]}}, {"type": "Feature", "properties": {"catalog_id": "GAF_278", "catalog_name": "HimaTibetMap", "exposure_quality": "1", "slip_type": "Reverse"}, "geometry": {"type": "LineString", "coordinates": [[95.06163381637178, 18.06835444984758], [95.04297327639358, 17.928400400011075], [94.99165679145354, 17.755790405212725], [94.90301922655708, 17.452556630566967], [94.72574409676417, 17.084010965997514]]}}, {"type": "Feature", "properties": {"catalog_id": "GAF_279", "catalog_name": "HimaTibetMap", "exposure_quality": "1", "fs_name": "Dauki Thrust", "reference": "Das, et al., 1995", "slip_type": "Reverse"}, "geometry": {"type": "LineString", "coordinates": [[89.75472168217885, 25.344236799017356], [90.21063164102578, 25.241657058276797], [90.46708099287717, 25.190367187906517], [90.90019545378176, 25.184668313420932], [91.1794403035755, 25.213162685848864], [91.61255476448008, 25.21886156033445], [92.06276584884142, 25.178969438935344], [92.33631182414959, 25.17327056444976], [92.53007355665953, 25.156173940993]]}}, {"type": "Feature", "properties": {"catalog_id": "GAF_280", "catalog_name": "HimaTibetMap", "exposure_quality": "1", "fs_name": "Naga Hills Thrust Belt", "reference": "Das, et al., 1995", "slip_type": "Reverse"}, "geometry": {"type": "LineString", "coordinates": [[92.25082870686579, 25.116281819593894], [92.42179494143338, 25.059293074738026], [92.7124375401983, 25.00230432988216], [92.96318801756411, 25.00230432988216], [93.2253362439011, 25.076389698194784], [93.42479685089664, 25.15047506650741]]}}, {"type": "Feature", "properties": {"catalog_id": "GAF_281", "catalog_name": "HimaTibetMap", "exposure_quality": "1", "fs_name": "Naga Hills Thrust Belt", "reference": "Das, et al., 1995", "slip_type": "Reverse"}, "geometry": {"type": "LineString", "coordinates": [[94.02317867188323, 25.914124247576016], [93.76103044554624, 25.794447883378698], [93.38490472949753, 25.59498727638317], [93.11135875418937, 25.429719916301156], [92.91759702167941, 25.298645803132665]]}}, {"type": "Feature", "properties": {"catalog_id": "GAF_282", "catalog_name": "HimaTibetMap", "exposure_quality": "1", "slip_type": "Reverse"}, "geometry": {"type": "LineString", "coordinates": [[94.31781048278803, 23.711509258896797], [94.4602823449277, 23.87107774449322], [94.52866883875474, 24.002151857661712], [94.52866883875474, 24.19021471568607], [94.62554970500972, 24.372578699224842], [94.64264632846647, 24.526448310335677], [94.69963507332234, 24.7714999132159], [94.80221481406289, 24.965261645725846], [95.00737429554401, 25.204614374120485], [95.11565291077017, 25.432569353543947], [95.4005966350495, 25.73460970128004], [95.57726174410267, 25.956865806217916], [95.63994936344413, 26.11643429181434]]}}, {"type": "Feature", "properties": {"catalog_id": "GAF_283", "catalog_name": "HimaTibetMap", "exposure_quality": "1", "slip_type": "Reverse"}, "geometry": {"type": "LineString", "coordinates": [[96.19843906303161, 25.039347014038473], [96.34660979965687, 25.32998961280339], [96.40359854451273, 25.512353596342162], [96.55176928113798, 25.751706324736798], [96.57456477908033, 25.91127481033322], [96.5061782852533, 26.06514442144406], [96.44349066591184, 26.190519660126967], [96.44349066591184, 26.33299152226663], [96.38080304657039, 26.46976450992071], [96.23833118443072, 26.560946501690097], [96.1642458161181, 26.623634121031547]]}}, {"type": "Feature", "properties": {"catalog_id": "GAF_304", "catalog_name": "HimaTibetMap", "exposure_quality": "1", "slip_type": "Dextral"}, "geometry": {"type": "LineString", "coordinates": [[97.60393760797291, 27.69216677130729], [97.71809287826477, 27.509518338840312], [97.98064999993605, 27.34970096043171], [98.29457699323866, 27.132805946877177], [98.36307015541378, 26.887372115749677], [98.32311581081163, 26.57915288596166], [98.2603304121511, 26.459289852155205], [98.24891488512192, 26.270933656173636], [98.14046737834465, 25.945591135841834], [98.00918881750901, 25.745819412831082], [97.79800156746907, 25.51750887224736]]}}, {"type": "Feature", "properties": {"catalog_id": "GAF_305", "catalog_name": "HimaTibetMap", "exposure_quality": "1", "slip_type": "Dextral"}, "geometry": {"type": "LineString", "coordinates": [[97.90644907424634, 25.51465499049008], [97.90074131073175, 25.29775997693555], [97.92928012830471, 25.10940378095398], [97.92928012830471, 24.898216530914038], [97.92928012830471, 24.721275861961654]]}}, {"type": "Feature", "properties": {"catalog_id": "GAF_306", "catalog_name": "HimaTibetMap", "exposure_quality": "1", "slip_type": "Sinistral"}, "geometry": {"type": "LineString", "coordinates": [[96.65644886455048, 23.225841821138292], [96.89617493216339, 23.37424367251771], [97.02745349299903, 23.419905780634455], [97.1244854727471, 23.511229996867943], [97.22722521600977, 23.57972315904306], [97.39275035793297, 23.63680079418899], [97.57539879039994, 23.73383277393707], [97.6952618242064, 23.870819098287303], [97.84937143910041, 23.962143314520787], [97.91215683776093, 23.990682132093752]]}}, {"type": "Feature", "properties": {"catalog_id": "GAF_307", "catalog_name": "HimaTibetMap", "exposure_quality": "1", "slip_type": "Dextral"}, "geometry": {"type": "LineString", "coordinates": [[99.25847555676555, 25.458801824881903], [99.33869277372739, 25.28633480841393], [99.40687740814496, 25.210128452300175], [99.65956164157478, 25.06974832261694], [99.94834362263742, 24.893270445300878], [100.21707129945962, 24.788988063250475], [100.45772295034516, 24.67668395950389]]}}, {"type": "Feature", "properties": {"catalog_id": "GAF_308", "catalog_name": "HimaTibetMap", "exposure_quality": "1", "slip_type": "Sinistral"}, "geometry": {"type": "LineString", "coordinates": [[97.95925787919275, 24.062539138611715], [98.06665756759075, 24.095226000298066], [98.21141366934458, 24.1092346553065], [98.39819573612372, 24.132582413653893], [98.58964735457234, 24.141921516992852], [98.73673823216092, 24.153595396166548], [98.8674856789063, 24.18394748201816], [99.04726341818123, 24.260995084564552], [99.17334131325715, 24.340377462945685], [99.25739324330776, 24.438438048004734], [99.3484495008626, 24.534163857229043], [99.3367756216889, 24.655572200635483], [99.36479293170576, 24.75129800985979], [99.39747979339212, 24.863367249927276], [99.4325014309132, 24.928740973299973], [99.4558491892606, 25.031471110028498]]}}, {"type": "Feature", "properties": {"catalog_id": "GAF_309", "catalog_name": "HimaTibetMap", "exposure_quality": "1", "slip_type": "Sinistral"}, "geometry": {"type": "LineString", "coordinates": [[96.64495419242218, 23.16452598317514], [96.84632860816843, 23.15868904358829], [96.98349668845937, 23.155770573794868], [97.21405580213987, 23.17036292276199], [97.34246847305053, 23.18787374152253], [97.52633207003625, 23.205384560283076], [97.67517402950087, 23.228732318630467], [97.8356898681392, 23.275427835325253], [97.97869488801697, 23.33087876140031], [98.18590624335008, 23.351308049954277], [98.38436218930292, 23.392166627062213], [98.55947037690835, 23.403840506235912], [98.7579263228612, 23.48263919065836], [98.98264849695484, 23.55268246570054], [99.2073706710485, 23.678176666817773], [99.39415273782764, 23.797833928348158], [99.56634245563966, 23.917491189878543]]}}, {"type": "Feature", "properties": {"catalog_id": "GAF_310", "catalog_name": "HimaTibetMap", "exposure_quality": "1", "slip_type": "Sinistral"}, "geometry": {"type": "LineString", "coordinates": [[99.2336368991893, 23.184955271729105], [99.31535405340519, 23.36006345933455], [99.44376672431585, 23.526416237559722], [99.55758704625939, 23.672339727230924], [99.67140736820292, 23.797833928348158], [99.73269523386483, 23.908735780498272], [99.84067861622151, 24.031311511822082], [99.96617281733874, 24.17431653169986], [100.04788997155462, 24.276462974469702]]}}, {"type": "Feature", "properties": {"catalog_id": "GAF_311", "catalog_name": "HimaTibetMap", "exposure_quality": "1", "slip_type": "Sinistral"}, "geometry": {"type": "LineString", "coordinates": [[99.58093480460677, 23.926246599258818], [99.68599971717003, 24.00796375347469], [99.79690156932016, 24.08676243789714], [99.88445566312288, 24.212256639014374], [100.00119445485984, 24.34066930992503]]}}, {"type": "Feature", "properties": {"catalog_id": "GAF_324", "catalog_name": "HimaTibetMap", "exposure_quality": "1", "slip_type": "Reverse"}, "geometry": {"type": "LineString", "coordinates": [[94.49105458040466, 24.660156354112782], [94.39584056345285, 24.43005581314589], [94.23715053519982, 24.2158242750043], [94.10226401118474, 23.86670621284764], [94.08639500835945, 23.628671170468095], [94.05465700270884, 23.52552265210363]]}}, {"type": "Feature", "properties": {"catalog_id": "GAF_325", "catalog_name": "HimaTibetMap", "exposure_quality": "1", "slip_type": "Reverse"}, "geometry": {"type": "LineString", "coordinates": [[94.03085349847088, 20.986482200055164], [94.07052600553413, 21.327665760799174], [94.06259150412149, 21.533962797528115], [93.90390147586847, 21.724390831431748], [93.88803247304315, 21.883080859684778], [93.90390147586847, 22.05763989076311], [93.94357398293171, 22.295674933142653], [93.95944298575702, 22.565447981172802], [93.96737748716967, 22.73207251083848], [93.90390147586847, 23.033583564519237]]}}, {"type": "Feature", "properties": {"catalog_id": "GAF_544", "catalog_name": "HimaTibetMap", "exposure_quality": "1", "fs_name": "Main Frontal Thrust", "net_slip_rate": "(15,10,21)", "reference": "Lave and Avouac, 2000, 2001; Lave, et al., 2005; Lillie and Yeats, 1991", "slip_type": "Reverse"}, "geometry": {"type": "LineString", "coordinates": [[90.39605215084026, 26.896011969866635], [90.54504735982549, 26.813807716633402], [90.84303777779596, 26.798394419152174], [91.08451277166857, 26.824083248287558], [91.29002340475165, 26.782981121670943], [91.57773829106794, 26.782981121670943], [91.76269786084272, 26.829221014114633], [91.99903508888826, 26.865185374904172], [92.34840316512948, 26.926838564829097], [92.53336273490426, 26.931976330656173], [92.68749570971656, 26.916563033174942], [92.84162868452887, 26.916563033174942]]}}, {"type": "Feature", "properties": {"catalog_id": "GAF_545", "catalog_name": "HimaTibetMap", "exposure_quality": "1", "fs_name": "Main Frontal Thrust", "net_slip_rate": "(15,10,21)", "reference": "Lave and Avouac, 2000, 2001; Lave, et al., 2005; Lillie and Yeats, 1991", "slip_type": "Reverse"}, "geometry": {"type": "LineString", "coordinates": [[92.7696999629498, 26.993629520581095], [93.02658825430365, 26.906287501520787], [93.33485420392826, 26.95252739396448], [93.66367121686118, 27.009042818062326], [93.82807972332763, 27.13748696373925], [93.96679940065872, 27.30189547020571], [94.08496801468148, 27.38923748926602], [94.22882545783963, 27.507406103288787]]}}, {"type": "Feature", "properties": {"catalog_id": "GAF_546", "catalog_name": "HimaTibetMap", "exposure_quality": "1", "fs_name": "Main Frontal Thrust", "net_slip_rate": "(15,10,21)", "reference": "Lave and Avouac, 2000, 2001; Lave, et al., 2005; Lillie and Yeats, 1991", "slip_type": "Reverse"}, "geometry": {"type": "LineString", "coordinates": [[94.27249646736979, 27.563921527386633], [94.61672677778394, 27.640988014792786], [94.92499272740856, 27.76943216046971], [95.21270761372487, 27.887600774492476], [95.28463633530394, 27.964667261898633]]}}, {"type": "Feature", "properties": {"catalog_id": "GAF_547", "catalog_name": "HimaTibetMap", "exposure_quality": "1", "fs_name": "Main Frontal Thrust", "net_slip_rate": "(15,10,21)", "reference": "Lave and Avouac, 2000, 2001; Lave, et al., 2005; Lillie and Yeats, 1991", "slip_type": "Reverse"}, "geometry": {"type": "LineString", "coordinates": [[95.15619218962702, 27.98008055937986], [95.31032516443933, 28.046871515131862], [95.33601399357471, 28.072560344267245]]}}, {"type": "Feature", "properties": {"catalog_id": "GAF_548", "catalog_name": "HimaTibetMap", "exposure_quality": "1", "net_slip_rate": "(15,10,21)", "slip_type": "Reverse"}, "geometry": {"type": "LineString", "coordinates": [[95.30004963278517, 28.123938002538015], [95.4695959050787, 28.18045342663586], [95.63914217737225, 28.303759806485708], [95.72134643060548, 28.2832087431774], [95.8497905762824, 28.057147046786017], [96.06043897519255, 28.03145821765063], [96.16833205756117, 27.990356091034016], [96.2967762032381, 27.841360882048786], [96.2710873741027, 27.65126354644694]]}}, {"type": "Feature", "properties": {"catalog_id": "GAF_549", "catalog_name": "HimaTibetMap", "exposure_quality": "1", "slip_type": "Reverse"}, "geometry": {"type": "LineString", "coordinates": [[96.20429641835071, 27.49713057163463], [95.91144376620733, 27.373824191784788], [95.64941770902641, 27.307033236032787], [95.43876931011626, 27.18372685618294]]}}, {"type": "Feature", "properties": {"catalog_id": "GAF_550", "catalog_name": "HimaTibetMap", "exposure_quality": "1", "slip_type": "Reverse"}, "geometry": {"type": "LineString", "coordinates": [[95.59290228492856, 27.39951302092017], [95.38739165184548, 27.276206641070324], [95.26922303782271, 27.111798134603866], [95.08426346804795, 27.009042818062326]]}}, {"type": "Feature", "properties": {"catalog_id": "GAF_551", "catalog_name": "HimaTibetMap", "exposure_quality": "1", "slip_type": "Reverse"}, "geometry": {"type": "LineString", "coordinates": [[94.93526825906271, 26.983353988926943], [94.78113528425041, 26.844634311595865], [94.68351773353595, 26.777843355843864], [94.5807624169944, 26.70077686843771]]}}, {"type": "Feature", "properties": {"catalog_id": "GAF_552", "catalog_name": "HimaTibetMap", "exposure_quality": "1", "slip_type": "Reverse"}, "geometry": {"type": "LineString", "coordinates": [[94.34956295477595, 26.644261444339865], [94.17487891665533, 26.51581729866294], [94.11836349255748, 26.346271026369404], [94.02074594184302, 26.181862519902943], [93.92312839112856, 26.00717848178233], [93.96423051774518, 25.945525291857404]]}}, {"type": "Feature", "properties": {"catalog_id": "GAF_559", "catalog_name": "HimaTibetMap", "exposure_quality": "1", "slip_type": "Anticline"}, "geometry": {"type": "LineString", "coordinates": [[95.93369351034046, 27.77680491382939], [96.01012735754641, 27.671253410544974], [96.07928179073276, 27.638496047456705], [96.17027446597794, 27.602098977358633], [96.27946567627217, 27.57298132128017], [96.33406128141928, 27.57298132128017]]}}, {"type": "Feature", "properties": {"catalog_id": "GAF_795", "catalog_name": "HimaTibetMap", "exposure_quality": "2", "slip_type": "Dextral"}, "geometry": {"type": "LineString", "coordinates": [[96.65789769335616, 18.930363358994743], [96.95041069669541, 18.6882836320933], [97.20257707888442, 18.4596527789086], [97.3841368740605, 18.257919673157396], [97.58250776138252, 17.988942198822453], [97.72708315383755, 17.780484656212877], [97.87165854629258, 17.635909263757846], [98.03976946775192, 17.467798342298508], [98.275124757795, 17.27951411026405], [98.44323567925433, 17.161836465242516], [98.67522875086821, 16.97019001477887]]}}, {"type": "Feature", "properties": {"catalog_id": "GAF_796", "catalog_name": "HimaTibetMap", "exposure_quality": "2", "slip_type": "Dextral"}, "geometry": {"type": "LineString", "coordinates": [[98.2482270103615, 17.360207352564533], [98.49030673726294, 17.19545864953438], [98.7290242457352, 17.08450544137122], [99.0349861227912, 16.818890185465467], [99.32749912613045, 16.54655049270134], [99.42836567900605, 16.385164008100375]]}}, {"type": "Feature", "properties": {"catalog_id": "GAF_861", "catalog_name": "HimaTibetMap", "exposure_quality": "1", "slip_type": "Sinistral"}, "geometry": {"type": "LineString", "coordinates": [[92.12203077682865, 25.86932725301863], [91.96312035031126, 25.784196667384307], [91.77015768954013, 25.608260123740045], [91.65097486965207, 25.477726559100752]]}}, {"type": "Feature", "properties": {"catalog_id": "GAF_865", "catalog_name": "HimaTibetMap", "exposure_quality": "1", "fs_name": "Barapani - Tyrsad Fault", "reference": "Srivastava and Sinha, 2007", "slip_type": "Sinistral"}, "geometry": {"type": "LineString", "coordinates": [[93.60330296686583, 26.635502523727517], [93.29115748620664, 26.60145028947379], [93.10954557018677, 26.52767044859071], [92.98468737792311, 26.44253986295639], [92.87117993041068, 26.317681670692718], [92.77469860002512, 26.181472733677804], [92.62146354588333, 26.005536190033542], [92.51363147074653, 25.892028742521113], [92.36607178898038, 25.806898156886792], [92.25823971384357, 25.704741454125607], [92.15040763870675, 25.60258475136442]]}}, {"type": "Feature", "properties": {"catalog_id": "GAF_873", "catalog_name": "HimaTibetMap", "exposure_quality": "1", "slip_type": "Anticline"}, "geometry": {"type": "LineString", "coordinates": [[97.11825560091458, 29.939514130137486], [97.05998368051877, 29.79383432914796], [97.05415648847918, 29.572401031643878], [97.05415648847918, 29.41506684657519], [97.01336614420212, 29.251905469466923], [96.90264949545008, 29.094571284398235], [96.83855038301469, 28.97220025156703], [96.73948811834181, 28.855656410775413], [96.62877146958976, 28.750766954062954], [96.4947460526794, 28.593432768994266], [96.32575748353156, 28.3370363192527], [96.15094172234413, 28.173874942144433]]}}, {"type": "Feature", "properties": {"activity_confidence": "1", "catalog_id": "PB_4130.0", "catalog_name": "Bird 2003", "epistemic_quality": "1", "net_slip_rate": "(33.1,,)", "shortening_rate": "(-17.6,,)", "slip_type": "Spreading_Ridge", "strike_slip_rate": "(28.0,,)"}, "geometry": {"type": "LineString", "coordinates": [[95.505, 12.918], [95.155, 12.053]]}}, {"type": "Feature", "properties": {"activity_confidence": "1", "catalog_id": "PB_4131.0", "catalog_name": "Bird 2003", "epistemic_quality": "1", "net_slip_rate": "(35.2,,)", "shortening_rate": "(-21.3,,)", "slip_type": "Spreading_Ridge", "strike_slip_rate": "(28.0,,)"}, "geometry": {"type": "LineString", "coordinates": [[95.155, 12.053], [94.807, 11.188]]}}, {"type": "Feature", "properties": {"activity_confidence": "1", "catalog_id": "PB_4132.0", "catalog_name": "Bird 2003", "epistemic_quality": "1", "net_slip_rate": "(37.4,,)", "shortening_rate": "(-31.1,,)", "slip_type": "Spreading_Ridge", "strike_slip_rate": "(20.7,,)"}, "geometry": {"type": "LineString", "coordinates": [[94.807, 11.188], [94.415, 10.679]]}}, {"type": "Feature", "properties": {"activity_confidence": "1", "catalog_id": "PB_4133.0", "catalog_name": "Bird 2003", "epistemic_quality": "1", "net_slip_rate": "(39.5,,)", "shortening_rate": "(-33.6,,)", "slip_type": "Spreading_Ridge", "strike_slip_rate": "(20.7,,)"}, "geometry": {"type": "LineString", "coordinates": [[94.415, 10.679], [94.024, 10.17]]}}, {"type": "Feature", "properties": {"activity_confidence": "1", "catalog_id": "PB_4134.0", "catalog_name": "Bird 2003", "epistemic_quality": "1", "net_slip_rate": "(40.6,,)", "shortening_rate": "(-0.7,,)", "slip_type": "Dextral_Transform", "strike_slip_rate": "(40.6,,)"}, "geometry": {"type": "LineString", "coordinates": [[94.024, 10.17], [94.216, 9.717]]}}, {"type": "Feature", "properties": {"activity_confidence": "1", "catalog_id": "PB_4137.0", "catalog_name": "Bird 2003", "epistemic_quality": "1", "net_slip_rate": "(42.6,,)", "shortening_rate": "(-0.1,,)", "slip_type": "Dextral_Transform", "strike_slip_rate": "(42.6,,)"}, "geometry": {"type": "LineString", "coordinates": [[93.986, 9.019], [94.171, 8.686]]}}, {"type": "Feature", "properties": {"activity_confidence": "1", "catalog_id": "PB_4155.0", "catalog_name": "Bird 2003", "epistemic_quality": "1", "net_slip_rate": "(25.2,,)", "shortening_rate": "(19.3,,)", "slip_type": "Subduction_Thrust", "strike_slip_rate": "(-16.3,,)"}, "geometry": {"type": "LineString", "coordinates": [[91.651, 8.656], [91.596, 9.13]]}}, {"type": "Feature", "properties": {"activity_confidence": "1", "catalog_id": "PB_4156.0", "catalog_name": "Bird 2003", "epistemic_quality": "1", "net_slip_rate": "(23.6,,)", "shortening_rate": "(16.8,,)", "slip_type": "Subduction_Thrust", "strike_slip_rate": "(-16.6,,)"}, "geometry": {"type": "LineString", "coordinates": [[91.596, 9.13], [91.533, 9.604]]}}, {"type": "Feature", "properties": {"activity_confidence": "1", "catalog_id": "PB_4157.0", "catalog_name": "Bird 2003", "epistemic_quality": "1", "net_slip_rate": "(22.1,,)", "shortening_rate": "(17.5,,)", "slip_type": "Subduction_Thrust", "strike_slip_rate": "(-13.4,,)"}, "geometry": {"type": "LineString", "coordinates": [[91.533, 9.604], [91.559, 10.056]]}}, {"type": "Feature", "properties": {"activity_confidence": "1", "catalog_id": "PB_4158.0", "catalog_name": "Bird 2003", "epistemic_quality": "1", "net_slip_rate": "(20.5,,)", "shortening_rate": "(15.2,,)", "slip_type": "Subduction_Thrust", "strike_slip_rate": "(-13.7,,)"}, "geometry": {"type": "LineString", "coordinates": [[91.559, 10.056], [91.576, 10.514]]}}, {"type": "Feature", "properties": {"activity_confidence": "1", "catalog_id": "PB_4159.0", "catalog_name": "Bird 2003", "epistemic_quality": "1", "net_slip_rate": "(18.5,,)", "shortening_rate": "(12.1,,)", "slip_type": "Subduction_Thrust", "strike_slip_rate": "(-14.0,,)"}, "geometry": {"type": "LineString", "coordinates": [[91.576, 10.514], [91.591, 11.3]]}}, {"type": "Feature", "properties": {"activity_confidence": "1", "catalog_id": "PB_4160.0", "catalog_name": "Bird 2003", "epistemic_quality": "1", "net_slip_rate": "(16.6,,)", "shortening_rate": "(10.3,,)", "slip_type": "Subduction_Thrust", "strike_slip_rate": "(-13.0,,)"}, "geometry": {"type": "LineString", "coordinates": [[91.591, 11.3], [91.643, 11.792]]}}, {"type": "Feature", "properties": {"activity_confidence": "1", "catalog_id": "PB_4161.0", "catalog_name": "Bird 2003", "epistemic_quality": "1", "net_slip_rate": "(15.3,,)", "shortening_rate": "(8.2,,)", "slip_type": "Subduction_Thrust", "strike_slip_rate": "(-12.9,,)"}, "geometry": {"type": "LineString", "coordinates": [[91.643, 11.792], [91.7, 12.283]]}}, {"type": "Feature", "properties": {"activity_confidence": "1", "catalog_id": "PB_4162.0", "catalog_name": "Bird 2003", "epistemic_quality": "1", "net_slip_rate": "(13.7,,)", "shortening_rate": "(6.3,,)", "slip_type": "Subduction_Thrust", "strike_slip_rate": "(-12.2,,)"}, "geometry": {"type": "LineString", "coordinates": [[91.7, 12.283], [91.889, 13.154]]}}, {"type": "Feature", "properties": {"activity_confidence": "1", "catalog_id": "PB_4163.0", "catalog_name": "Bird 2003", "epistemic_quality": "1", "net_slip_rate": "(12.4,,)", "shortening_rate": "(4.0,,)", "slip_type": "Subduction_Thrust", "strike_slip_rate": "(-11.8,,)"}, "geometry": {"type": "LineString", "coordinates": [[91.889, 13.154], [92.068, 13.715]]}}, {"type": "Feature", "properties": {"activity_confidence": "1", "catalog_id": "PB_4164.0", "catalog_name": "Bird 2003", "epistemic_quality": "1", "net_slip_rate": "(11.3,,)", "shortening_rate": "(3.9,,)", "slip_type": "Subduction_Thrust", "strike_slip_rate": "(-10.6,,)"}, "geometry": {"type": "LineString", "coordinates": [[92.068, 13.715], [92.517, 14.384]]}}, {"type": "Feature", "properties": {"average_dip": "(90.0,,)", "average_rake": "(0.0,,)", "catalog_id": "EOS_AF0001", "catalog_name": "EOS_SE_Asia", "lower_seis_depth": "(15.0,,)", "slip_type": "Sinistral", "upper_seis_depth": "(1.0,,)"}, "geometry": {"type": "LineString", "coordinates": [[100.273, 24.666], [100.267, 24.662], [100.26, 24.66], [100.254, 24.656], [100.253, 24.651], [100.249, 24.648], [100.244, 24.643], [100.24, 24.638], [100.235, 24.631], [100.233, 24.623], [100.231, 24.614], [100.217, 24.594], [100.2, 24.57], [100.184, 24.546], [100.169, 24.523], [100.161, 24.51], [100.154, 24.498], [100.143, 24.484], [100.127, 24.465], [100.087, 24.423]]}}, {"type": "Feature", "properties": {"average_dip": "(90.0,,)", "average_rake": "(0.0,,)", "catalog_id": "EOS_AF0002", "catalog_name": "EOS_SE_Asia", "lower_seis_depth": "(15.0,,)", "slip_type": "Sinistral", "upper_seis_depth": "(1.0,,)"}, "geometry": {"type": "LineString", "coordinates": [[97.303, 23.196], [97.323, 23.193], [97.341, 23.192], [97.357, 23.19], [97.374, 23.188], [97.38, 23.19], [97.401, 23.192], [97.425, 23.19], [97.435, 23.189], [97.445, 23.188], [97.455, 23.188], [97.481, 23.192], [97.511, 23.19], [97.553, 23.194], [97.563, 23.193], [97.586, 23.195], [97.601, 23.2], [97.622, 23.206], [97.641, 23.212], [97.656, 23.217], [97.684, 23.234], [97.695, 23.236], [97.717, 23.241], [97.728, 23.241], [97.736, 23.245], [97.749, 23.247], [97.762, 23.253], [97.778, 23.259], [97.789, 23.265], [97.798, 23.274], [97.804, 23.277], [97.819, 23.283], [97.847, 23.284], [97.855, 23.283], [97.866, 23.287], [97.881, 23.29], [97.899, 23.295], [97.912, 23.3], [97.924, 23.299], [97.935, 23.303], [97.944, 23.309], [97.959, 23.313], [97.967, 23.313], [97.974, 23.313], [97.981, 23.313], [97.988, 23.314], [97.994, 23.315], [98.002, 23.316], [98.01, 23.317], [98.017, 23.32], [98.021, 23.323], [98.03, 23.324], [98.041, 23.327], [98.047, 23.328], [98.056, 23.329], [98.062, 23.329], [98.069, 23.328], [98.076, 23.329], [98.081, 23.33], [98.086, 23.33], [98.09, 23.329], [98.094, 23.328], [98.099, 23.329], [98.103, 23.331], [98.107, 23.332], [98.111, 23.334], [98.113, 23.334], [98.116, 23.335], [98.12, 23.336], [98.122, 23.336], [98.124, 23.336], [98.127, 23.335], [98.129, 23.334], [98.131, 23.333], [98.133, 23.333], [98.135, 23.334], [98.137, 23.335], [98.139, 23.337], [98.14, 23.338], [98.142, 23.339], [98.145, 23.34], [98.146, 23.34], [98.149, 23.34], [98.151, 23.34], [98.156, 23.341], [98.159, 23.342], [98.165, 23.343], [98.17, 23.345], [98.175, 23.348], [98.191, 23.353], [98.207, 23.353]]}}, {"type": "Feature", "properties": {"average_dip": "(90.0,,)", "average_rake": "(0.0,,)", "catalog_id": "EOS_AF0003", "catalog_name": "EOS_SE_Asia", "lower_seis_depth": "(15.0,,)", "slip_type": "Sinistral", "upper_seis_depth": "(1.0,,)"}, "geometry": {"type": "LineString", "coordinates": [[97.636, 23.269], [97.638, 23.268], [97.641, 23.268], [97.643, 23.268], [97.646, 23.268], [97.649, 23.268], [97.653, 23.268], [97.655, 23.269], [97.658, 23.269], [97.66, 23.269], [97.662, 23.269], [97.682, 23.273], [97.717, 23.276], [97.735, 23.28], [97.756, 23.281], [97.767, 23.283], [97.79, 23.29], [97.804, 23.292], [97.82, 23.293], [97.842, 23.297], [97.857, 23.305], [97.879, 23.313], [97.89, 23.315], [97.911, 23.314], [97.927, 23.312]]}}, {"type": "Feature", "properties": {"average_dip": "(90.0,,)", "average_rake": "(0.0,,)", "catalog_id": "EOS_AF0004", "catalog_name": "EOS_SE_Asia", "lower_seis_depth": "(15.0,,)", "slip_type": "Sinistral", "upper_seis_depth": "(1.0,,)"}, "geometry": {"type": "LineString", "coordinates": [[97.983, 23.33], [98.047, 23.344], [98.08, 23.35], [98.103, 23.356], [98.123, 23.358], [98.151, 23.362], [98.185, 23.365], [98.198, 23.365], [98.212, 23.365], [98.224, 23.365], [98.231, 23.365], [98.245, 23.363], [98.251, 23.363], [98.261, 23.363], [98.269, 23.363], [98.278, 23.363], [98.287, 23.364], [98.3, 23.365], [98.313, 23.366], [98.324, 23.366], [98.328, 23.368], [98.349, 23.372], [98.368, 23.375], [98.39, 23.377], [98.409, 23.379], [98.427, 23.382], [98.447, 23.382], [98.466, 23.383], [98.477, 23.384], [98.494, 23.384], [98.519, 23.385], [98.547, 23.388], [98.574, 23.395], [98.608, 23.404], [98.64, 23.417], [98.669, 23.426], [98.707, 23.439], [98.744, 23.45], [98.781, 23.466], [98.807, 23.477], [98.826, 23.484], [98.83, 23.487], [98.841, 23.493], [98.846, 23.495], [98.85, 23.497], [98.853, 23.498], [98.856, 23.499], [98.861, 23.5], [98.865, 23.501], [98.87, 23.502], [98.876, 23.503], [98.881, 23.504], [98.896, 23.507], [98.908, 23.511], [98.915, 23.516], [98.945, 23.528], [98.969, 23.539], [98.987, 23.548], [99.012, 23.555], [99.032, 23.566], [99.05, 23.573], [99.061, 23.577], [99.069, 23.581], [99.086, 23.597], [99.101, 23.607], [99.115, 23.615], [99.132, 23.625], [99.149, 23.634], [99.162, 23.641], [99.175, 23.647], [99.184, 23.652], [99.189, 23.658], [99.203, 23.664], [99.223, 23.673], [99.24, 23.681], [99.252, 23.687], [99.263, 23.692], [99.272, 23.697], [99.294, 23.71], [99.307, 23.717], [99.318, 23.729], [99.328, 23.737], [99.334, 23.74], [99.341, 23.742], [99.35, 23.747], [99.361, 23.752], [99.364, 23.755], [99.371, 23.76], [99.377, 23.765], [99.388, 23.769], [99.396, 23.774], [99.403, 23.777], [99.413, 23.787], [99.421, 23.791], [99.424, 23.793], [99.43, 23.798], [99.435, 23.801], [99.443, 23.805], [99.45, 23.809], [99.461, 23.815], [99.472, 23.82], [99.488, 23.828], [99.492, 23.832], [99.5, 23.84], [99.511, 23.848], [99.525, 23.856], [99.533, 23.862], [99.545, 23.869], [99.559, 23.877], [99.566, 23.883], [99.574, 23.892], [99.578, 23.898], [99.594, 23.913], [99.607, 23.928], [99.62, 23.942], [99.632, 23.952], [99.644, 23.96], [99.661, 23.972], [99.664, 23.976], [99.67, 23.982], [99.681, 23.991], [99.692, 24.001], [99.701, 24.01], [99.709, 24.02], [99.714, 24.029], [99.721, 24.037], [99.729, 24.046], [99.735, 24.054], [99.741, 24.059], [99.746, 24.064], [99.749, 24.07], [99.751, 24.075], [99.755, 24.079], [99.76, 24.083], [99.765, 24.087], [99.77, 24.09], [99.774, 24.092], [99.78, 24.098], [99.795, 24.11], [99.806, 24.12], [99.814, 24.129], [99.822, 24.139], [99.833, 24.148], [99.842, 24.157], [99.857, 24.168], [99.869, 24.178], [99.878, 24.187], [99.891, 24.202], [99.908, 24.22], [99.925, 24.241], [99.939, 24.26], [99.95, 24.276], [99.958, 24.289], [99.968, 24.298], [99.983, 24.309], [99.991, 24.317], [99.999, 24.322], [100.004, 24.327], [100.012, 24.332], [100.017, 24.337], [100.021, 24.342], [100.026, 24.344], [100.03, 24.348], [100.038, 24.358], [100.042, 24.365], [100.045, 24.37], [100.049, 24.375], [100.053, 24.379], [100.058, 24.385], [100.061, 24.389], [100.065, 24.394], [100.068, 24.398], [100.072, 24.4], [100.076, 24.405], [100.081, 24.411], [100.083, 24.414], [100.085, 24.418], [100.087, 24.422], [100.087, 24.423]]}}, {"type": "Feature", "properties": {"average_dip": "(90.0,,)", "average_rake": "(0.0,,)", "catalog_id": "EOS_AF0005", "catalog_name": "EOS_SE_Asia", "lower_seis_depth": "(15.0,,)", "slip_type": "Sinistral", "upper_seis_depth": "(1.0,,)"}, "geometry": {"type": "LineString", "coordinates": [[97.751, 23.042], [97.76, 23.042], [97.782, 23.042], [97.805, 23.045], [97.826, 23.048], [97.845, 23.051], [97.857, 23.055], [97.87, 23.064], [97.879, 23.073], [97.893, 23.073], [97.906, 23.073], [97.914, 23.073], [97.926, 23.072], [97.938, 23.073], [97.949, 23.074], [97.962, 23.073], [97.977, 23.072], [97.987, 23.072], [97.999, 23.072], [98.008, 23.073], [98.021, 23.072], [98.031, 23.071], [98.04, 23.069], [98.051, 23.069], [98.066, 23.07], [98.077, 23.069], [98.085, 23.071], [98.097, 23.072], [98.109, 23.072], [98.122, 23.072], [98.134, 23.071], [98.145, 23.073], [98.154, 23.074], [98.162, 23.076], [98.169, 23.077], [98.176, 23.079], [98.186, 23.082], [98.193, 23.084], [98.205, 23.088], [98.223, 23.091], [98.243, 23.097], [98.253, 23.106], [98.281, 23.119], [98.307, 23.136], [98.314, 23.142], [98.323, 23.155], [98.334, 23.168], [98.348, 23.185], [98.355, 23.199], [98.373, 23.203], [98.39, 23.216], [98.398, 23.227], [98.407, 23.235], [98.418, 23.24], [98.44, 23.247], [98.477, 23.265]]}}, {"type": "Feature", "properties": {"average_dip": "(90.0,,)", "average_rake": "(0.0,,)", "catalog_id": "EOS_AF0006", "catalog_name": "EOS_SE_Asia", "lower_seis_depth": "(15.0,,)", "slip_type": "Sinistral", "upper_seis_depth": "(1.0,,)"}, "geometry": {"type": "LineString", "coordinates": [[97.022, 22.555], [97.031, 22.556], [97.042, 22.555], [97.053, 22.554], [97.064, 22.553], [97.076, 22.553], [97.087, 22.555], [97.105, 22.556], [97.111, 22.557], [97.119, 22.559], [97.13, 22.559], [97.137, 22.56], [97.152, 22.563], [97.162, 22.57], [97.184, 22.579], [97.21, 22.587], [97.233, 22.6], [97.25, 22.617], [97.254, 22.634], [97.264, 22.646], [97.287, 22.661], [97.319, 22.69]]}}, {"type": "Feature", "properties": {"average_dip": "(90.0,,)", "average_rake": "(0.0,,)", "catalog_id": "EOS_AF0007", "catalog_name": "EOS_SE_Asia", "lower_seis_depth": "(15.0,,)", "slip_type": "Sinistral", "upper_seis_depth": "(1.0,,)"}, "geometry": {"type": "LineString", "coordinates": [[97.275, 22.71], [97.28, 22.713], [97.288, 22.712], [97.297, 22.71], [97.305, 22.71], [97.318, 22.708], [97.33, 22.707], [97.337, 22.708], [97.366, 22.721], [97.417, 22.743], [97.438, 22.755], [97.457, 22.762], [97.481, 22.772], [97.507, 22.779], [97.542, 22.781], [97.585, 22.788], [97.615, 22.793], [97.653, 22.798], [97.688, 22.803], [97.72, 22.806], [97.777, 22.816], [97.81, 22.819], [97.85, 22.828], [97.907, 22.835], [97.946, 22.837], [97.981, 22.847], [98.027, 22.856], [98.085, 22.866], [98.13, 22.878], [98.159, 22.884], [98.202, 22.887], [98.271, 22.897], [98.314, 22.901], [98.36, 22.905], [98.411, 22.91], [98.434, 22.934], [98.445, 22.954]]}}, {"type": "Feature", "properties": {"average_dip": "(90.0,,)", "average_rake": "(0.0,,)", "catalog_id": "EOS_AF0008", "catalog_name": "EOS_SE_Asia", "lower_seis_depth": "(15.0,,)", "slip_type": "Sinistral", "upper_seis_depth": "(1.0,,)"}, "geometry": {"type": "LineString", "coordinates": [[98.469, 22.946], [98.474, 22.949], [98.479, 22.954], [98.484, 22.958], [98.488, 22.962], [98.493, 22.966], [98.499, 22.969], [98.505, 22.972], [98.511, 22.976], [98.515, 22.978], [98.549, 22.993], [98.599, 23.019], [98.644, 23.047], [98.673, 23.076], [98.694, 23.097], [98.718, 23.11], [98.754, 23.14], [98.771, 23.153], [98.783, 23.167], [98.791, 23.19]]}}, {"type": "Feature", "properties": {"average_dip": "(90.0,,)", "average_rake": "(0.0,,)", "catalog_id": "EOS_AF0009", "catalog_name": "EOS_SE_Asia", "lower_seis_depth": "(15.0,,)", "slip_type": "Sinistral", "upper_seis_depth": "(1.0,,)"}, "geometry": {"type": "LineString", "coordinates": [[98.003, 22.965], [98.016, 22.965], [98.027, 22.967], [98.038, 22.97], [98.051, 22.971], [98.068, 22.971], [98.088, 22.97], [98.104, 22.972], [98.137, 22.98], [98.177, 22.994], [98.213, 23.001], [98.24, 23.012], [98.271, 23.023]]}}, {"type": "Feature", "properties": {"average_dip": "(90.0,,)", "average_rake": "(180.0,,)", "catalog_id": "EOS_AF0010", "catalog_name": "EOS_SE_Asia", "lower_seis_depth": "(15.0,,)", "slip_type": "Dextral", "upper_seis_depth": "(1.0,,)"}, "geometry": {"type": "LineString", "coordinates": [[100.415, 25.472], [100.4, 25.435], [100.393, 25.424], [100.392, 25.413], [100.392, 25.393], [100.396, 25.382], [100.402, 25.373], [100.411, 25.364], [100.42, 25.356], [100.435, 25.34], [100.468, 25.315], [100.51, 25.275], [100.54, 25.242], [100.544, 25.236], [100.548, 25.231], [100.558, 25.214], [100.565, 25.208], [100.568, 25.204], [100.572, 25.199], [100.577, 25.187], [100.584, 25.169], [100.587, 25.161], [100.589, 25.152], [100.596, 25.142], [100.603, 25.129], [100.605, 25.123], [100.618, 25.114], [100.634, 25.096], [100.647, 25.075], [100.669, 25.039], [100.677, 25.026], [100.681, 25.019], [100.686, 25.014], [100.696, 25.008], [100.702, 25.003], [100.713, 24.996], [100.722, 24.986], [100.734, 24.971], [100.761, 24.946], [100.793, 24.931], [100.804, 24.923], [100.814, 24.914], [100.827, 24.907], [100.835, 24.903], [100.843, 24.898], [100.856, 24.888], [100.864, 24.88], [100.883, 24.864], [100.897, 24.848], [100.909, 24.837], [100.915, 24.829], [100.957, 24.787], [101.028, 24.71], [101.064, 24.665], [101.104, 24.621], [101.131, 24.588], [101.193, 24.517], [101.24, 24.463], [101.286, 24.414], [101.335, 24.347], [101.372, 24.3], [101.41, 24.247], [101.443, 24.195], [101.491, 24.134], [101.511, 24.111], [101.543, 24.069], [101.603, 23.988], [101.643, 23.934], [101.663, 23.909], [101.686, 23.873], [101.715, 23.829], [101.734, 23.809], [101.744, 23.787], [101.773, 23.738], [101.79, 23.714], [101.821, 23.685], [101.854, 23.658], [101.915, 23.626], [101.945, 23.608], [101.973, 23.585], [102.006, 23.563], [102.055, 23.529], [102.121, 23.489], [102.162, 23.467], [102.266, 23.408], [102.324, 23.383], [102.388, 23.363], [102.456, 23.341], [102.525, 23.325], [102.593, 23.31], [102.648, 23.296], [102.697, 23.283], [102.745, 23.265], [102.786, 23.246], [102.813, 23.232], [102.834, 23.221], [102.86, 23.21], [102.874, 23.209], [102.893, 23.201], [102.917, 23.192], [102.958, 23.173], [102.998, 23.158], [103.014, 23.15], [103.038, 23.139], [103.061, 23.128], [103.091, 23.111], [103.156, 23.088], [103.2, 23.075], [103.229, 23.061], [103.275, 23.039], [103.353, 23.0]]}}, {"type": "Feature", "properties": {"average_dip": "(90.0,,)", "average_rake": "(-90.0,,)", "catalog_id": "EOS_AF0011", "catalog_name": "EOS_SE_Asia", "lower_seis_depth": "(15.0,,)", "slip_type": "Normal", "upper_seis_depth": "(1.0,,)"}, "geometry": {"type": "LineString", "coordinates": [[99.503, 25.079], [99.498, 25.07], [99.488, 25.06], [99.483, 25.052], [99.478, 25.044], [99.476, 25.038], [99.471, 25.029], [99.466, 25.02], [99.463, 25.008], [99.459, 24.991], [99.455, 24.981], [99.451, 24.966], [99.448, 24.955], [99.444, 24.946], [99.443, 24.937], [99.44, 24.928], [99.435, 24.916], [99.433, 24.902], [99.43, 24.893], [99.427, 24.886], [99.421, 24.876], [99.417, 24.865], [99.409, 24.859], [99.399, 24.848], [99.388, 24.838], [99.381, 24.826], [99.376, 24.811], [99.377, 24.805], [99.378, 24.791], [99.392, 24.776], [99.427, 24.746]]}}, {"type": "Feature", "properties": {"average_dip": "(90.0,,)", "average_rake": "(0.0,,)", "catalog_id": "EOS_AF0012", "catalog_name": "EOS_SE_Asia", "lower_seis_depth": "(15.0,,)", "slip_type": "Sinistral", "upper_seis_depth": "(1.0,,)"}, "geometry": {"type": "LineString", "coordinates": [[98.727, 24.147], [98.763, 24.152], [98.793, 24.157], [98.814, 24.165], [98.834, 24.17], [98.857, 24.171], [98.885, 24.176], [98.91, 24.183], [98.94, 24.193], [98.968, 24.203], [98.997, 24.21], [99.031, 24.219], [99.054, 24.226], [99.08, 24.246], [99.084, 24.252], [99.098, 24.265], [99.112, 24.279], [99.127, 24.292], [99.139, 24.309], [99.154, 24.321], [99.183, 24.36], [99.218, 24.389], [99.233, 24.419], [99.251, 24.441], [99.285, 24.477], [99.305, 24.493], [99.317, 24.521], [99.323, 24.53]]}}, {"type": "Feature", "properties": {"average_dip": "(90.0,,)", "average_rake": "(0.0,,)", "catalog_id": "EOS_AF0013", "catalog_name": "EOS_SE_Asia", "lower_seis_depth": "(15.0,,)", "slip_type": "Sinistral", "upper_seis_depth": "(1.0,,)"}, "geometry": {"type": "LineString", "coordinates": [[97.899, 24.04], [97.933, 24.053], [97.955, 24.06], [97.965, 24.065], [97.975, 24.068], [97.989, 24.073], [98.005, 24.077], [98.029, 24.083], [98.05, 24.093], [98.065, 24.098], [98.083, 24.1], [98.097, 24.101], [98.112, 24.102], [98.129, 24.102], [98.136, 24.102], [98.184, 24.103], [98.253, 24.103], [98.304, 24.108], [98.355, 24.115], [98.416, 24.122], [98.46, 24.127], [98.533, 24.13], [98.61, 24.136], [98.682, 24.142], [98.727, 24.147]]}}, {"type": "Feature", "properties": {"average_dip": "(90.0,,)", "average_rake": "(0.0,,)", "catalog_id": "EOS_AF0014", "catalog_name": "EOS_SE_Asia", "lower_seis_depth": "(10.0,,)", "slip_type": "Sinistral", "upper_seis_depth": "(1.0,,)"}, "geometry": {"type": "LineString", "coordinates": [[97.894, 24.046], [97.904, 24.061], [97.92, 24.078], [97.931, 24.088], [97.937, 24.096], [97.945, 24.106], [97.963, 24.118], [97.974, 24.126], [97.983, 24.132], [97.992, 24.138], [98.003, 24.145], [98.013, 24.152], [98.024, 24.16], [98.036, 24.167], [98.044, 24.173], [98.055, 24.179], [98.063, 24.186], [98.092, 24.205], [98.134, 24.226], [98.184, 24.249], [98.225, 24.272], [98.285, 24.299], [98.317, 24.313], [98.368, 24.338], [98.439, 24.377], [98.457, 24.387], [98.485, 24.418], [98.5, 24.431], [98.535, 24.453], [98.559, 24.472], [98.595, 24.503], [98.63, 24.537]]}}, {"type": "Feature", "properties": {"average_dip": "(90.0,,)", "average_rake": "(0.0,,)", "catalog_id": "EOS_AF0015", "catalog_name": "EOS_SE_Asia", "lower_seis_depth": "(15.0,,)", "slip_type": "Sinistral", "upper_seis_depth": "(1.0,,)"}, "geometry": {"type": "LineString", "coordinates": [[97.273, 23.592], [97.28, 23.597], [97.292, 23.602], [97.306, 23.609], [97.32, 23.614], [97.333, 23.622], [97.35, 23.629], [97.368, 23.638], [97.382, 23.646], [97.389, 23.65], [97.402, 23.656], [97.407, 23.661], [97.412, 23.664], [97.463, 23.681], [97.5, 23.699], [97.535, 23.725], [97.551, 23.734], [97.617, 23.774], [97.637, 23.795], [97.658, 23.817], [97.681, 23.826], [97.695, 23.84], [97.702, 23.852], [97.72, 23.862], [97.735, 23.872], [97.761, 23.889], [97.781, 23.901], [97.801, 23.917], [97.828, 23.933], [97.841, 23.938], [97.87, 23.953], [97.887, 23.958], [97.902, 23.958]]}}, {"type": "Feature", "properties": {"average_dip": "(90.0,,)", "average_rake": "(0.0,,)", "catalog_id": "EOS_AF0016", "catalog_name": "EOS_SE_Asia", "lower_seis_depth": "(10.0,,)", "slip_type": "Sinistral", "upper_seis_depth": "(1.0,,)"}, "geometry": {"type": "LineString", "coordinates": [[98.126, 24.329], [98.143, 24.331], [98.164, 24.336], [98.182, 24.341], [98.2, 24.347], [98.219, 24.353], [98.242, 24.359], [98.26, 24.364], [98.276, 24.369], [98.294, 24.375], [98.309, 24.381], [98.324, 24.387], [98.336, 24.394], [98.346, 24.403], [98.358, 24.411], [98.368, 24.418], [98.378, 24.42], [98.384, 24.422], [98.391, 24.424], [98.397, 24.428], [98.4, 24.433], [98.406, 24.437], [98.417, 24.444], [98.43, 24.45], [98.442, 24.456], [98.45, 24.462], [98.487, 24.487], [98.513, 24.515], [98.544, 24.53], [98.568, 24.539], [98.601, 24.557], [98.628, 24.571], [98.653, 24.581], [98.679, 24.601], [98.695, 24.616], [98.711, 24.637], [98.721, 24.659], [98.732, 24.683], [98.743, 24.715], [98.748, 24.735], [98.753, 24.76], [98.754, 24.789]]}}, {"type": "Feature", "properties": {"average_dip": "(90.0,,)", "average_rake": "(0.0,,)", "catalog_id": "EOS_AF0017", "catalog_name": "EOS_SE_Asia", "lower_seis_depth": "(10.0,,)", "slip_type": "Sinistral", "upper_seis_depth": "(1.0,,)"}, "geometry": {"type": "LineString", "coordinates": [[98.408, 24.981], [98.403, 24.952], [98.396, 24.94], [98.386, 24.924], [98.381, 24.896], [98.354, 24.867], [98.326, 24.832], [98.306, 24.81], [98.272, 24.792], [98.242, 24.786], [98.219, 24.777], [98.189, 24.766], [98.154, 24.75], [98.133, 24.737], [98.104, 24.732], [98.074, 24.716], [98.047, 24.702], [98.018, 24.684], [98.001, 24.67], [97.963, 24.652], [97.938, 24.623], [97.917, 24.605], [97.904, 24.591], [97.872, 24.575], [97.845, 24.554], [97.821, 24.538], [97.795, 24.516], [97.764, 24.495], [97.735, 24.473], [97.702, 24.456], [97.669, 24.44], [97.645, 24.434], [97.62, 24.435], [97.614, 24.435], [97.609, 24.434], [97.603, 24.433], [97.598, 24.433], [97.591, 24.433], [97.583, 24.432], [97.576, 24.431], [97.569, 24.43], [97.562, 24.428], [97.554, 24.425], [97.547, 24.422], [97.54, 24.419], [97.534, 24.416], [97.527, 24.413], [97.52, 24.409], [97.493, 24.398], [97.452, 24.364], [97.419, 24.34], [97.39, 24.312], [97.369, 24.291]]}}, {"type": "Feature", "properties": {"average_dip": "(90.0,,)", "average_rake": "(0.0,,)", "catalog_id": "EOS_AF0018", "catalog_name": "EOS_SE_Asia", "lower_seis_depth": "(10.0,,)", "slip_type": "Sinistral", "upper_seis_depth": "(1.0,,)"}, "geometry": {"type": "LineString", "coordinates": [[97.986, 24.527], [98.011, 24.526], [98.03, 24.523], [98.043, 24.52], [98.058, 24.518], [98.071, 24.519], [98.085, 24.519], [98.1, 24.519], [98.112, 24.519], [98.124, 24.518], [98.134, 24.515], [98.147, 24.513], [98.16, 24.513], [98.172, 24.513], [98.183, 24.513], [98.191, 24.513], [98.205, 24.514], [98.215, 24.515], [98.225, 24.517], [98.234, 24.517]]}}, {"type": "Feature", "properties": {"average_dip": "(90.0,,)", "average_rake": "(0.0,,)", "catalog_id": "EOS_AF0019", "catalog_name": "EOS_SE_Asia", "lower_seis_depth": "(10.0,,)", "slip_type": "Sinistral", "upper_seis_depth": "(1.0,,)"}, "geometry": {"type": "LineString", "coordinates": [[97.969, 24.505], [97.957, 24.495], [97.93, 24.47], [97.904, 24.45], [97.893, 24.442], [97.882, 24.434], [97.865, 24.424], [97.854, 24.418], [97.837, 24.414], [97.825, 24.41], [97.808, 24.403], [97.785, 24.394], [97.758, 24.386], [97.738, 24.382], [97.708, 24.377], [97.692, 24.376], [97.675, 24.378], [97.65, 24.385], [97.626, 24.392], [97.606, 24.393], [97.582, 24.395], [97.573, 24.394], [97.546, 24.384], [97.524, 24.372], [97.501, 24.355], [97.471, 24.325]]}}, {"type": "Feature", "properties": {"average_dip": "(90.0,,)", "average_rake": "(180.0,,)", "catalog_id": "EOS_AF0020", "catalog_name": "EOS_SE_Asia", "lower_seis_depth": "(15.0,,)", "slip_type": "Dextral", "upper_seis_depth": "(1.0,,)"}, "geometry": {"type": "LineString", "coordinates": [[97.662, 23.518], [97.663, 23.521], [97.665, 23.524], [97.668, 23.525], [97.671, 23.526], [97.674, 23.527], [97.676, 23.529], [97.678, 23.531], [97.68, 23.532], [97.683, 23.533], [97.686, 23.534], [97.688, 23.536], [97.691, 23.538], [97.693, 23.538], [97.695, 23.54], [97.697, 23.541], [97.7, 23.543], [97.702, 23.544], [97.704, 23.546], [97.708, 23.548], [97.71, 23.55], [97.713, 23.553], [97.716, 23.554], [97.719, 23.555], [97.721, 23.555], [97.724, 23.556], [97.74, 23.571], [97.759, 23.593], [97.775, 23.614], [97.78, 23.63], [97.794, 23.655], [97.808, 23.67], [97.834, 23.682], [97.866, 23.704], [97.881, 23.712], [97.907, 23.726], [97.929, 23.741], [97.967, 23.761], [97.987, 23.765], [97.998, 23.761], [98.032, 23.769], [98.055, 23.783], [98.084, 23.8], [98.115, 23.812], [98.138, 23.822], [98.164, 23.838]]}}, {"type": "Feature", "properties": {"average_dip": "(90.0,,)", "average_rake": "(180.0,,)", "catalog_id": "EOS_AF0021", "catalog_name": "EOS_SE_Asia", "lower_seis_depth": "(15.0,,)", "slip_type": "Dextral", "upper_seis_depth": "(1.0,,)"}, "geometry": {"type": "LineString", "coordinates": [[97.322, 23.202], [97.327, 23.21], [97.334, 23.218], [97.339, 23.227], [97.344, 23.234], [97.351, 23.242], [97.358, 23.252], [97.366, 23.26], [97.373, 23.265], [97.381, 23.276], [97.389, 23.28], [97.392, 23.285], [97.397, 23.29], [97.401, 23.295], [97.404, 23.299], [97.408, 23.303], [97.412, 23.31], [97.416, 23.314], [97.42, 23.318], [97.424, 23.324], [97.43, 23.331], [97.435, 23.337], [97.44, 23.341], [97.444, 23.345], [97.447, 23.348], [97.45, 23.351], [97.454, 23.352], [97.457, 23.353], [97.458, 23.356], [97.46, 23.359], [97.46, 23.363], [97.462, 23.366], [97.465, 23.369], [97.467, 23.373], [97.47, 23.375], [97.475, 23.377], [97.48, 23.378], [97.483, 23.379], [97.487, 23.383], [97.49, 23.386], [97.494, 23.388], [97.498, 23.392], [97.503, 23.395], [97.509, 23.396], [97.515, 23.396], [97.522, 23.396], [97.526, 23.395], [97.53, 23.395], [97.534, 23.395], [97.538, 23.395], [97.542, 23.397], [97.545, 23.399], [97.546, 23.405], [97.549, 23.408], [97.553, 23.411], [97.559, 23.414], [97.564, 23.419], [97.57, 23.422], [97.574, 23.426], [97.577, 23.428], [97.585, 23.43], [97.591, 23.43], [97.596, 23.43], [97.61, 23.437], [97.621, 23.442], [97.632, 23.448], [97.642, 23.456], [97.645, 23.457], [97.65, 23.47], [97.656, 23.481], [97.668, 23.494], [97.676, 23.504]]}}, {"type": "Feature", "properties": {"average_dip": "(90.0,,)", "average_rake": "(0.0,,)", "catalog_id": "EOS_AF0022", "catalog_name": "EOS_SE_Asia", "lower_seis_depth": "(15.0,,)", "slip_type": "Sinistral", "upper_seis_depth": "(1.0,,)"}, "geometry": {"type": "LineString", "coordinates": [[96.926, 23.361], [96.932, 23.358], [96.943, 23.355], [96.952, 23.355], [96.962, 23.354], [96.971, 23.351], [96.977, 23.35], [96.985, 23.351], [96.994, 23.352], [97.005, 23.351], [97.012, 23.352], [97.019, 23.355], [97.026, 23.357], [97.033, 23.361], [97.041, 23.364], [97.049, 23.368], [97.057, 23.371], [97.066, 23.375], [97.071, 23.379], [97.085, 23.386], [97.108, 23.4], [97.127, 23.409], [97.137, 23.413], [97.151, 23.424], [97.162, 23.43], [97.183, 23.434], [97.197, 23.437], [97.211, 23.441], [97.231, 23.449], [97.249, 23.46], [97.277, 23.465], [97.309, 23.468], [97.335, 23.466], [97.358, 23.467], [97.375, 23.477], [97.396, 23.48], [97.414, 23.489], [97.44, 23.488], [97.461, 23.49], [97.508, 23.486], [97.53, 23.486], [97.557, 23.49], [97.581, 23.492], [97.608, 23.494]]}}, {"type": "Feature", "properties": {"average_dip": "(80.0,,)", "average_rake": "(0.0,,)", "catalog_id": "EOS_AF0023", "catalog_name": "EOS_SE_Asia", "lower_seis_depth": "(15.0,,)", "slip_type": "Sinistral", "upper_seis_depth": "(1.0,,)"}, "geometry": {"type": "LineString", "coordinates": [[97.546, 24.947], [97.551, 24.932], [97.554, 24.918], [97.555, 24.909], [97.555, 24.9], [97.555, 24.886], [97.559, 24.87], [97.562, 24.856], [97.564, 24.841], [97.568, 24.827], [97.568, 24.813], [97.567, 24.797], [97.566, 24.783], [97.568, 24.772], [97.568, 24.756], [97.567, 24.745], [97.567, 24.735], [97.567, 24.723], [97.568, 24.709], [97.568, 24.692], [97.571, 24.663], [97.57, 24.653], [97.568, 24.636], [97.568, 24.619], [97.566, 24.603], [97.564, 24.587], [97.562, 24.572], [97.562, 24.557], [97.559, 24.545], [97.559, 24.531], [97.558, 24.512], [97.556, 24.499], [97.552, 24.485], [97.547, 24.475], [97.542, 24.466], [97.533, 24.455], [97.528, 24.447], [97.523, 24.437], [97.519, 24.432], [97.512, 24.426]]}}, {"type": "Feature", "properties": {"average_dip": "(90.0,,)", "average_rake": "(180.0,,)", "catalog_id": "EOS_AF0024", "catalog_name": "EOS_SE_Asia", "lower_seis_depth": "(15.0,,)", "slip_type": "Dextral", "upper_seis_depth": "(1.0,,)"}, "geometry": {"type": "LineString", "coordinates": [[97.956, 25.007], [97.957, 24.995], [97.956, 24.983], [97.948, 24.97], [97.943, 24.96], [97.941, 24.945], [97.941, 24.93], [97.941, 24.912], [97.941, 24.896], [97.941, 24.882], [97.942, 24.866], [97.944, 24.849], [97.947, 24.832], [97.95, 24.814], [97.95, 24.804], [97.949, 24.796], [97.948, 24.787], [97.946, 24.775], [97.945, 24.762], [97.946, 24.748], [97.947, 24.735], [97.95, 24.718], [97.95, 24.705], [97.946, 24.698]]}}, {"type": "Feature", "properties": {"average_dip": "(90.0,,)", "average_rake": "(180.0,,)", "catalog_id": "EOS_AF0025", "catalog_name": "EOS_SE_Asia", "lower_seis_depth": "(15.0,,)", "slip_type": "Dextral", "upper_seis_depth": "(1.0,,)"}, "geometry": {"type": "LineString", "coordinates": [[97.942, 25.511], [97.941, 25.492], [97.936, 25.478], [97.929, 25.463], [97.921, 25.453], [97.913, 25.441], [97.907, 25.43], [97.902, 25.414], [97.899, 25.397], [97.895, 25.381], [97.894, 25.359], [97.894, 25.336], [97.895, 25.314], [97.896, 25.291], [97.904, 25.265], [97.91, 25.242], [97.916, 25.22], [97.92, 25.197], [97.925, 25.172], [97.93, 25.146], [97.935, 25.128], [97.939, 25.111], [97.939, 25.101], [97.943, 25.072], [97.951, 25.013], [97.948, 25.002], [97.943, 24.985], [97.936, 24.974], [97.921, 24.954]]}}, {"type": "Feature", "properties": {"average_dip": "(70.0,,)", "average_rake": "(0.0,,)", "catalog_id": "EOS_AF0026", "catalog_name": "EOS_SE_Asia", "lower_seis_depth": "(15.0,,)", "slip_type": "Sinistral", "upper_seis_depth": "(1.0,,)"}, "geometry": {"type": "LineString", "coordinates": [[98.106, 24.811], [98.119, 24.826], [98.136, 24.847], [98.15, 24.869], [98.167, 24.89], [98.19, 24.902], [98.204, 24.913], [98.217, 24.928], [98.228, 24.939], [98.241, 24.949], [98.251, 24.954], [98.262, 24.959], [98.283, 24.973], [98.299, 24.983], [98.309, 24.999], [98.31, 25.019], [98.311, 25.034], [98.311, 25.052]]}}, {"type": "Feature", "properties": {"average_dip": "(70.0,,)", "average_rake": "(0.0,,)", "catalog_id": "EOS_AF0027", "catalog_name": "EOS_SE_Asia", "lower_seis_depth": "(15.0,,)", "slip_type": "Sinistral", "upper_seis_depth": "(1.0,,)"}, "geometry": {"type": "LineString", "coordinates": [[97.791, 24.855], [97.788, 24.851], [97.782, 24.847], [97.775, 24.841], [97.768, 24.837], [97.759, 24.831], [97.751, 24.826], [97.742, 24.822], [97.733, 24.817], [97.723, 24.811], [97.715, 24.805], [97.71, 24.802], [97.705, 24.797], [97.7, 24.793], [97.692, 24.784], [97.685, 24.774], [97.682, 24.766], [97.675, 24.75], [97.671, 24.732], [97.671, 24.713], [97.676, 24.692], [97.682, 24.673]]}}, {"type": "Feature", "properties": {"average_dip": "(70.0,,)", "average_rake": "(0.0,,)", "catalog_id": "EOS_AF0028", "catalog_name": "EOS_SE_Asia", "lower_seis_depth": "(15.0,,)", "slip_type": "Sinistral", "upper_seis_depth": "(1.0,,)"}, "geometry": {"type": "LineString", "coordinates": [[97.369, 23.786], [97.384, 23.786], [97.405, 23.788], [97.43, 23.789], [97.449, 23.792], [97.464, 23.796], [97.479, 23.799], [97.497, 23.801], [97.511, 23.804], [97.525, 23.807], [97.542, 23.815], [97.563, 23.819], [97.585, 23.82], [97.623, 23.822], [97.644, 23.824]]}}, {"type": "Feature", "properties": {"average_dip": "(90.0,,)", "average_rake": "(0.0,,)", "catalog_id": "EOS_AF0029", "catalog_name": "EOS_SE_Asia", "lower_seis_depth": "(10.0,,)", "slip_type": "Sinistral", "upper_seis_depth": "(1.0,,)"}, "geometry": {"type": "LineString", "coordinates": [[97.865, 24.059], [97.857, 24.053], [97.84, 24.039], [97.823, 24.029], [97.807, 24.02], [97.798, 24.016], [97.79, 24.01], [97.785, 24.004], [97.774, 23.995], [97.759, 23.983], [97.747, 23.973], [97.685, 23.938], [97.664, 23.93], [97.647, 23.925], [97.613, 23.911], [97.609, 23.902], [97.59, 23.872]]}}, {"type": "Feature", "properties": {"average_dip": "(90.0,,)", "average_rake": "(180.0,,)", "catalog_id": "EOS_AF0030", "catalog_name": "EOS_SE_Asia", "lower_seis_depth": "(15.0,,)", "slip_type": "Dextral", "upper_seis_depth": "(1.0,,)"}, "geometry": {"type": "LineString", "coordinates": [[98.109, 25.571], [98.119, 25.558], [98.132, 25.543], [98.141, 25.53], [98.147, 25.522], [98.156, 25.511], [98.166, 25.496], [98.177, 25.483], [98.187, 25.47], [98.198, 25.454], [98.207, 25.445], [98.217, 25.436], [98.227, 25.423], [98.238, 25.406], [98.248, 25.394], [98.254, 25.385], [98.265, 25.374], [98.272, 25.367], [98.279, 25.355], [98.284, 25.348], [98.288, 25.339]]}}, {"type": "Feature", "properties": {"average_dip": "(90.0,,)", "average_rake": "(180.0,,)", "catalog_id": "EOS_AF0031", "catalog_name": "EOS_SE_Asia", "lower_seis_depth": "(15.0,,)", "slip_type": "Dextral", "upper_seis_depth": "(1.0,,)"}, "geometry": {"type": "LineString", "coordinates": [[98.25, 25.62], [98.249, 25.605], [98.25, 25.584], [98.246, 25.56], [98.246, 25.53], [98.248, 25.5], [98.249, 25.477], [98.252, 25.453], [98.257, 25.427], [98.265, 25.403], [98.273, 25.381], [98.277, 25.373], [98.296, 25.334], [98.314, 25.271], [98.325, 25.226], [98.329, 25.2], [98.349, 25.151], [98.36, 25.11]]}}, {"type": "Feature", "properties": {"average_dip": "(90.0,,)", "average_rake": "(180.0,,)", "catalog_id": "EOS_AF0032", "catalog_name": "EOS_SE_Asia", "lower_seis_depth": "(15.0,,)", "slip_type": "Dextral", "upper_seis_depth": "(1.0,,)"}, "geometry": {"type": "LineString", "coordinates": [[96.635, 22.51], [96.641, 22.506], [96.647, 22.501], [96.652, 22.493], [96.656, 22.487], [96.662, 22.481], [96.67, 22.472], [96.676, 22.464], [96.682, 22.456], [96.688, 22.446], [96.697, 22.434], [96.702, 22.424], [96.705, 22.415], [96.707, 22.406], [96.709, 22.399], [96.715, 22.374], [96.722, 22.346], [96.728, 22.313], [96.737, 22.289], [96.741, 22.27], [96.742, 22.255], [96.748, 22.228], [96.754, 22.202], [96.761, 22.185], [96.769, 22.165], [96.769, 22.158], [96.768, 22.138], [96.77, 22.118], [96.774, 22.088], [96.772, 22.071], [96.775, 22.04], [96.774, 22.01], [96.779, 21.987], [96.782, 21.963], [96.784, 21.941], [96.784, 21.916], [96.788, 21.9], [96.791, 21.883], [96.797, 21.854], [96.807, 21.828], [96.83, 21.787], [96.84, 21.761], [96.843, 21.733], [96.848, 21.714], [96.849, 21.689], [96.85, 21.649], [96.856, 21.628], [96.86, 21.596], [96.868, 21.547], [96.874, 21.512], [96.882, 21.493], [96.892, 21.466], [96.899, 21.441], [96.911, 21.41], [96.922, 21.278], [96.93, 21.1]]}}, {"type": "Feature", "properties": {"average_dip": "(90.0,,)", "average_rake": "(0.0,,)", "catalog_id": "EOS_AF0033", "catalog_name": "EOS_SE_Asia", "lower_seis_depth": "(15.0,,)", "slip_type": "Sinistral", "upper_seis_depth": "(1.0,,)"}, "geometry": {"type": "LineString", "coordinates": [[99.256, 23.183], [99.266, 23.202], [99.274, 23.217], [99.285, 23.243], [99.3, 23.258], [99.309, 23.268], [99.316, 23.283], [99.323, 23.294], [99.329, 23.306], [99.335, 23.314], [99.339, 23.326], [99.343, 23.337], [99.348, 23.348], [99.353, 23.363], [99.361, 23.38], [99.368, 23.393], [99.378, 23.405], [99.4, 23.417], [99.416, 23.431], [99.425, 23.444], [99.438, 23.459], [99.455, 23.478], [99.469, 23.497], [99.478, 23.51], [99.485, 23.529], [99.497, 23.55], [99.509, 23.563], [99.521, 23.573], [99.533, 23.586], [99.542, 23.606]]}}, {"type": "Feature", "properties": {"average_dip": "(90.0,,)", "average_rake": "(0.0,,)", "catalog_id": "EOS_AF0034", "catalog_name": "EOS_SE_Asia", "lower_seis_depth": "(15.0,,)", "slip_type": "Sinistral", "upper_seis_depth": "(1.0,,)"}, "geometry": {"type": "LineString", "coordinates": [[99.701, 23.845], [99.674, 23.814], [99.668, 23.8], [99.665, 23.794], [99.662, 23.789], [99.658, 23.784], [99.648, 23.772], [99.643, 23.764], [99.635, 23.75], [99.629, 23.739], [99.62, 23.728], [99.611, 23.717], [99.598, 23.705], [99.589, 23.696], [99.576, 23.685], [99.564, 23.67], [99.553, 23.654], [99.533, 23.62]]}}, {"type": "Feature", "properties": {"average_dip": "(90.0,,)", "average_rake": "(0.0,,)", "catalog_id": "EOS_AF0035", "catalog_name": "EOS_SE_Asia", "lower_seis_depth": "(15.0,,)", "slip_type": "Sinistral", "upper_seis_depth": "(1.0,,)"}, "geometry": {"type": "LineString", "coordinates": [[99.655, 23.83], [99.66, 23.841], [99.669, 23.854], [99.682, 23.869], [99.695, 23.889], [99.71, 23.904], [99.727, 23.918], [99.741, 23.919], [99.747, 23.923], [99.759, 23.938], [99.769, 23.954], [99.78, 23.968], [99.795, 23.98], [99.81, 23.991], [99.828, 24.008], [99.843, 24.023], [99.855, 24.04], [99.867, 24.052], [99.88, 24.066], [99.896, 24.075], [99.904, 24.085], [99.918, 24.1], [99.925, 24.105], [99.932, 24.11], [99.939, 24.117], [99.954, 24.133], [99.977, 24.161]]}}, {"type": "Feature", "properties": {"average_dip": "(90.0,,)", "average_rake": "(180.0,,)", "catalog_id": "EOS_AF0036", "catalog_name": "EOS_SE_Asia", "lower_seis_depth": "(15.0,,)", "slip_type": "Dextral", "upper_seis_depth": "(1.0,,)"}, "geometry": {"type": "LineString", "coordinates": [[100.131, 24.243], [100.153, 24.23], [100.175, 24.219], [100.197, 24.203], [100.216, 24.188], [100.235, 24.168], [100.249, 24.149], [100.265, 24.129], [100.277, 24.105], [100.289, 24.083], [100.299, 24.065], [100.311, 24.045], [100.326, 24.019], [100.332, 24.007], [100.339, 23.997], [100.342, 23.988], [100.345, 23.98], [100.35, 23.973], [100.356, 23.959], [100.361, 23.947], [100.365, 23.939]]}}, {"type": "Feature", "properties": {"average_dip": "(90.0,,)", "average_rake": "(0.0,,)", "catalog_id": "EOS_AF0037", "catalog_name": "EOS_SE_Asia", "lower_seis_depth": "(15.0,,)", "slip_type": "Sinistral", "upper_seis_depth": "(1.0,,)"}, "geometry": {"type": "LineString", "coordinates": [[100.365, 23.934], [100.365, 23.927], [100.368, 23.92], [100.371, 23.911], [100.377, 23.902], [100.38, 23.894], [100.384, 23.885], [100.39, 23.873], [100.389, 23.858], [100.387, 23.841], [100.384, 23.83], [100.38, 23.822], [100.38, 23.811], [100.378, 23.798], [100.376, 23.785], [100.375, 23.774], [100.374, 23.759], [100.369, 23.746], [100.363, 23.734], [100.358, 23.723], [100.353, 23.717], [100.347, 23.7], [100.337, 23.685], [100.332, 23.671], [100.33, 23.66], [100.324, 23.648], [100.319, 23.633], [100.313, 23.624], [100.308, 23.612], [100.3, 23.597], [100.296, 23.586], [100.29, 23.577], [100.282, 23.566], [100.272, 23.554], [100.263, 23.54], [100.255, 23.531], [100.247, 23.519], [100.24, 23.505], [100.24, 23.503]]}}, {"type": "Feature", "properties": {"average_dip": "(90.0,,)", "average_rake": "(0.0,,)", "catalog_id": "EOS_AF0038", "catalog_name": "EOS_SE_Asia", "lower_seis_depth": "(15.0,,)", "slip_type": "Sinistral", "upper_seis_depth": "(1.0,,)"}, "geometry": {"type": "LineString", "coordinates": [[99.94, 23.252], [99.958, 23.269], [99.977, 23.297], [99.986, 23.312], [100.001, 23.325], [100.023, 23.343], [100.038, 23.357], [100.066, 23.378], [100.084, 23.39], [100.117, 23.409], [100.131, 23.413], [100.155, 23.417], [100.182, 23.431], [100.201, 23.443], [100.221, 23.458], [100.226, 23.467], [100.228, 23.473], [100.23, 23.483], [100.24, 23.503], [100.278, 23.529], [100.314, 23.557], [100.345, 23.587]]}}, {"type": "Feature", "properties": {"average_dip": "(70.0,,)", "average_rake": "(180.0,,)", "catalog_id": "EOS_AF0039", "catalog_name": "EOS_SE_Asia", "lower_seis_depth": "(15.0,,)", "slip_type": "Dextral", "upper_seis_depth": "(1.0,,)"}, "geometry": {"type": "LineString", "coordinates": [[99.194, 24.73], [99.195, 24.756], [99.186, 24.797], [99.179, 24.822], [99.163, 24.845], [99.158, 24.862], [99.152, 24.873], [99.14, 24.884], [99.108, 24.904], [99.076, 24.923]]}}, {"type": "Feature", "properties": {"average_dip": "(90.0,,)", "average_rake": "(180.0,,)", "catalog_id": "EOS_AF0040", "catalog_name": "EOS_SE_Asia", "lower_seis_depth": "(15.0,,)", "slip_type": "Dextral", "upper_seis_depth": "(1.0,,)"}, "geometry": {"type": "LineString", "coordinates": [[98.886, 25.134], [98.89, 25.126], [98.896, 25.12], [98.902, 25.117], [98.908, 25.114], [98.912, 25.111], [98.918, 25.105], [98.925, 25.097], [98.929, 25.092], [98.936, 25.083], [98.943, 25.074], [98.948, 25.068], [98.954, 25.063], [98.959, 25.058], [98.965, 25.052], [98.973, 25.044], [98.977, 25.039], [98.982, 25.034], [98.987, 25.025], [98.993, 25.02], [98.999, 25.014], [99.007, 25.006], [99.011, 25.002], [99.016, 24.995], [99.019, 24.988], [99.024, 24.982], [99.029, 24.977], [99.032, 24.974], [99.034, 24.97], [99.035, 24.967], [99.035, 24.965], [99.052, 24.942], [99.077, 24.909], [99.085, 24.893], [99.115, 24.856], [99.146, 24.825]]}}, {"type": "Feature", "properties": {"average_dip": "(90.0,,)", "average_rake": "(180.0,,)", "catalog_id": "EOS_AF0041", "catalog_name": "EOS_SE_Asia", "lower_seis_depth": "(15.0,,)", "slip_type": "Dextral", "upper_seis_depth": "(1.0,,)"}, "geometry": {"type": "LineString", "coordinates": [[98.842, 25.826], [98.841, 25.811], [98.842, 25.797], [98.84, 25.784], [98.839, 25.772], [98.839, 25.759], [98.841, 25.747], [98.839, 25.738], [98.838, 25.729], [98.84, 25.721], [98.842, 25.711], [98.84, 25.699], [98.839, 25.687], [98.836, 25.678], [98.833, 25.657], [98.837, 25.515], [98.833, 25.495], [98.837, 25.477], [98.834, 25.45], [98.832, 25.419], [98.829, 25.389], [98.823, 25.37], [98.815, 25.345], [98.81, 25.328], [98.805, 25.302], [98.802, 25.294], [98.798, 25.274], [98.8, 25.254], [98.805, 25.24], [98.806, 25.212], [98.817, 25.164], [98.818, 25.124], [98.819, 25.092], [98.821, 25.061], [98.821, 25.034], [98.821, 25.02], [98.829, 24.992], [98.834, 24.96], [98.838, 24.93], [98.839, 24.907], [98.839, 24.873], [98.839, 24.852]]}}, {"type": "Feature", "properties": {"average_dip": "(90.0,,)", "average_rake": "(180.0,,)", "catalog_id": "EOS_AF0042", "catalog_name": "EOS_SE_Asia", "lower_seis_depth": "(15.0,,)", "slip_type": "Dextral", "upper_seis_depth": "(1.0,,)"}, "geometry": {"type": "LineString", "coordinates": [[98.74, 25.483], [98.74, 25.478], [98.74, 25.471], [98.739, 25.464], [98.738, 25.458], [98.737, 25.453], [98.735, 25.445], [98.734, 25.441], [98.733, 25.439], [98.731, 25.427], [98.729, 25.404], [98.722, 25.383], [98.711, 25.374], [98.709, 25.353], [98.702, 25.334], [98.702, 25.315], [98.701, 25.297], [98.698, 25.277], [98.696, 25.255], [98.687, 25.171], [98.691, 25.157], [98.693, 25.127], [98.696, 25.103], [98.701, 25.083], [98.708, 25.055], [98.718, 25.021], [98.726, 24.996], [98.74, 24.957], [98.751, 24.903], [98.751, 24.875], [98.757, 24.857], [98.761, 24.837], [98.757, 24.82]]}}, {"type": "Feature", "properties": {"average_dip": "(90.0,,)", "average_rake": "(-90.0,,)", "catalog_id": "EOS_AF0043", "catalog_name": "EOS_SE_Asia", "lower_seis_depth": "(15.0,,)", "slip_type": "Normal", "upper_seis_depth": "(1.0,,)"}, "geometry": {"type": "LineString", "coordinates": [[99.313, 24.419], [99.32, 24.405], [99.324, 24.384], [99.327, 24.365], [99.331, 24.343], [99.335, 24.327], [99.341, 24.31], [99.344, 24.294], [99.342, 24.236], [99.347, 24.195], [99.351, 24.161], [99.352, 24.118], [99.35, 24.098]]}}, {"type": "Feature", "properties": {"average_dip": "(90.0,,)", "average_rake": "(180.0,,)", "catalog_id": "EOS_AF0044", "catalog_name": "EOS_SE_Asia", "lower_seis_depth": "(15.0,,)", "slip_type": "Dextral", "upper_seis_depth": "(1.0,,)"}, "geometry": {"type": "LineString", "coordinates": [[98.903, 22.478], [98.894, 22.488], [98.886, 22.501], [98.873, 22.519], [98.868, 22.527], [98.862, 22.538], [98.86, 22.55], [98.856, 22.559], [98.845, 22.574], [98.841, 22.583], [98.834, 22.59], [98.826, 22.598], [98.82, 22.606], [98.815, 22.614], [98.81, 22.623], [98.806, 22.631], [98.801, 22.643], [98.795, 22.654], [98.789, 22.669], [98.782, 22.682], [98.778, 22.691], [98.775, 22.702], [98.771, 22.711], [98.767, 22.722], [98.763, 22.729], [98.755, 22.737], [98.748, 22.749], [98.743, 22.762], [98.74, 22.773], [98.734, 22.788], [98.732, 22.8], [98.732, 22.813], [98.727, 22.821], [98.721, 22.831], [98.719, 22.836], [98.718, 22.846], [98.717, 22.854], [98.713, 22.863]]}}, {"type": "Feature", "properties": {"average_dip": "(90.0,,)", "average_rake": "(0.0,,)", "catalog_id": "EOS_AF0045", "catalog_name": "EOS_SE_Asia", "lower_seis_depth": "(15.0,,)", "slip_type": "Sinistral", "upper_seis_depth": "(1.0,,)"}, "geometry": {"type": "LineString", "coordinates": [[98.765, 22.085], [98.776, 22.085], [98.786, 22.086], [98.801, 22.089], [98.812, 22.091], [98.824, 22.091], [98.837, 22.095], [98.851, 22.097], [98.858, 22.097], [98.861, 22.098], [98.893, 22.119], [98.939, 22.128], [98.967, 22.13], [99.015, 22.134], [99.082, 22.145], [99.13, 22.155], [99.172, 22.17], [99.219, 22.187], [99.267, 22.202], [99.314, 22.218], [99.367, 22.238], [99.402, 22.255], [99.447, 22.275], [99.496, 22.294], [99.518, 22.303], [99.575, 22.328], [99.61, 22.347], [99.66, 22.374], [99.704, 22.389], [99.722, 22.399], [99.749, 22.419], [99.782, 22.437], [99.82, 22.454], [99.845, 22.46]]}}, {"type": "Feature", "properties": {"average_dip": "(90.0,,)", "average_rake": "(0.0,,)", "catalog_id": "EOS_AF0046", "catalog_name": "EOS_SE_Asia", "lower_seis_depth": "(15.0,,)", "slip_type": "Sinistral", "upper_seis_depth": "(1.0,,)"}, "geometry": {"type": "LineString", "coordinates": [[98.778, 21.951], [98.786, 21.921], [98.791, 21.899], [98.798, 21.873], [98.811, 21.828], [98.824, 21.793], [98.829, 21.782], [98.836, 21.769], [98.845, 21.747], [98.856, 21.731], [98.864, 21.718], [98.871, 21.701], [98.877, 21.692], [98.884, 21.684], [98.892, 21.673], [98.899, 21.657], [98.907, 21.645], [98.909, 21.637], [98.916, 21.625], [98.927, 21.611], [98.931, 21.602], [98.931, 21.595], [98.935, 21.585], [98.94, 21.574], [98.943, 21.566], [98.951, 21.552], [98.966, 21.524], [98.972, 21.509], [98.978, 21.495], [98.984, 21.487], [98.989, 21.476], [98.995, 21.459], [99.0, 21.441], [99.002, 21.426], [99.006, 21.415], [99.012, 21.367], [99.025, 21.331], [99.033, 21.303], [99.044, 21.273], [99.076, 21.168], [99.081, 21.137], [99.084, 21.107], [99.091, 21.081], [99.099, 21.058], [99.114, 21.037], [99.123, 21.026]]}}, {"type": "Feature", "properties": {"average_dip": "(60.0,,)", "average_rake": "(-90.0,,)", "catalog_id": "EOS_AF0047", "catalog_name": "EOS_SE_Asia", "lower_seis_depth": "(15.0,,)", "slip_type": "Normal", "upper_seis_depth": "(1.0,,)"}, "geometry": {"type": "LineString", "coordinates": [[97.382, 21.245], [97.385, 21.258], [97.384, 21.269], [97.387, 21.28], [97.393, 21.292], [97.398, 21.302], [97.4, 21.315], [97.399, 21.329], [97.396, 21.341], [97.393, 21.349], [97.395, 21.36], [97.395, 21.372], [97.396, 21.383], [97.395, 21.393], [97.389, 21.407], [97.382, 21.419], [97.376, 21.428], [97.37, 21.442], [97.366, 21.454], [97.358, 21.467], [97.35, 21.479], [97.345, 21.489], [97.342, 21.501], [97.34, 21.512], [97.336, 21.524], [97.332, 21.535], [97.33, 21.545], [97.326, 21.56], [97.325, 21.575], [97.324, 21.59], [97.322, 21.605], [97.322, 21.617], [97.321, 21.627], [97.32, 21.64], [97.318, 21.651], [97.318, 21.664], [97.32, 21.676], [97.326, 21.697], [97.328, 21.714], [97.331, 21.729], [97.333, 21.74], [97.338, 21.749], [97.343, 21.76], [97.347, 21.769], [97.359, 21.795], [97.367, 21.823], [97.371, 21.854], [97.377, 21.884], [97.396, 21.917]]}}, {"type": "Feature", "properties": {"average_dip": "(90.0,,)", "average_rake": "(180.0,,)", "catalog_id": "EOS_AF0048", "catalog_name": "EOS_SE_Asia", "lower_seis_depth": "(15.0,,)", "slip_type": "Dextral", "upper_seis_depth": "(1.0,,)"}, "geometry": {"type": "LineString", "coordinates": [[99.444, 23.08], [99.469, 23.066], [99.504, 23.051], [99.527, 23.042], [99.552, 23.033], [99.575, 23.021], [99.596, 23.007], [99.611, 22.995], [99.625, 22.989], [99.658, 22.974], [99.689, 22.956], [99.714, 22.937], [99.739, 22.917], [99.768, 22.89], [99.791, 22.873], [99.801, 22.862], [99.808, 22.848], [99.821, 22.837], [99.838, 22.821], [99.848, 22.813], [99.857, 22.81], [99.866, 22.799], [99.879, 22.791], [99.888, 22.783], [99.903, 22.766], [99.928, 22.751], [99.935, 22.742], [99.956, 22.727], [99.959, 22.725], [99.966, 22.723], [99.972, 22.723], [99.978, 22.721], [99.981, 22.719], [99.983, 22.718], [99.985, 22.717], [100.01, 22.71], [100.037, 22.7], [100.057, 22.692], [100.085, 22.679], [100.107, 22.667], [100.122, 22.659], [100.136, 22.651], [100.148, 22.645], [100.159, 22.638], [100.17, 22.631], [100.175, 22.631], [100.189, 22.622], [100.217, 22.604], [100.232, 22.597], [100.248, 22.591], [100.269, 22.574], [100.299, 22.552], [100.328, 22.531], [100.346, 22.519], [100.366, 22.504], [100.375, 22.497]]}}, {"type": "Feature", "properties": {"average_dip": "(90.0,,)", "average_rake": "(180.0,,)", "catalog_id": "EOS_AF0049", "catalog_name": "EOS_SE_Asia", "lower_seis_depth": "(15.0,,)", "slip_type": "Dextral", "upper_seis_depth": "(1.0,,)"}, "geometry": {"type": "LineString", "coordinates": [[100.385, 22.496], [100.393, 22.494], [100.399, 22.492], [100.406, 22.49], [100.413, 22.489], [100.42, 22.487], [100.425, 22.487], [100.43, 22.485], [100.436, 22.482], [100.44, 22.481], [100.444, 22.48], [100.448, 22.48], [100.452, 22.478], [100.46, 22.474], [100.465, 22.47], [100.468, 22.467], [100.473, 22.463], [100.489, 22.453], [100.512, 22.439], [100.522, 22.427], [100.537, 22.414], [100.565, 22.397], [100.587, 22.378], [100.604, 22.362], [100.62, 22.342], [100.634, 22.325], [100.648, 22.313], [100.669, 22.283], [100.701, 22.249], [100.725, 22.227], [100.753, 22.205], [100.782, 22.174], [100.813, 22.149], [100.832, 22.132], [100.847, 22.114], [100.864, 22.102], [100.88, 22.095], [100.898, 22.092]]}}, {"type": "Feature", "properties": {"average_dip": "(90.0,,)", "average_rake": "(180.0,,)", "catalog_id": "EOS_AF0050", "catalog_name": "EOS_SE_Asia", "lower_seis_depth": "(15.0,,)", "slip_type": "Dextral", "upper_seis_depth": "(1.0,,)"}, "geometry": {"type": "LineString", "coordinates": [[99.86, 22.73], [99.902, 22.709], [99.939, 22.688], [99.963, 22.675], [99.973, 22.668], [99.988, 22.659], [100.003, 22.653], [100.012, 22.649], [100.022, 22.645], [100.029, 22.639], [100.035, 22.635], [100.04, 22.631], [100.046, 22.626], [100.06, 22.62], [100.073, 22.611], [100.079, 22.606], [100.084, 22.602], [100.091, 22.594], [100.099, 22.588], [100.112, 22.575], [100.135, 22.557], [100.163, 22.538], [100.18, 22.519], [100.207, 22.49], [100.214, 22.483]]}}, {"type": "Feature", "properties": {"average_dip": "(90.0,,)", "average_rake": "(180.0,,)", "catalog_id": "EOS_AF0051", "catalog_name": "EOS_SE_Asia", "lower_seis_depth": "(15.0,,)", "slip_type": "Dextral", "upper_seis_depth": "(1.0,,)"}, "geometry": {"type": "LineString", "coordinates": [[100.214, 22.483], [100.222, 22.476], [100.227, 22.472], [100.233, 22.467], [100.247, 22.457], [100.251, 22.453], [100.272, 22.436], [100.288, 22.422], [100.295, 22.412], [100.301, 22.402], [100.309, 22.392], [100.324, 22.379], [100.341, 22.368], [100.347, 22.364], [100.369, 22.352], [100.396, 22.337], [100.419, 22.326], [100.455, 22.308], [100.484, 22.296], [100.508, 22.285], [100.528, 22.28]]}}, {"type": "Feature", "properties": {"average_dip": "(90.0,,)", "average_rake": "(180.0,,)", "catalog_id": "EOS_AF0052", "catalog_name": "EOS_SE_Asia", "lower_seis_depth": "(15.0,,)", "slip_type": "Dextral", "upper_seis_depth": "(1.0,,)"}, "geometry": {"type": "LineString", "coordinates": [[100.528, 22.28], [100.54, 22.277], [100.563, 22.269], [100.582, 22.26], [100.596, 22.252], [100.606, 22.244], [100.631, 22.219], [100.646, 22.196], [100.656, 22.176], [100.664, 22.155], [100.671, 22.141], [100.68, 22.115], [100.687, 22.098]]}}, {"type": "Feature", "properties": {"average_dip": "(90.0,,)", "average_rake": "(180.0,,)", "catalog_id": "EOS_AF0053", "catalog_name": "EOS_SE_Asia", "lower_seis_depth": "(15.0,,)", "slip_type": "Dextral", "upper_seis_depth": "(1.0,,)"}, "geometry": {"type": "LineString", "coordinates": [[100.218, 22.475], [100.224, 22.464], [100.23, 22.455], [100.234, 22.445], [100.237, 22.436], [100.24, 22.428], [100.243, 22.422], [100.246, 22.417], [100.258, 22.403], [100.266, 22.395], [100.277, 22.388], [100.294, 22.371], [100.31, 22.355], [100.321, 22.345], [100.333, 22.337], [100.353, 22.322], [100.371, 22.306], [100.388, 22.296], [100.41, 22.285], [100.436, 22.273], [100.453, 22.267], [100.469, 22.257], [100.484, 22.242], [100.503, 22.226], [100.513, 22.219]]}}, {"type": "Feature", "properties": {"average_dip": "(90.0,,)", "average_rake": "(180.0,,)", "catalog_id": "EOS_AF0054", "catalog_name": "EOS_SE_Asia", "lower_seis_depth": "(15.0,,)", "slip_type": "Dextral", "upper_seis_depth": "(1.0,,)"}, "geometry": {"type": "LineString", "coordinates": [[100.365, 22.238], [100.392, 22.227], [100.412, 22.217], [100.425, 22.21], [100.439, 22.206], [100.452, 22.205], [100.465, 22.202], [100.476, 22.199], [100.485, 22.195], [100.495, 22.192], [100.506, 22.186], [100.514, 22.185], [100.521, 22.184], [100.533, 22.182], [100.54, 22.179], [100.557, 22.175], [100.573, 22.17], [100.587, 22.165], [100.613, 22.151], [100.633, 22.138], [100.648, 22.126], [100.665, 22.112], [100.685, 22.099], [100.699, 22.088], [100.718, 22.07], [100.732, 22.052], [100.741, 22.039], [100.748, 22.025], [100.751, 22.013], [100.75, 22.004], [100.754, 21.983], [100.756, 21.963]]}}, {"type": "Feature", "properties": {"average_dip": "(90.0,,)", "average_rake": "(0.0,,)", "catalog_id": "EOS_AF0055", "catalog_name": "EOS_SE_Asia", "lower_seis_depth": "(15.0,,)", "slip_type": "Sinistral", "upper_seis_depth": "(1.0,,)"}, "geometry": {"type": "LineString", "coordinates": [[99.902, 21.128], [99.906, 21.138], [99.909, 21.147], [99.913, 21.156], [99.919, 21.164], [99.923, 21.171], [99.927, 21.178], [99.931, 21.185], [99.936, 21.197], [99.94, 21.206], [99.945, 21.216], [99.949, 21.222], [99.952, 21.226], [99.955, 21.231], [99.958, 21.236], [99.968, 21.243], [99.982, 21.247], [100.002, 21.253], [100.015, 21.256]]}}, {"type": "Feature", "properties": {"average_dip": "(90.0,,)", "average_rake": "(0.0,,)", "catalog_id": "EOS_AF0056", "catalog_name": "EOS_SE_Asia", "lower_seis_depth": "(15.0,,)", "slip_type": "Sinistral", "upper_seis_depth": "(1.0,,)"}, "geometry": {"type": "LineString", "coordinates": [[99.74, 21.507], [99.756, 21.509], [99.77, 21.516], [99.786, 21.528], [99.802, 21.537], [99.82, 21.549], [99.839, 21.561], [99.855, 21.574], [99.867, 21.587], [99.885, 21.599], [99.898, 21.611], [99.927, 21.635], [99.969, 21.671], [100.014, 21.692], [100.078, 21.722], [100.123, 21.735], [100.171, 21.746], [100.214, 21.769], [100.261, 21.783], [100.338, 21.792], [100.413, 21.813], [100.492, 21.84], [100.54, 21.852], [100.556, 21.856], [100.584, 21.863], [100.61, 21.879], [100.63, 21.896], [100.64, 21.903], [100.649, 21.908], [100.698, 21.918]]}}, {"type": "Feature", "properties": {"average_dip": "(90.0,,)", "average_rake": "(0.0,,)", "catalog_id": "EOS_AF0057", "catalog_name": "EOS_SE_Asia", "lower_seis_depth": "(15.0,,)", "slip_type": "Sinistral", "upper_seis_depth": "(1.0,,)"}, "geometry": {"type": "LineString", "coordinates": [[100.007, 21.279], [100.012, 21.278], [100.017, 21.279], [100.022, 21.28], [100.028, 21.282], [100.033, 21.284], [100.037, 21.288], [100.041, 21.291], [100.045, 21.294], [100.049, 21.297], [100.053, 21.301], [100.058, 21.304], [100.068, 21.31], [100.077, 21.312], [100.086, 21.314], [100.094, 21.315], [100.101, 21.318], [100.105, 21.322], [100.109, 21.326], [100.114, 21.329], [100.119, 21.331], [100.123, 21.333], [100.126, 21.335], [100.128, 21.336], [100.141, 21.339], [100.158, 21.343], [100.173, 21.344], [100.201, 21.345], [100.223, 21.349], [100.24, 21.353], [100.272, 21.36], [100.299, 21.365], [100.33, 21.37], [100.357, 21.377], [100.386, 21.391], [100.411, 21.401], [100.44, 21.411], [100.462, 21.415], [100.484, 21.425], [100.509, 21.429], [100.533, 21.442], [100.57, 21.466], [100.591, 21.479], [100.608, 21.486], [100.628, 21.493], [100.651, 21.51], [100.674, 21.533], [100.696, 21.557], [100.713, 21.588], [100.729, 21.614], [100.746, 21.636], [100.756, 21.657], [100.768, 21.683], [100.782, 21.718]]}}, {"type": "Feature", "properties": {"average_dip": "(90.0,,)", "average_rake": "(0.0,,)", "catalog_id": "EOS_AF0058", "catalog_name": "EOS_SE_Asia", "lower_seis_depth": "(15.0,,)", "slip_type": "Sinistral", "upper_seis_depth": "(1.0,,)"}, "geometry": {"type": "LineString", "coordinates": [[100.776, 21.697], [100.785, 21.713], [100.8, 21.727], [100.812, 21.74], [100.822, 21.747], [100.835, 21.755], [100.852, 21.76], [100.865, 21.768], [100.877, 21.776], [100.886, 21.782], [100.893, 21.785], [100.92, 21.813], [100.953, 21.835], [100.986, 21.86]]}}, {"type": "Feature", "properties": {"average_dip": "(90.0,,)", "average_rake": "(180.0,,)", "catalog_id": "EOS_AF0059", "catalog_name": "EOS_SE_Asia", "lower_seis_depth": "(15.0,,)", "slip_type": "Dextral", "upper_seis_depth": "(1.0,,)"}, "geometry": {"type": "LineString", "coordinates": [[100.771, 22.09], [100.785, 22.078], [100.799, 22.07], [100.81, 22.065], [100.815, 22.061], [100.818, 22.059], [100.828, 22.051], [100.849, 22.033], [100.866, 22.021], [100.893, 22.0], [100.931, 21.984], [100.958, 21.974], [100.974, 21.97], [100.991, 21.96], [101.007, 21.942]]}}, {"type": "Feature", "properties": {"average_dip": "(90.0,,)", "average_rake": "(0.0,,)", "catalog_id": "EOS_AF0060", "catalog_name": "EOS_SE_Asia", "lower_seis_depth": "(15.0,,)", "slip_type": "Sinistral", "upper_seis_depth": "(1.0,,)"}, "geometry": {"type": "LineString", "coordinates": [[101.251, 21.867], [101.245, 21.863], [101.236, 21.86], [101.231, 21.856], [101.221, 21.853], [101.214, 21.848], [101.196, 21.838], [101.184, 21.836], [101.171, 21.83], [101.161, 21.817], [101.147, 21.813], [101.133, 21.805], [101.121, 21.796], [101.112, 21.791], [101.099, 21.787], [101.091, 21.78], [101.088, 21.774], [101.073, 21.763], [101.06, 21.751], [101.042, 21.739], [101.031, 21.73], [101.027, 21.724], [101.008, 21.708], [100.992, 21.699], [100.972, 21.689], [100.95, 21.676], [100.931, 21.664], [100.914, 21.655], [100.895, 21.642], [100.885, 21.636], [100.877, 21.624], [100.87, 21.613], [100.862, 21.605], [100.853, 21.595], [100.845, 21.583], [100.845, 21.583]]}}, {"type": "Feature", "properties": {"average_dip": "(90.0,,)", "average_rake": "(0.0,,)", "catalog_id": "EOS_AF0061", "catalog_name": "EOS_SE_Asia", "lower_seis_depth": "(15.0,,)", "slip_type": "Sinistral", "upper_seis_depth": "(1.0,,)"}, "geometry": {"type": "LineString", "coordinates": [[101.252, 21.711], [101.246, 21.704], [101.239, 21.697], [101.234, 21.694], [101.227, 21.693], [101.217, 21.691], [101.209, 21.69], [101.201, 21.69], [101.192, 21.689], [101.182, 21.685], [101.173, 21.681], [101.166, 21.679], [101.158, 21.676], [101.15, 21.675], [101.143, 21.672], [101.132, 21.669], [101.119, 21.665], [101.108, 21.662], [101.102, 21.658], [101.093, 21.652], [101.085, 21.648], [101.08, 21.644], [101.073, 21.641], [101.066, 21.636], [101.055, 21.633], [101.041, 21.63], [101.031, 21.627], [101.02, 21.623], [101.005, 21.62], [100.995, 21.617], [100.985, 21.612], [100.974, 21.608], [100.962, 21.603], [100.937, 21.603], [100.918, 21.598], [100.897, 21.586]]}}, {"type": "Feature", "properties": {"average_dip": "(90.0,,)", "average_rake": "(0.0,,)", "catalog_id": "EOS_AF0062", "catalog_name": "EOS_SE_Asia", "lower_seis_depth": "(15.0,,)", "slip_type": "Sinistral", "upper_seis_depth": "(1.0,,)"}, "geometry": {"type": "LineString", "coordinates": [[100.849, 21.567], [100.839, 21.554], [100.829, 21.545], [100.813, 21.53], [100.8, 21.52], [100.784, 21.509], [100.767, 21.499], [100.754, 21.49], [100.742, 21.477], [100.732, 21.465], [100.721, 21.454], [100.709, 21.441], [100.699, 21.435], [100.681, 21.425], [100.666, 21.412], [100.656, 21.403], [100.648, 21.396], [100.637, 21.389], [100.628, 21.382], [100.614, 21.372], [100.597, 21.364], [100.584, 21.355], [100.574, 21.348], [100.567, 21.344], [100.558, 21.338], [100.551, 21.33], [100.535, 21.311], [100.522, 21.295]]}}, {"type": "Feature", "properties": {"average_dip": "(90.0,,)", "average_rake": "(0.0,,)", "catalog_id": "EOS_AF0063", "catalog_name": "EOS_SE_Asia", "lower_seis_depth": "(15.0,,)", "slip_type": "Sinistral", "upper_seis_depth": "(1.0,,)"}, "geometry": {"type": "LineString", "coordinates": [[100.526, 21.285], [100.521, 21.281], [100.515, 21.278], [100.507, 21.274], [100.497, 21.269], [100.487, 21.264], [100.48, 21.258], [100.47, 21.252], [100.462, 21.246], [100.453, 21.24], [100.446, 21.235], [100.438, 21.229], [100.423, 21.221], [100.405, 21.209], [100.385, 21.197], [100.37, 21.186], [100.365, 21.18], [100.354, 21.164], [100.346, 21.145], [100.334, 21.123], [100.323, 21.111], [100.319, 21.097]]}}, {"type": "Feature", "properties": {"average_dip": "(90.0,,)", "average_rake": "(0.0,,)", "catalog_id": "EOS_AF0064", "catalog_name": "EOS_SE_Asia", "lower_seis_depth": "(15.0,,)", "slip_type": "Sinistral", "upper_seis_depth": "(1.0,,)"}, "geometry": {"type": "LineString", "coordinates": [[99.917, 21.015], [99.919, 21.019], [99.922, 21.022], [99.925, 21.026], [99.928, 21.029], [99.933, 21.033], [99.937, 21.036], [99.941, 21.038], [99.945, 21.04], [99.948, 21.041], [99.951, 21.042], [99.957, 21.044], [99.961, 21.045], [99.964, 21.047], [99.966, 21.048], [99.969, 21.049], [99.971, 21.049], [99.973, 21.049], [99.975, 21.049], [99.978, 21.05], [99.98, 21.051], [99.983, 21.052], [99.987, 21.053], [99.991, 21.055], [99.995, 21.056], [100.0, 21.057], [100.004, 21.058], [100.009, 21.06], [100.015, 21.062], [100.019, 21.063], [100.023, 21.064], [100.029, 21.066], [100.032, 21.067], [100.035, 21.068], [100.037, 21.069], [100.039, 21.069], [100.077, 21.077], [100.1, 21.073], [100.12, 21.076], [100.151, 21.086], [100.175, 21.091], [100.201, 21.094], [100.224, 21.098], [100.247, 21.104]]}}, {"type": "Feature", "properties": {"average_dip": "(90.0,,)", "average_rake": "(0.0,,)", "catalog_id": "EOS_AF0065", "catalog_name": "EOS_SE_Asia", "lower_seis_depth": "(15.0,,)", "slip_type": "Sinistral", "upper_seis_depth": "(1.0,,)"}, "geometry": {"type": "LineString", "coordinates": [[99.904, 20.87], [99.906, 20.873], [99.909, 20.879], [99.911, 20.884], [99.914, 20.891], [99.917, 20.897], [99.922, 20.903], [99.926, 20.91], [99.933, 20.916], [99.938, 20.919], [99.942, 20.922], [99.948, 20.929], [99.954, 20.935], [99.958, 20.941], [99.963, 20.947], [99.968, 20.955], [99.973, 20.961], [99.978, 20.968], [99.987, 20.975], [99.997, 20.98], [100.005, 20.983], [100.015, 20.986], [100.02, 20.986], [100.029, 20.988], [100.036, 20.992], [100.045, 20.996], [100.056, 21.0], [100.067, 21.004], [100.077, 21.008], [100.087, 21.009], [100.098, 21.012], [100.107, 21.014], [100.113, 21.018], [100.122, 21.022], [100.132, 21.027]]}}, {"type": "Feature", "properties": {"average_dip": "(90.0,,)", "average_rake": "(0.0,,)", "catalog_id": "EOS_AF0066", "catalog_name": "EOS_SE_Asia", "lower_seis_depth": "(15.0,,)", "slip_type": "Sinistral", "upper_seis_depth": "(1.0,,)"}, "geometry": {"type": "LineString", "coordinates": [[100.053, 20.961], [100.067, 20.965], [100.084, 20.971], [100.095, 20.977], [100.105, 20.982], [100.117, 20.99], [100.129, 20.995], [100.14, 20.999], [100.154, 21.003], [100.159, 21.003], [100.192, 21.021], [100.231, 21.046], [100.263, 21.06]]}}, {"type": "Feature", "properties": {"average_dip": "(70.0,,)", "average_rake": "(180.0,,)", "catalog_id": "EOS_AF0067", "catalog_name": "EOS_SE_Asia", "lower_seis_depth": "(15.0,,)", "slip_type": "Dextral", "upper_seis_depth": "(1.0,,)"}, "geometry": {"type": "LineString", "coordinates": [[99.81, 20.892], [99.807, 20.896], [99.801, 20.902], [99.793, 20.91], [99.786, 20.916], [99.78, 20.921], [99.771, 20.928], [99.759, 20.938], [99.748, 20.947], [99.744, 20.954], [99.74, 20.962], [99.735, 20.971], [99.728, 20.977], [99.723, 20.984], [99.714, 20.996], [99.707, 21.006], [99.7, 21.016], [99.694, 21.025], [99.686, 21.036], [99.677, 21.046], [99.67, 21.053], [99.665, 21.061], [99.658, 21.068], [99.653, 21.074], [99.645, 21.08], [99.639, 21.086], [99.632, 21.093], [99.621, 21.103], [99.613, 21.113], [99.603, 21.123], [99.596, 21.131], [99.59, 21.138], [99.586, 21.142], [99.581, 21.151], [99.579, 21.156], [99.578, 21.163], [99.577, 21.167], [99.574, 21.175], [99.57, 21.182], [99.569, 21.19], [99.568, 21.196], [99.568, 21.203], [99.568, 21.213], [99.564, 21.234], [99.558, 21.25], [99.546, 21.271]]}}, {"type": "Feature", "properties": {"average_dip": "(70.0,,)", "average_rake": "(180.0,,)", "catalog_id": "EOS_AF0068", "catalog_name": "EOS_SE_Asia", "lower_seis_depth": "(15.0,,)", "slip_type": "Dextral", "upper_seis_depth": "(1.0,,)"}, "geometry": {"type": "LineString", "coordinates": [[99.581, 21.262], [99.576, 21.266], [99.571, 21.274], [99.563, 21.282], [99.558, 21.294], [99.552, 21.305], [99.547, 21.314], [99.536, 21.338], [99.526, 21.366], [99.518, 21.389], [99.513, 21.408], [99.504, 21.425], [99.498, 21.442], [99.495, 21.456], [99.491, 21.469]]}}, {"type": "Feature", "properties": {"average_dip": "(90.0,,)", "average_rake": "(0.0,,)", "catalog_id": "EOS_AF0069", "catalog_name": "EOS_SE_Asia", "lower_seis_depth": "(15.0,,)", "slip_type": "Sinistral", "upper_seis_depth": "(1.0,,)"}, "geometry": {"type": "LineString", "coordinates": [[101.024, 21.056], [101.02, 21.052], [101.013, 21.049], [101.005, 21.043], [100.998, 21.039], [100.991, 21.035], [100.984, 21.033], [100.976, 21.031], [100.968, 21.029], [100.961, 21.026], [100.954, 21.023], [100.946, 21.017], [100.929, 21.01], [100.918, 21.003], [100.902, 20.996], [100.89, 20.99], [100.876, 20.981], [100.864, 20.977], [100.858, 20.973], [100.847, 20.969], [100.837, 20.965], [100.823, 20.961], [100.81, 20.956], [100.794, 20.951], [100.783, 20.947], [100.774, 20.943], [100.765, 20.939], [100.756, 20.936], [100.747, 20.933], [100.737, 20.929], [100.726, 20.925], [100.713, 20.921], [100.699, 20.917], [100.682, 20.912], [100.671, 20.91], [100.659, 20.906], [100.649, 20.902], [100.639, 20.899], [100.628, 20.897], [100.61, 20.893], [100.59, 20.886], [100.568, 20.879], [100.547, 20.871], [100.509, 20.861], [100.489, 20.857], [100.463, 20.854], [100.438, 20.852], [100.417, 20.852], [100.393, 20.847], [100.36, 20.838], [100.328, 20.827], [100.319, 20.823]]}}, {"type": "Feature", "properties": {"average_dip": "(90.0,,)", "average_rake": "(0.0,,)", "catalog_id": "EOS_AF0070", "catalog_name": "EOS_SE_Asia", "lower_seis_depth": "(15.0,,)", "slip_type": "Sinistral", "upper_seis_depth": "(1.0,,)"}, "geometry": {"type": "LineString", "coordinates": [[100.353, 20.827], [100.35, 20.826], [100.341, 20.825], [100.337, 20.824], [100.333, 20.824], [100.33, 20.823], [100.327, 20.822], [100.324, 20.821], [100.321, 20.821], [100.318, 20.82], [100.315, 20.819], [100.298, 20.817], [100.272, 20.811], [100.253, 20.804], [100.229, 20.795], [100.205, 20.788], [100.187, 20.779], [100.166, 20.767], [100.15, 20.756], [100.13, 20.741], [100.116, 20.728], [100.099, 20.716], [100.085, 20.709]]}}, {"type": "Feature", "properties": {"average_dip": "(90.0,,)", "average_rake": "(0.0,,)", "catalog_id": "EOS_AF0071", "catalog_name": "EOS_SE_Asia", "lower_seis_depth": "(15.0,,)", "slip_type": "Sinistral", "upper_seis_depth": "(1.0,,)"}, "geometry": {"type": "LineString", "coordinates": [[99.891, 20.648], [99.899, 20.649], [99.909, 20.651], [99.92, 20.654], [99.932, 20.659], [99.941, 20.663], [99.951, 20.667], [99.96, 20.67], [99.968, 20.672], [99.976, 20.674], [99.985, 20.678], [99.993, 20.682], [100.003, 20.686], [100.012, 20.689], [100.023, 20.693], [100.031, 20.695], [100.039, 20.697], [100.053, 20.699], [100.061, 20.701], [100.068, 20.702], [100.072, 20.703], [100.077, 20.703], [100.083, 20.704], [100.088, 20.706], [100.094, 20.709]]}}, {"type": "Feature", "properties": {"average_dip": "(90.0,,)", "average_rake": "(0.0,,)", "catalog_id": "EOS_AF0072", "catalog_name": "EOS_SE_Asia", "lower_seis_depth": "(15.0,,)", "slip_type": "Sinistral", "upper_seis_depth": "(1.0,,)"}, "geometry": {"type": "LineString", "coordinates": [[100.975, 21.037], [100.984, 21.045], [100.999, 21.051], [101.02, 21.06], [101.034, 21.067], [101.046, 21.074], [101.059, 21.082], [101.077, 21.091], [101.09, 21.096], [101.105, 21.104], [101.121, 21.114], [101.133, 21.12], [101.142, 21.122], [101.172, 21.14], [101.19, 21.149], [101.204, 21.159], [101.217, 21.169], [101.235, 21.192], [101.24, 21.199], [101.262, 21.211], [101.283, 21.223], [101.313, 21.237], [101.343, 21.255], [101.36, 21.266], [101.38, 21.277], [101.409, 21.299], [101.429, 21.308], [101.452, 21.32], [101.486, 21.344], [101.5, 21.35], [101.513, 21.36], [101.536, 21.383], [101.548, 21.396]]}}, {"type": "Feature", "properties": {"average_dip": "(90.0,,)", "average_rake": "(0.0,,)", "catalog_id": "EOS_AF0073", "catalog_name": "EOS_SE_Asia", "lower_seis_depth": "(15.0,,)", "slip_type": "Sinistral", "upper_seis_depth": "(1.0,,)"}, "geometry": {"type": "LineString", "coordinates": [[101.555, 21.436], [101.569, 21.451], [101.575, 21.462], [101.584, 21.474], [101.59, 21.485], [101.597, 21.495], [101.604, 21.513], [101.607, 21.525], [101.611, 21.536], [101.613, 21.547], [101.615, 21.566], [101.612, 21.579], [101.62, 21.6]]}}, {"type": "Feature", "properties": {"average_dip": "(90.0,,)", "average_rake": "(180.0,,)", "catalog_id": "EOS_AF0074", "catalog_name": "EOS_SE_Asia", "lower_seis_depth": "(15.0,,)", "slip_type": "Dextral", "upper_seis_depth": "(1.0,,)"}, "geometry": {"type": "LineString", "coordinates": [[100.139, 22.909], [100.141, 22.87], [100.149, 22.837], [100.158, 22.805], [100.172, 22.766], [100.174, 22.745], [100.185, 22.725], [100.204, 22.711], [100.218, 22.695], [100.231, 22.66], [100.254, 22.624], [100.27, 22.6]]}}, {"type": "Feature", "properties": {"average_dip": "(90.0,,)", "average_rake": "(0.0,,)", "catalog_id": "EOS_AF0075", "catalog_name": "EOS_SE_Asia", "lower_seis_depth": "(15.0,,)", "slip_type": "Sinistral", "upper_seis_depth": "(1.0,,)"}, "geometry": {"type": "LineString", "coordinates": [[101.206, 20.761], [101.22, 20.77], [101.238, 20.781], [101.252, 20.791], [101.266, 20.8], [101.274, 20.806], [101.283, 20.812], [101.3, 20.819], [101.316, 20.826], [101.332, 20.833], [101.353, 20.841], [101.378, 20.852], [101.399, 20.861], [101.411, 20.867], [101.424, 20.874], [101.436, 20.881], [101.449, 20.89], [101.458, 20.899], [101.47, 20.907], [101.481, 20.916], [101.492, 20.925], [101.501, 20.932], [101.514, 20.941], [101.529, 20.951], [101.546, 20.963], [101.559, 20.976], [101.575, 20.996], [101.59, 21.02]]}}, {"type": "Feature", "properties": {"average_dip": "(90.0,,)", "average_rake": "(0.0,,)", "catalog_id": "EOS_AF0076", "catalog_name": "EOS_SE_Asia", "lower_seis_depth": "(15.0,,)", "slip_type": "Sinistral", "upper_seis_depth": "(1.0,,)"}, "geometry": {"type": "LineString", "coordinates": [[101.221, 20.776], [101.228, 20.785], [101.231, 20.788], [101.232, 20.792], [101.234, 20.795], [101.239, 20.799], [101.252, 20.811], [101.266, 20.82], [101.277, 20.828], [101.281, 20.833], [101.286, 20.84], [101.293, 20.851], [101.298, 20.856], [101.304, 20.861], [101.308, 20.864], [101.317, 20.869], [101.332, 20.877], [101.336, 20.878], [101.339, 20.879], [101.342, 20.88], [101.352, 20.884], [101.36, 20.887], [101.366, 20.889], [101.371, 20.892], [101.375, 20.895], [101.379, 20.897], [101.395, 20.908], [101.42, 20.924], [101.443, 20.935], [101.462, 20.947], [101.478, 20.964], [101.493, 20.986], [101.509, 20.998], [101.524, 21.007], [101.539, 21.014], [101.553, 21.025], [101.58, 21.052], [101.598, 21.066], [101.621, 21.081], [101.632, 21.09], [101.641, 21.106], [101.652, 21.122], [101.664, 21.14], [101.672, 21.16]]}}, {"type": "Feature", "properties": {"average_dip": "(90.0,,)", "average_rake": "(0.0,,)", "catalog_id": "EOS_AF0077", "catalog_name": "EOS_SE_Asia", "lower_seis_depth": "(15.0,,)", "slip_type": "Sinistral", "upper_seis_depth": "(1.0,,)"}, "geometry": {"type": "LineString", "coordinates": [[101.206, 20.76], [101.201, 20.757], [101.192, 20.75], [101.172, 20.736], [101.154, 20.727], [101.141, 20.722], [101.128, 20.716], [101.11, 20.707], [101.092, 20.693], [101.081, 20.684], [101.07, 20.674], [101.065, 20.667], [101.058, 20.657], [101.046, 20.646], [101.033, 20.631], [101.022, 20.619], [101.013, 20.609], [101.004, 20.602], [100.999, 20.598], [100.992, 20.591], [100.983, 20.585], [100.96, 20.573], [100.925, 20.56], [100.896, 20.55], [100.872, 20.54], [100.84, 20.535], [100.805, 20.53], [100.782, 20.527], [100.758, 20.524], [100.734, 20.521], [100.718, 20.513], [100.698, 20.503], [100.667, 20.482], [100.639, 20.466], [100.618, 20.451], [100.587, 20.429], [100.554, 20.403], [100.525, 20.395], [100.475, 20.387], [100.449, 20.384], [100.41, 20.374]]}}, {"type": "Feature", "properties": {"average_dip": "(90.0,,)", "average_rake": "(0.0,,)", "catalog_id": "EOS_AF0078", "catalog_name": "EOS_SE_Asia", "lower_seis_depth": "(15.0,,)", "slip_type": "Sinistral", "upper_seis_depth": "(1.0,,)"}, "geometry": {"type": "LineString", "coordinates": [[100.483, 20.428], [100.474, 20.428], [100.462, 20.424], [100.451, 20.418], [100.439, 20.41], [100.423, 20.396], [100.408, 20.387], [100.39, 20.378], [100.379, 20.371], [100.362, 20.358], [100.347, 20.349], [100.333, 20.34], [100.32, 20.333], [100.298, 20.32], [100.28, 20.311], [100.26, 20.302], [100.242, 20.294], [100.218, 20.285], [100.199, 20.274], [100.189, 20.265], [100.184, 20.258], [100.17, 20.249], [100.157, 20.243], [100.144, 20.238], [100.131, 20.234], [100.107, 20.225], [100.091, 20.216], [100.077, 20.211], [100.061, 20.203], [100.046, 20.196], [100.035, 20.188], [100.018, 20.176], [99.993, 20.167], [99.972, 20.159], [99.957, 20.155], [99.949, 20.155], [99.938, 20.155], [99.928, 20.153], [99.918, 20.15], [99.905, 20.146], [99.889, 20.144], [99.873, 20.141], [99.86, 20.138], [99.837, 20.13], [99.827, 20.125], [99.809, 20.118], [99.798, 20.113], [99.779, 20.108], [99.748, 20.105], [99.731, 20.105], [99.72, 20.106], [99.711, 20.108], [99.701, 20.108], [99.69, 20.11], [99.679, 20.111], [99.669, 20.111], [99.655, 20.109], [99.64, 20.108], [99.628, 20.107], [99.614, 20.105], [99.604, 20.103], [99.591, 20.104], [99.572, 20.105], [99.559, 20.104], [99.544, 20.102], [99.53, 20.098], [99.515, 20.092], [99.5, 20.087], [99.489, 20.083], [99.478, 20.081], [99.464, 20.077], [99.431, 20.072], [99.413, 20.069], [99.397, 20.067], [99.386, 20.065], [99.376, 20.061], [99.365, 20.056], [99.357, 20.052], [99.349, 20.05], [99.338, 20.051], [99.327, 20.05], [99.318, 20.049], [99.312, 20.047], [99.3, 20.044], [99.29, 20.041], [99.281, 20.037], [99.273, 20.032], [99.265, 20.026], [99.203, 19.957], [99.153, 19.919], [99.125, 19.858], [99.098, 19.8], [99.096, 19.732], [99.111, 19.688]]}}, {"type": "Feature", "properties": {"average_dip": "(90.0,,)", "average_rake": "(0.0,,)", "catalog_id": "EOS_AF0081", "catalog_name": "EOS_SE_Asia", "lower_seis_depth": "(15.0,,)", "slip_type": "Sinistral", "upper_seis_depth": "(1.0,,)"}, "geometry": {"type": "LineString", "coordinates": [[102.057, 20.721], [101.956, 20.616], [101.917, 20.566], [101.913, 20.557], [101.906, 20.547], [101.899, 20.537], [101.891, 20.528], [101.883, 20.516], [101.875, 20.507], [101.865, 20.497], [101.858, 20.489], [101.851, 20.481], [101.843, 20.473], [101.835, 20.464], [101.827, 20.455], [101.818, 20.445], [101.811, 20.434], [101.801, 20.422], [101.794, 20.413], [101.786, 20.408], [101.779, 20.399], [101.754, 20.367], [101.737, 20.338], [101.718, 20.315], [101.701, 20.285], [101.686, 20.245]]}}, {"type": "Feature", "properties": {"average_dip": "(90.0,,)", "average_rake": "(0.0,,)", "catalog_id": "EOS_AF0082", "catalog_name": "EOS_SE_Asia", "lower_seis_depth": "(15.0,,)", "slip_type": "Sinistral", "upper_seis_depth": "(1.0,,)"}, "geometry": {"type": "LineString", "coordinates": [[101.636, 20.296], [101.631, 20.291], [101.625, 20.287], [101.617, 20.282], [101.609, 20.275], [101.6, 20.267], [101.595, 20.261], [101.588, 20.257], [101.582, 20.253], [101.577, 20.248], [101.572, 20.239], [101.566, 20.234], [101.557, 20.226], [101.55, 20.22], [101.542, 20.213], [101.533, 20.205], [101.526, 20.195], [101.506, 20.164], [101.489, 20.125]]}}, {"type": "Feature", "properties": {"average_dip": "(90.0,,)", "average_rake": "(0.0,,)", "catalog_id": "EOS_AF0083", "catalog_name": "EOS_SE_Asia", "lower_seis_depth": "(15.0,,)", "slip_type": "Sinistral", "upper_seis_depth": "(1.0,,)"}, "geometry": {"type": "LineString", "coordinates": [[101.412, 19.995], [101.373, 19.983], [101.331, 19.972], [101.262, 19.949], [101.215, 19.927], [101.163, 19.914], [101.128, 19.896], [101.096, 19.873], [101.056, 19.842]]}}, {"type": "Feature", "properties": {"average_dip": "(90.0,,)", "average_rake": "(0.0,,)", "catalog_id": "EOS_AF0084", "catalog_name": "EOS_SE_Asia", "lower_seis_depth": "(15.0,,)", "slip_type": "Sinistral", "upper_seis_depth": "(1.0,,)"}, "geometry": {"type": "LineString", "coordinates": [[101.15, 19.728], [101.171, 19.759], [101.216, 19.789], [101.251, 19.816], [101.317, 19.846], [101.373, 19.87], [101.43, 19.891], [101.494, 19.912], [101.535, 19.925], [101.585, 19.957], [101.615, 19.986], [101.632, 20.028], [101.654, 20.071]]}}, {"type": "Feature", "properties": {"average_dip": "(90.0,,)", "average_rake": "(0.0,,)", "catalog_id": "EOS_AF0085", "catalog_name": "EOS_SE_Asia", "lower_seis_depth": "(15.0,,)", "slip_type": "Sinistral", "upper_seis_depth": "(1.0,,)"}, "geometry": {"type": "LineString", "coordinates": [[102.18, 20.287], [102.14, 20.258], [102.089, 20.218], [102.022, 20.177], [101.999, 20.154], [101.978, 20.136], [101.959, 20.123], [101.942, 20.102], [101.924, 20.088], [101.904, 20.074], [101.879, 20.063], [101.858, 20.054], [101.838, 20.044], [101.816, 20.022], [101.791, 20.002], [101.761, 19.987], [101.739, 19.965], [101.712, 19.946], [101.701, 19.931], [101.67, 19.903], [101.62, 19.861], [101.59, 19.839], [101.553, 19.824], [101.524, 19.809], [101.525, 19.808]]}}, {"type": "Feature", "properties": {"average_dip": "(90.0,,)", "average_rake": "(0.0,,)", "catalog_id": "EOS_AF0086", "catalog_name": "EOS_SE_Asia", "lower_seis_depth": "(15.0,,)", "slip_type": "Sinistral", "upper_seis_depth": "(1.0,,)"}, "geometry": {"type": "LineString", "coordinates": [[102.205, 20.235], [102.181, 20.212], [102.165, 20.199], [102.138, 20.179], [102.124, 20.169], [102.104, 20.151], [102.076, 20.132], [102.057, 20.115], [102.035, 20.1], [102.018, 20.087], [102.0, 20.068], [101.979, 20.051], [101.962, 20.036], [101.939, 20.018], [101.887, 19.973], [101.848, 19.947], [101.829, 19.932], [101.81, 19.92], [101.793, 19.91], [101.764, 19.888], [101.743, 19.87], [101.732, 19.859], [101.715, 19.835], [101.702, 19.817]]}}, {"type": "Feature", "properties": {"average_dip": "(90.0,,)", "average_rake": "(0.0,,)", "catalog_id": "EOS_AF0087", "catalog_name": "EOS_SE_Asia", "lower_seis_depth": "(15.0,,)", "slip_type": "Sinistral", "upper_seis_depth": "(1.0,,)"}, "geometry": {"type": "LineString", "coordinates": [[102.329, 20.383], [102.322, 20.367], [102.313, 20.356], [102.304, 20.346], [102.296, 20.339], [102.289, 20.335], [102.282, 20.329], [102.275, 20.323], [102.268, 20.317], [102.26, 20.307], [102.253, 20.298], [102.245, 20.286], [102.228, 20.267], [102.21, 20.241], [102.197, 20.218], [102.174, 20.192], [102.158, 20.172], [102.139, 20.146], [102.119, 20.118], [102.097, 20.097], [102.077, 20.075], [102.06, 20.056], [102.046, 20.036], [102.034, 20.02], [102.021, 20.004], [102.013, 19.996], [102.001, 19.987], [101.992, 19.98], [101.982, 19.97], [101.974, 19.959], [101.961, 19.95], [101.957, 19.941], [101.945, 19.934], [101.933, 19.924]]}}, {"type": "Feature", "properties": {"average_dip": "(90.0,,)", "average_rake": "(0.0,,)", "catalog_id": "EOS_AF0088", "catalog_name": "EOS_SE_Asia", "lower_seis_depth": "(15.0,,)", "slip_type": "Sinistral", "upper_seis_depth": "(1.0,,)"}, "geometry": {"type": "LineString", "coordinates": [[102.194, 20.008], [102.145, 19.978], [102.097, 19.945], [102.045, 19.906], [101.985, 19.871], [101.905, 19.802], [101.863, 19.766], [101.832, 19.748], [101.833, 19.748]]}}, {"type": "Feature", "properties": {"average_dip": "(90.0,,)", "average_rake": "(0.0,,)", "catalog_id": "EOS_AF0090", "catalog_name": "EOS_SE_Asia", "lower_seis_depth": "(15.0,,)", "slip_type": "Sinistral", "upper_seis_depth": "(1.0,,)"}, "geometry": {"type": "LineString", "coordinates": [[101.995, 19.589], [102.066, 19.632], [102.111, 19.675], [102.16, 19.749], [102.211, 19.835], [102.239, 19.879], [102.276, 19.945], [102.338, 19.986], [102.337, 19.986]]}}, {"type": "Feature", "properties": {"average_dip": "(90.0,,)", "average_rake": "(0.0,,)", "catalog_id": "EOS_AF0095", "catalog_name": "EOS_SE_Asia", "lower_seis_depth": "(15.0,,)", "slip_type": "Sinistral", "upper_seis_depth": "(1.0,,)"}, "geometry": {"type": "LineString", "coordinates": [[100.152, 23.032], [100.15, 23.051], [100.154, 23.07], [100.162, 23.098], [100.17, 23.12], [100.179, 23.137], [100.189, 23.156], [100.204, 23.167], [100.218, 23.179], [100.231, 23.191], [100.246, 23.201], [100.26, 23.217], [100.282, 23.231], [100.298, 23.243], [100.316, 23.254], [100.332, 23.269], [100.345, 23.284], [100.349, 23.294], [100.355, 23.322], [100.359, 23.394]]}}, {"type": "Feature", "properties": {"average_dip": "(90.0,,)", "average_rake": "(180.0,,)", "catalog_id": "EOS_AF0096", "catalog_name": "EOS_SE_Asia", "lower_seis_depth": "(15.0,,)", "slip_type": "Dextral", "upper_seis_depth": "(1.0,,)"}, "geometry": {"type": "LineString", "coordinates": [[100.654, 24.706], [100.719, 24.634], [100.761, 24.573], [100.797, 24.515], [100.812, 24.494], [100.827, 24.454], [100.86, 24.387], [100.918, 24.302], [100.965, 24.22], [100.987, 24.206], [101.061, 24.09], [101.098, 24.006]]}}, {"type": "Feature", "properties": {"average_dip": "(90.0,,)", "average_rake": "(180.0,,)", "catalog_id": "EOS_AF0097", "catalog_name": "EOS_SE_Asia", "lower_seis_depth": "(15.0,,)", "slip_type": "Dextral", "upper_seis_depth": "(1.0,,)"}, "geometry": {"type": "LineString", "coordinates": [[101.085, 24.08], [101.105, 24.037], [101.118, 23.996], [101.125, 23.907], [101.139, 23.825], [101.137, 23.754], [101.149, 23.706], [101.158, 23.629], [101.16, 23.577], [101.165, 23.526], [101.17, 23.499], [101.192, 23.437], [101.197, 23.398], [101.204, 23.363], [101.217, 23.324], [101.236, 23.274], [101.253, 23.237], [101.28, 23.199], [101.32, 23.142], [101.357, 23.096]]}}, {"type": "Feature", "properties": {"average_dip": "(90.0,,)", "average_rake": "(180.0,,)", "catalog_id": "EOS_AF0098", "catalog_name": "EOS_SE_Asia", "lower_seis_depth": "(15.0,,)", "slip_type": "Dextral", "upper_seis_depth": "(1.0,,)"}, "geometry": {"type": "LineString", "coordinates": [[101.238, 23.131], [101.287, 23.093], [101.334, 23.043], [101.382, 22.996], [101.433, 22.965], [101.456, 22.955]]}}, {"type": "Feature", "properties": {"average_dip": "(90.0,,)", "average_rake": "(180.0,,)", "catalog_id": "EOS_AF0099", "catalog_name": "EOS_SE_Asia", "lower_seis_depth": "(15.0,,)", "slip_type": "Dextral", "upper_seis_depth": "(1.0,,)"}, "geometry": {"type": "LineString", "coordinates": [[101.515, 22.846], [101.553, 22.813], [101.618, 22.749], [101.688, 22.676], [101.752, 22.608], [101.811, 22.539], [101.873, 22.491]]}}, {"type": "Feature", "properties": {"average_dip": "(90.0,,)", "average_rake": "(-90.0,,)", "catalog_id": "EOS_AF0101", "catalog_name": "EOS_SE_Asia", "lower_seis_depth": "(15.0,,)", "slip_type": "Normal", "upper_seis_depth": "(1.0,,)"}, "geometry": {"type": "LineString", "coordinates": [[101.482, 22.574], [101.474, 22.583], [101.469, 22.586], [101.458, 22.602], [101.447, 22.613], [101.436, 22.627], [101.423, 22.643], [101.406, 22.666], [101.388, 22.683], [101.376, 22.699], [101.363, 22.716], [101.35, 22.735], [101.339, 22.751], [101.326, 22.772], [101.313, 22.787], [101.298, 22.801], [101.28, 22.808], [101.268, 22.812], [101.247, 22.817], [101.234, 22.82]]}}, {"type": "Feature", "properties": {"average_dip": "(90.0,,)", "average_rake": "(180.0,,)", "catalog_id": "EOS_AF0104", "catalog_name": "EOS_SE_Asia", "lower_seis_depth": "(15.0,,)", "slip_type": "Dextral", "upper_seis_depth": "(1.0,,)"}, "geometry": {"type": "LineString", "coordinates": [[101.977, 22.755], [101.987, 22.742], [101.994, 22.724], [102.0, 22.705], [102.005, 22.697], [102.011, 22.689], [102.025, 22.678], [102.032, 22.665], [102.04, 22.642], [102.048, 22.63], [102.073, 22.604], [102.091, 22.591], [102.105, 22.577], [102.127, 22.55], [102.145, 22.529], [102.181, 22.505], [102.211, 22.485]]}}, {"type": "Feature", "properties": {"average_dip": "(90.0,,)", "average_rake": "(180.0,,)", "catalog_id": "EOS_AF0105", "catalog_name": "EOS_SE_Asia", "lower_seis_depth": "(15.0,,)", "slip_type": "Dextral", "upper_seis_depth": "(1.0,,)"}, "geometry": {"type": "LineString", "coordinates": [[100.689, 24.016], [100.677, 24.001], [100.666, 23.981], [100.651, 23.967], [100.646, 23.951], [100.643, 23.932], [100.643, 23.924], [100.636, 23.909], [100.635, 23.898], [100.637, 23.875], [100.636, 23.853], [100.631, 23.829], [100.627, 23.808], [100.625, 23.791], [100.626, 23.776], [100.631, 23.718], [100.644, 23.69], [100.658, 23.669], [100.668, 23.643], [100.671, 23.615], [100.669, 23.604], [100.684, 23.572]]}}, {"type": "Feature", "properties": {"average_dip": "(90.0,,)", "average_rake": "(180.0,,)", "catalog_id": "EOS_AF0106", "catalog_name": "EOS_SE_Asia", "lower_seis_depth": "(15.0,,)", "slip_type": "Dextral", "upper_seis_depth": "(1.0,,)"}, "geometry": {"type": "LineString", "coordinates": [[100.926, 23.598], [100.924, 23.543], [100.929, 23.503], [100.937, 23.477], [100.944, 23.437], [100.953, 23.381], [100.955, 23.375], [100.956, 23.371], [100.959, 23.356], [100.962, 23.339], [100.968, 23.328], [100.973, 23.318], [100.976, 23.302], [100.98, 23.284], [100.984, 23.265], [100.988, 23.252], [100.992, 23.236], [100.995, 23.224], [101.001, 23.212], [101.007, 23.198], [101.01, 23.184], [101.014, 23.173], [101.023, 23.142], [101.03, 23.119], [101.043, 23.044], [101.056, 23.002]]}}, {"type": "Feature", "properties": {"average_dip": "(90.0,,)", "average_rake": "(180.0,,)", "catalog_id": "EOS_AF0107", "catalog_name": "EOS_SE_Asia", "lower_seis_depth": "(15.0,,)", "slip_type": "Dextral", "upper_seis_depth": "(1.0,,)"}, "geometry": {"type": "LineString", "coordinates": [[101.075, 22.469], [101.073, 22.477], [101.068, 22.495], [101.057, 22.516], [101.047, 22.54], [101.034, 22.565], [101.02, 22.587], [101.003, 22.606], [100.984, 22.628], [100.961, 22.652], [100.94, 22.668], [100.921, 22.682], [100.905, 22.699], [100.892, 22.715], [100.878, 22.738], [100.871, 22.751], [100.859, 22.773], [100.836, 22.808], [100.792, 22.849]]}}, {"type": "Feature", "properties": {"average_dip": "(90.0,,)", "average_rake": "(180.0,,)", "catalog_id": "EOS_AF0108", "catalog_name": "EOS_SE_Asia", "lower_seis_depth": "(15.0,,)", "slip_type": "Dextral", "upper_seis_depth": "(1.0,,)"}, "geometry": {"type": "LineString", "coordinates": [[97.849, 25.32], [97.846, 25.306], [97.843, 25.291], [97.838, 25.277], [97.834, 25.263], [97.828, 25.252], [97.82, 25.237], [97.813, 25.221], [97.806, 25.203], [97.802, 25.187], [97.798, 25.173], [97.793, 25.16], [97.789, 25.143], [97.782, 25.123], [97.776, 25.101], [97.77, 25.078], [97.766, 25.062], [97.759, 25.043], [97.756, 25.027], [97.755, 25.016], [97.754, 25.01]]}}, {"type": "Feature", "properties": {"average_dip": "(90.0,,)", "average_rake": "(180.0,,)", "catalog_id": "EOS_AF0109", "catalog_name": "EOS_SE_Asia", "lower_seis_depth": "(15.0,,)", "slip_type": "Dextral", "upper_seis_depth": "(1.0,,)"}, "geometry": {"type": "LineString", "coordinates": [[97.8, 25.253], [97.812, 25.341], [97.816, 25.35], [97.821, 25.359], [97.826, 25.373], [97.831, 25.389], [97.841, 25.398], [97.851, 25.413], [97.862, 25.435], [97.871, 25.453], [97.878, 25.477], [97.886, 25.507], [97.918, 25.565], [97.955, 25.624]]}}, {"type": "Feature", "properties": {"average_dip": "(90.0,,)", "average_rake": "(180.0,,)", "catalog_id": "EOS_AF0110", "catalog_name": "EOS_SE_Asia", "lower_seis_depth": "(15.0,,)", "slip_type": "Dextral", "upper_seis_depth": "(1.0,,)"}, "geometry": {"type": "LineString", "coordinates": [[96.543, 14.582], [96.521, 14.879], [96.498, 15.221], [96.498, 15.573], [96.487, 15.892], [96.51, 16.178], [96.521, 16.454], [96.528, 16.545], [96.525, 16.674], [96.521, 16.78], [96.52, 16.83], [96.518, 16.887], [96.516, 16.928], [96.518, 16.983], [96.519, 17.086], [96.515, 17.165], [96.514, 17.209], [96.512, 17.266], [96.508, 17.332], [96.504, 17.416], [96.505, 17.482], [96.506, 17.528], [96.502, 17.572], [96.498, 17.629], [96.495, 17.672], [96.492, 17.743], [96.485, 17.813], [96.484, 17.86], [96.481, 17.933], [96.48, 17.994], [96.477, 18.033], [96.474, 18.045]]}}, {"type": "Feature", "properties": {"average_dip": "(90.0,,)", "average_rake": "(180.0,,)", "catalog_id": "EOS_AF0111", "catalog_name": "EOS_SE_Asia", "lower_seis_depth": "(15.0,,)", "slip_type": "Dextral", "upper_seis_depth": "(1.0,,)"}, "geometry": {"type": "LineString", "coordinates": [[96.422, 19.178], [96.452, 19.151], [96.474, 19.13], [96.493, 19.108], [96.518, 19.085], [96.537, 19.067], [96.552, 19.049], [96.577, 19.028], [96.595, 19.015], [96.623, 18.99], [96.646, 18.968], [96.664, 18.949], [96.684, 18.929], [96.707, 18.906], [96.727, 18.887], [96.75, 18.866], [96.779, 18.84], [96.805, 18.82], [96.828, 18.8], [96.853, 18.781], [96.876, 18.76], [96.88, 18.754], [97.161, 18.514]]}}, {"type": "Feature", "properties": {"average_dip": "(90.0,,)", "average_rake": "(180.0,,)", "catalog_id": "EOS_AF0112", "catalog_name": "EOS_SE_Asia", "lower_seis_depth": "(15.0,,)", "slip_type": "Dextral", "upper_seis_depth": "(1.0,,)"}, "geometry": {"type": "LineString", "coordinates": [[96.273, 19.108], [96.252, 19.189], [96.238, 19.294], [96.228, 19.382], [96.225, 19.407], [96.221, 19.425], [96.218, 19.443], [96.213, 19.467], [96.205, 19.495], [96.201, 19.515], [96.198, 19.532], [96.196, 19.554], [96.181, 19.653], [96.173, 19.725], [96.154, 19.839], [96.151, 19.871]]}}, {"type": "Feature", "properties": {"average_dip": "(90.0,,)", "average_rake": "(180.0,,)", "catalog_id": "EOS_AF0113", "catalog_name": "EOS_SE_Asia", "lower_seis_depth": "(15.0,,)", "slip_type": "Dextral", "upper_seis_depth": "(1.0,,)"}, "geometry": {"type": "LineString", "coordinates": [[96.148, 19.908], [96.148, 19.891], [96.15, 19.874], [96.15, 19.852], [96.147, 19.825], [96.147, 19.804], [96.146, 19.776], [96.143, 19.755], [96.124, 19.668], [96.113, 19.606], [96.11, 19.552], [96.111, 19.516], [96.118, 19.433], [96.12, 19.404], [96.123, 19.371], [96.133, 19.334], [96.143, 19.28], [96.146, 19.26]]}}, {"type": "Feature", "properties": {"average_dip": "(90.0,,)", "average_rake": "(180.0,,)", "catalog_id": "EOS_AF0114", "catalog_name": "EOS_SE_Asia", "lower_seis_depth": "(15.0,,)", "slip_type": "Dextral", "upper_seis_depth": "(1.0,,)"}, "geometry": {"type": "LineString", "coordinates": [[96.191, 19.735], [96.183, 19.75], [96.177, 19.769], [96.171, 19.792], [96.165, 19.815], [96.161, 19.835], [96.16, 19.862], [96.155, 19.887], [96.149, 19.913], [96.146, 19.941], [96.143, 19.953], [96.141, 19.972], [96.136, 20.021], [96.132, 20.044], [96.126, 20.084], [96.123, 20.105], [96.121, 20.129], [96.116, 20.152], [96.113, 20.167], [96.112, 20.18], [96.111, 20.185], [96.111, 20.189], [96.11, 20.198], [96.109, 20.203], [96.109, 20.205], [96.108, 20.209], [96.107, 20.212], [96.107, 20.216], [96.107, 20.219], [96.106, 20.222], [96.105, 20.228], [96.103, 20.238], [96.103, 20.246], [96.101, 20.253], [96.1, 20.262], [96.099, 20.268], [96.098, 20.275], [96.097, 20.286], [96.097, 20.293], [96.096, 20.301], [96.095, 20.309], [96.093, 20.316], [96.092, 20.324], [96.091, 20.328], [96.09, 20.336], [96.088, 20.347], [96.088, 20.351], [96.087, 20.356], [96.086, 20.364], [96.086, 20.372], [96.086, 20.378], [96.085, 20.385], [96.084, 20.39], [96.083, 20.395], [96.083, 20.401], [96.082, 20.407], [96.081, 20.418], [96.08, 20.426], [96.078, 20.437], [96.077, 20.446], [96.075, 20.455], [96.074, 20.466], [96.074, 20.474], [96.072, 20.488], [96.071, 20.501], [96.069, 20.51], [96.068, 20.52], [96.067, 20.527], [96.067, 20.538], [96.065, 20.565], [96.06, 20.61], [96.052, 20.746], [96.046, 20.773], [96.043, 20.822], [96.038, 20.867], [96.031, 20.934], [96.029, 20.968], [96.028, 21.039], [96.022, 21.086], [96.013, 21.206], [96.008, 21.279], [96.006, 21.345], [96.0, 21.457], [95.989, 21.621], [95.988, 21.779], [95.986, 21.869]]}}, {"type": "Feature", "properties": {"average_dip": "(90.0,,)", "average_rake": "(180.0,,)", "catalog_id": "EOS_AF0115", "catalog_name": "EOS_SE_Asia", "lower_seis_depth": "(10.0,,)", "slip_type": "Dextral", "upper_seis_depth": "(1.0,,)"}, "geometry": {"type": "LineString", "coordinates": [[97.035, 26.391], [97.038, 26.398], [97.041, 26.405], [97.044, 26.416], [97.048, 26.426], [97.049, 26.437], [97.052, 26.448], [97.055, 26.461], [97.057, 26.471], [97.061, 26.479], [97.066, 26.491], [97.069, 26.5], [97.073, 26.507], [97.077, 26.516], [97.081, 26.523], [97.108, 26.633], [97.13, 26.701], [97.157, 26.787], [97.181, 26.855], [97.183, 26.921], [97.099, 27.064], [97.032, 27.174], [96.96, 27.257], [96.899, 27.306]]}}, {"type": "Feature", "properties": {"average_dip": "(90.0,,)", "average_rake": "(180.0,,)", "catalog_id": "EOS_AF0116", "catalog_name": "EOS_SE_Asia", "lower_seis_depth": "(15.0,,)", "slip_type": "Dextral", "upper_seis_depth": "(1.0,,)"}, "geometry": {"type": "LineString", "coordinates": [[96.474, 18.045], [96.464, 18.068], [96.462, 18.087], [96.455, 18.115], [96.443, 18.164], [96.439, 18.207], [96.429, 18.257], [96.42, 18.301], [96.413, 18.343], [96.408, 18.369], [96.392, 18.436], [96.383, 18.484], [96.37, 18.562], [96.36, 18.628], [96.343, 18.717], [96.329, 18.769], [96.327, 18.85], [96.302, 18.951], [96.278, 19.091], [96.273, 19.108]]}}, {"type": "Feature", "properties": {"average_dip": "(90.0,,)", "average_rake": "(180.0,,)", "catalog_id": "EOS_AF0117", "catalog_name": "EOS_SE_Asia", "lower_seis_depth": "(15.0,,)", "slip_type": "Dextral", "upper_seis_depth": "(1.0,,)"}, "geometry": {"type": "LineString", "coordinates": [[95.974, 22.974], [95.976, 22.966], [95.976, 22.956], [95.976, 22.932], [95.976, 22.901], [95.976, 22.86], [95.975, 22.842], [95.974, 22.828], [95.974, 22.823], [95.974, 22.817], [95.974, 22.809], [95.974, 22.796], [95.975, 22.782], [95.975, 22.776], [95.976, 22.768], [95.975, 22.765], [95.967, 22.741], [95.967, 22.727], [95.966, 22.708], [95.965, 22.696], [95.964, 22.682], [95.964, 22.673], [95.97, 22.66], [95.97, 22.647], [95.969, 22.638], [95.968, 22.63], [95.967, 22.616], [95.967, 22.6], [95.966, 22.582], [95.966, 22.569], [95.966, 22.496], [95.966, 22.423], [95.966, 22.346], [95.972, 22.236], [95.974, 22.181], [95.977, 22.109], [95.982, 22.027], [95.982, 21.96], [95.985, 21.881], [95.986, 21.869], [96.025, 23.587], [96.018, 23.499], [96.015, 23.437], [96.012, 23.372], [96.006, 23.301], [96.002, 23.249], [96.001, 23.21], [96.0, 23.202], [95.999, 23.159], [95.996, 23.107], [95.995, 23.088], [95.994, 23.075], [95.987, 23.047], [95.981, 23.016], [95.98, 23.003], [95.977, 22.98]]}}, {"type": "Feature", "properties": {"average_dip": "(90.0,,)", "average_rake": "(180.0,,)", "catalog_id": "EOS_AF0118", "catalog_name": "EOS_SE_Asia", "lower_seis_depth": "(10.0,,)", "slip_type": "Dextral", "upper_seis_depth": "(1.0,,)"}, "geometry": {"type": "LineString", "coordinates": [[95.973, 23.218], [95.972, 23.236], [95.973, 23.249], [95.973, 23.258], [95.975, 23.272], [95.975, 23.284], [95.977, 23.294], [95.979, 23.306], [95.982, 23.325], [95.986, 23.349], [95.989, 23.372], [95.992, 23.404], [95.995, 23.445], [96.002, 23.513], [96.008, 23.629], [96.017, 23.876]]}}, {"type": "Feature", "properties": {"average_dip": "(90.0,,)", "average_rake": "(180.0,,)", "catalog_id": "EOS_AF0119", "catalog_name": "EOS_SE_Asia", "lower_seis_depth": "(10.0,,)", "slip_type": "Dextral", "upper_seis_depth": "(1.0,,)"}, "geometry": {"type": "LineString", "coordinates": [[96.012, 25.005], [96.012, 25.003], [96.012, 25.001], [96.012, 24.998], [96.012, 24.996], [96.012, 24.993], [96.012, 24.99], [96.012, 24.986], [96.011, 24.983], [96.011, 24.979], [96.011, 24.975], [96.011, 24.973], [96.01, 24.97], [96.008, 24.966], [96.007, 24.963], [96.007, 24.959], [96.007, 24.957], [96.007, 24.954], [96.007, 24.951], [96.007, 24.949], [96.006, 24.946], [96.005, 24.943], [96.005, 24.94], [96.004, 24.937], [96.004, 24.934], [96.003, 24.932], [96.003, 24.929], [96.002, 24.927], [96.002, 24.925], [96.001, 24.92], [96.0, 24.914], [95.999, 24.909], [95.999, 24.906], [95.998, 24.902], [95.997, 24.899], [95.996, 24.895], [95.996, 24.891], [95.996, 24.887], [95.995, 24.883], [95.993, 24.877], [95.992, 24.873], [95.991, 24.867], [95.973, 24.783], [95.956, 24.689], [95.955, 24.544], [95.935, 24.269], [95.918, 24.026], [95.888, 23.768], [95.859, 23.619], [95.852, 23.504], [95.857, 23.385]]}}, {"type": "Feature", "properties": {"average_dip": "(90.0,,)", "average_rake": "(180.0,,)", "catalog_id": "EOS_AF0120", "catalog_name": "EOS_SE_Asia", "lower_seis_depth": "(10.0,,)", "slip_type": "Dextral", "upper_seis_depth": "(1.0,,)"}, "geometry": {"type": "LineString", "coordinates": [[96.329, 24.838], [96.347, 24.848], [96.364, 24.857], [96.384, 24.874], [96.406, 24.896], [96.58, 25.056], [96.795, 25.26], [97.026, 25.447], [97.172, 25.603], [97.232, 25.704], [97.304, 25.896], [97.343, 26.198], [97.403, 26.585], [97.426, 26.817], [97.369, 26.875], [97.299, 26.934]]}}, {"type": "Feature", "properties": {"average_dip": "(90.0,,)", "average_rake": "(180.0,,)", "catalog_id": "EOS_AF0121", "catalog_name": "EOS_SE_Asia", "lower_seis_depth": "(10.0,,)", "slip_type": "Dextral", "upper_seis_depth": "(1.0,,)"}, "geometry": {"type": "LineString", "coordinates": [[96.191, 24.69], [96.194, 24.702], [96.196, 24.718], [96.199, 24.736], [96.202, 24.753], [96.204, 24.771], [96.21, 24.791], [96.213, 24.81], [96.215, 24.825], [96.218, 24.84], [96.22, 24.852], [96.241, 24.917], [96.3, 25.01], [96.352, 25.122]]}}, {"type": "Feature", "properties": {"average_dip": "(90.0,,)", "average_rake": "(180.0,,)", "catalog_id": "EOS_AF0122", "catalog_name": "EOS_SE_Asia", "lower_seis_depth": "(10.0,,)", "slip_type": "Dextral", "upper_seis_depth": "(1.0,,)"}, "geometry": {"type": "LineString", "coordinates": [[96.352, 25.122], [96.368, 25.157], [96.448, 25.404], [96.521, 25.657], [96.62, 26.048]]}}, {"type": "Feature", "properties": {"average_dip": "(90.0,,)", "average_rake": "(180.0,,)", "catalog_id": "EOS_AF0123", "catalog_name": "EOS_SE_Asia", "lower_seis_depth": "(10.0,,)", "slip_type": "Dextral", "upper_seis_depth": "(1.0,,)"}, "geometry": {"type": "LineString", "coordinates": [[96.285, 24.825], [96.337, 24.971], [96.388, 25.074], [96.438, 25.161], [96.497, 25.205], [96.501, 25.215], [96.506, 25.221], [96.51, 25.225], [96.514, 25.23], [96.52, 25.237], [96.524, 25.247], [96.531, 25.257], [96.539, 25.272], [96.549, 25.285], [96.555, 25.298], [96.56, 25.31], [96.566, 25.317], [96.572, 25.323], [96.577, 25.33], [96.582, 25.339], [96.585, 25.347], [96.59, 25.355], [96.597, 25.364], [96.603, 25.372], [96.609, 25.379], [96.617, 25.387], [96.623, 25.394], [96.628, 25.403], [96.635, 25.411], [96.639, 25.419], [96.646, 25.429], [96.653, 25.439], [96.751, 25.58], [96.812, 25.702], [96.891, 25.834], [97.05, 26.086], [97.083, 26.177], [97.098, 26.229], [97.108, 26.373]]}}, {"type": "Feature", "properties": {"average_dip": "(90.0,,)", "average_rake": "(180.0,,)", "catalog_id": "EOS_AF0124", "catalog_name": "EOS_SE_Asia", "lower_seis_depth": "(10.0,,)", "slip_type": "Dextral", "upper_seis_depth": "(1.0,,)"}, "geometry": {"type": "LineString", "coordinates": [[96.02, 23.687], [96.021, 23.692], [96.024, 23.706], [96.028, 23.737], [96.032, 23.766], [96.036, 23.799], [96.039, 23.823], [96.044, 23.852], [96.048, 23.873], [96.052, 23.894], [96.054, 23.909], [96.083, 24.017], [96.11, 24.199], [96.106, 24.261]]}}, {"type": "Feature", "properties": {"average_dip": "(90.0,,)", "average_rake": "(180.0,,)", "catalog_id": "EOS_AF0125", "catalog_name": "EOS_SE_Asia", "lower_seis_depth": "(10.0,,)", "slip_type": "Dextral", "upper_seis_depth": "(1.0,,)"}, "geometry": {"type": "LineString", "coordinates": [[96.121, 24.274], [96.125, 24.317], [96.128, 24.349], [96.166, 24.505], [96.285, 24.825]]}}, {"type": "Feature", "properties": {"average_dip": "(23.0,,)", "average_rake": "(90.0,,)", "catalog_id": "EOS_AF0126", "catalog_name": "EOS_SE_Asia", "lower_seis_depth": "(20.0,,)", "slip_type": "Reverse", "upper_seis_depth": "(1.0,,)"}, "geometry": {"type": "LineString", "coordinates": [[93.179, 25.342], [93.178, 25.344], [93.178, 25.349], [93.178, 25.352], [93.178, 25.356], [93.178, 25.361], [93.179, 25.365], [93.179, 25.368], [93.18, 25.373], [93.181, 25.377], [93.185, 25.38], [93.187, 25.383], [93.188, 25.387], [93.191, 25.392], [93.194, 25.395], [93.197, 25.398], [93.2, 25.402], [93.203, 25.404], [93.206, 25.406], [93.208, 25.409], [93.209, 25.412], [93.209, 25.416], [93.211, 25.419], [93.214, 25.421], [93.217, 25.422], [93.22, 25.424], [93.223, 25.425], [93.226, 25.427], [93.229, 25.431], [93.232, 25.435], [93.235, 25.438], [93.237, 25.441], [93.239, 25.444], [93.242, 25.449], [93.245, 25.453], [93.247, 25.456], [93.248, 25.459], [93.251, 25.462], [93.253, 25.466], [93.257, 25.47], [93.26, 25.473], [93.299, 25.507], [93.328, 25.526], [93.358, 25.541], [93.4, 25.556], [93.435, 25.572], [93.451, 25.585], [93.479, 25.601], [93.534, 25.64], [93.542, 25.652], [93.593, 25.692], [93.656, 25.716], [93.729, 25.762], [93.791, 25.806], [93.809, 25.821], [93.863, 25.838], [93.916, 25.883], [93.955, 25.9], [93.984, 25.922], [93.965, 25.96], [93.958, 25.998], [93.965, 26.03], [93.982, 26.048], [93.999, 26.108], [94.038, 26.208], [94.048, 26.248], [94.097, 26.3], [94.114, 26.327], [94.165, 26.331], [94.181, 26.344], [94.173, 26.41], [94.178, 26.444], [94.205, 26.479], [94.247, 26.524], [94.283, 26.562], [94.369, 26.624], [94.421, 26.658], [94.465, 26.671], [94.493, 26.695], [94.483, 26.741], [94.527, 26.749], [94.583, 26.756], [94.619, 26.767], [94.639, 26.792], [94.68, 26.785], [94.702, 26.786], [94.815, 26.827], [94.832, 26.859], [94.85, 26.898], [94.858, 26.939], [94.887, 26.955], [94.922, 26.976], [94.998, 27.017], [95.04, 27.02], [95.104, 27.001], [95.134, 27.005], [95.174, 27.033], [95.24, 27.068], [95.285, 27.102], [95.365, 27.141], [95.393, 27.217], [95.422, 27.276], [95.476, 27.314], [95.503, 27.349], [95.599, 27.393], [95.744, 27.438]]}}, {"type": "Feature", "properties": {"average_dip": "(23.0,,)", "average_rake": "(90.0,,)", "catalog_id": "EOS_AF0127", "catalog_name": "EOS_SE_Asia", "lower_seis_depth": "(20.0,,)", "slip_type": "Reverse", "upper_seis_depth": "(1.0,,)"}, "geometry": {"type": "LineString", "coordinates": [[95.304, 27.056], [95.311, 27.058], [95.318, 27.061], [95.326, 27.066], [95.336, 27.071], [95.343, 27.076], [95.353, 27.079], [95.36, 27.08], [95.367, 27.08], [95.375, 27.08], [95.382, 27.08], [95.389, 27.084], [95.396, 27.089], [95.403, 27.092], [95.409, 27.096], [95.414, 27.102], [95.417, 27.106], [95.421, 27.109], [95.426, 27.113], [95.467, 27.145], [95.498, 27.18], [95.508, 27.194], [95.516, 27.223], [95.532, 27.237], [95.589, 27.25], [95.682, 27.261], [95.727, 27.284], [95.8, 27.31], [95.846, 27.315], [95.916, 27.359], [95.94, 27.383], [95.96, 27.409], [96.014, 27.41], [96.065, 27.417], [96.122, 27.431], [96.203, 27.477]]}}, {"type": "Feature", "properties": {"average_dip": "(90.0,,)", "average_rake": "(180.0,,)", "catalog_id": "EOS_AF0128", "catalog_name": "EOS_SE_Asia", "lower_seis_depth": "(5.0,,)", "slip_type": "Dextral", "upper_seis_depth": "(1.0,,)"}, "geometry": {"type": "LineString", "coordinates": [[94.046, 25.307], [94.043, 25.304], [94.041, 25.301], [94.037, 25.294], [94.029, 25.279], [94.025, 25.273], [94.017, 25.259], [94.011, 25.245], [94.002, 25.224], [93.999, 25.216], [93.996, 25.204], [93.992, 25.197], [93.989, 25.191], [93.986, 25.189], [93.981, 25.182], [93.975, 25.177], [93.856, 24.972], [93.806, 24.864], [93.772, 24.711], [93.707, 24.511], [93.654, 24.342], [93.586, 24.112], [93.528, 23.891]]}}, {"type": "Feature", "properties": {"average_dip": "(45.0,,)", "average_rake": "(90.0,,)", "catalog_id": "EOS_AF0129", "catalog_name": "EOS_SE_Asia", "lower_seis_depth": "(15.0,,)", "slip_type": "Reverse", "upper_seis_depth": "(1.0,,)"}, "geometry": {"type": "LineString", "coordinates": [[94.184, 22.072], [94.184, 22.118], [94.176, 22.159], [94.174, 22.205], [94.173, 22.254], [94.157, 22.336], [94.156, 22.389], [94.148, 22.468], [94.146, 22.539], [94.143, 22.602], [94.139, 22.67], [94.138, 22.717], [94.141, 22.758], [94.142, 22.796], [94.13, 22.834], [94.103, 22.882], [94.082, 22.935], [94.085, 22.968], [94.089, 22.988], [94.105, 23.018], [94.11, 23.066], [94.115, 23.129], [94.125, 23.166], [94.121, 23.195], [94.126, 23.22], [94.109, 23.302], [94.102, 23.343], [94.101, 23.374], [94.107, 23.43], [94.116, 23.483], [94.119, 23.531], [94.129, 23.561], [94.131, 23.593], [94.145, 23.611], [94.156, 23.647], [94.217, 23.761], [94.219, 23.766], [94.222, 23.774], [94.223, 23.783], [94.225, 23.793], [94.226, 23.801], [94.228, 23.807], [94.232, 23.814], [94.238, 23.818], [94.242, 23.823], [94.246, 23.83], [94.25, 23.837], [94.25, 23.845], [94.25, 23.849], [94.252, 23.856], [94.256, 23.864], [94.258, 23.873], [94.262, 23.88], [94.265, 23.889], [94.27, 23.897], [94.275, 23.907], [94.278, 23.913], [94.281, 23.918], [94.285, 23.923], [94.288, 23.932], [94.29, 23.938], [94.292, 23.946], [94.295, 23.953], [94.302, 23.957], [94.31, 23.964], [94.316, 23.971], [94.323, 23.979], [94.325, 23.984], [94.328, 23.993], [94.332, 24.001], [94.334, 24.007], [94.336, 24.012], [94.338, 24.018], [94.341, 24.025], [94.344, 24.034], [94.345, 24.042], [94.347, 24.05], [94.35, 24.057], [94.353, 24.064], [94.355, 24.071], [94.358, 24.077], [94.359, 24.084], [94.363, 24.089], [94.369, 24.091], [94.375, 24.093], [94.381, 24.097], [94.385, 24.103], [94.388, 24.111], [94.391, 24.118], [94.393, 24.124], [94.395, 24.131], [94.399, 24.138], [94.402, 24.145], [94.403, 24.154], [94.402, 24.166], [94.401, 24.17], [94.403, 24.175], [94.409, 24.179], [94.409, 24.185], [94.409, 24.192], [94.411, 24.2], [94.414, 24.206], [94.418, 24.217], [94.42, 24.225], [94.424, 24.235], [94.427, 24.244], [94.43, 24.253], [94.43, 24.26], [94.432, 24.267], [94.435, 24.271], [94.487, 24.373], [94.533, 24.513]]}}, {"type": "Feature", "properties": {"average_dip": "(45.0,,)", "average_rake": "(90.0,,)", "catalog_id": "EOS_AF0130", "catalog_name": "EOS_SE_Asia", "lower_seis_depth": "(15.0,,)", "slip_type": "Reverse", "upper_seis_depth": "(1.0,,)"}, "geometry": {"type": "LineString", "coordinates": [[93.964, 22.439], [93.965, 22.422], [93.966, 22.409], [93.966, 22.393], [93.966, 22.379], [93.966, 22.36], [93.963, 22.345], [93.959, 22.329], [93.966, 22.318], [93.966, 22.303], [93.966, 22.287], [93.964, 22.267], [93.959, 22.247], [93.956, 22.227], [93.952, 22.207], [93.946, 22.184], [93.94, 22.16], [93.939, 22.142], [93.933, 22.127], [93.926, 22.1], [93.922, 22.077], [93.919, 22.059], [93.914, 22.038], [93.909, 22.02], [93.905, 22.004], [93.903, 21.99], [93.903, 21.981]]}}, {"type": "Feature", "properties": {"average_dip": "(45.0,,)", "average_rake": "(90.0,,)", "catalog_id": "EOS_AF0131", "catalog_name": "EOS_SE_Asia", "lower_seis_depth": "(15.0,,)", "slip_type": "Reverse", "upper_seis_depth": "(1.0,,)"}, "geometry": {"type": "LineString", "coordinates": [[94.699, 21.442], [94.75, 21.324], [94.753, 21.317], [94.758, 21.31], [94.76, 21.301], [94.762, 21.295], [94.765, 21.29], [94.768, 21.284], [94.771, 21.275], [94.775, 21.266], [94.778, 21.258], [94.781, 21.252], [94.784, 21.243], [94.786, 21.236], [94.787, 21.23], [94.788, 21.225], [94.79, 21.219], [94.792, 21.214], [94.795, 21.206], [94.797, 21.199], [94.799, 21.192], [94.8, 21.181], [94.8, 21.173], [94.8, 21.161], [94.799, 21.15], [94.799, 21.136], [94.798, 21.124], [94.798, 21.114], [94.799, 21.104], [94.802, 21.091], [94.806, 21.078], [94.808, 21.069], [94.809, 21.063], [94.809, 21.052], [94.811, 21.04], [94.813, 21.027], [94.816, 21.02], [94.818, 21.012], [94.82, 21.004], [94.822, 20.996], [94.824, 20.988], [94.826, 20.982], [94.827, 20.977], [94.857, 20.891], [94.879, 20.825], [94.898, 20.738]]}}, {"type": "Feature", "properties": {"average_dip": "(45.0,,)", "average_rake": "(90.0,,)", "catalog_id": "EOS_AF0132", "catalog_name": "EOS_SE_Asia", "lower_seis_depth": "(15.0,,)", "slip_type": "Reverse", "upper_seis_depth": "(1.0,,)"}, "geometry": {"type": "LineString", "coordinates": [[95.777, 18.112], [95.78, 18.085], [95.782, 18.07], [95.782, 18.053], [95.779, 18.038], [95.775, 18.022], [95.772, 17.998], [95.773, 17.986], [95.78, 17.971], [95.788, 17.958], [95.793, 17.945], [95.797, 17.926], [95.81, 17.883], [95.823, 17.855], [95.833, 17.829], [95.844, 17.809], [95.857, 17.78], [95.857, 17.763], [95.863, 17.746], [95.87, 17.735], [95.88, 17.722], [95.891, 17.71], [95.902, 17.694], [95.909, 17.687], [95.913, 17.68], [95.912, 17.672], [95.906, 17.658], [95.903, 17.645], [95.901, 17.633], [95.902, 17.615], [95.909, 17.589], [95.914, 17.577], [95.956, 17.472], [95.922, 17.558]]}}, {"type": "Feature", "properties": {"average_dip": "(45.0,,)", "average_rake": "(90.0,,)", "catalog_id": "EOS_AF0133", "catalog_name": "EOS_SE_Asia", "lower_seis_depth": "(15.0,,)", "slip_type": "Reverse", "upper_seis_depth": "(1.0,,)"}, "geometry": {"type": "LineString", "coordinates": [[95.826, 18.281], [95.82, 18.29], [95.813, 18.296], [95.802, 18.308], [95.791, 18.322], [95.781, 18.34], [95.777, 18.349], [95.771, 18.359], [95.762, 18.376], [95.752, 18.391], [95.742, 18.404], [95.72, 18.43], [95.699, 18.457], [95.678, 18.483], [95.66, 18.509], [95.645, 18.52], [95.629, 18.528], [95.611, 18.541], [95.596, 18.554], [95.583, 18.567], [95.569, 18.58], [95.556, 18.592], [95.529, 18.608], [95.515, 18.622], [95.506, 18.632], [95.493, 18.643], [95.472, 18.661], [95.462, 18.674], [95.448, 18.687]]}}, {"type": "Feature", "properties": {"average_dip": "(45.0,,)", "average_rake": "(90.0,,)", "catalog_id": "EOS_AF0134", "catalog_name": "EOS_SE_Asia", "lower_seis_depth": "(15.0,,)", "slip_type": "Reverse", "upper_seis_depth": "(1.0,,)"}, "geometry": {"type": "LineString", "coordinates": [[95.314, 18.39], [95.312, 18.395], [95.306, 18.406], [95.299, 18.423], [95.292, 18.434], [95.286, 18.445], [95.285, 18.463], [95.264, 18.513], [95.252, 18.554], [95.248, 18.626], [95.246, 18.671], [95.238, 18.708], [95.217, 18.765], [95.199, 18.789], [95.184, 18.818], [95.178, 18.829], [95.178, 18.847], [95.164, 18.881], [95.114, 18.984], [95.09, 19.014], [95.077, 19.025], [95.044, 19.046]]}}, {"type": "Feature", "properties": {"average_dip": "(45.0,,)", "average_rake": "(90.0,,)", "catalog_id": "EOS_AF0135", "catalog_name": "EOS_SE_Asia", "lower_seis_depth": "(15.0,,)", "slip_type": "Reverse", "upper_seis_depth": "(1.0,,)"}, "geometry": {"type": "LineString", "coordinates": [[95.29, 18.969], [95.287, 18.971], [95.277, 18.976], [95.264, 18.985], [95.252, 18.994], [95.239, 19.007], [95.229, 19.019], [95.221, 19.033], [95.216, 19.045], [95.212, 19.057], [95.209, 19.066], [95.207, 19.076], [95.145, 19.162]]}}, {"type": "Feature", "properties": {"average_dip": "(90.0,,)", "average_rake": "(180.0,,)", "catalog_id": "EOS_AF0136", "catalog_name": "EOS_SE_Asia", "lower_seis_depth": "(15.0,,)", "slip_type": "Dextral", "upper_seis_depth": "(1.0,,)"}, "geometry": {"type": "LineString", "coordinates": [[94.683, 17.79], [94.686, 17.823], [94.693, 17.867], [94.693, 17.896], [94.691, 17.933], [94.687, 17.961], [94.687, 17.986], [94.683, 18.015], [94.683, 18.035], [94.681, 18.079], [94.678, 18.109], [94.674, 18.168], [94.668, 18.205], [94.662, 18.237], [94.661, 18.265], [94.655, 18.29], [94.649, 18.312], [94.639, 18.341], [94.634, 18.362], [94.631, 18.377], [94.642, 18.399], [94.638, 18.451], [94.631, 18.483], [94.625, 18.522], [94.625, 18.565], [94.618, 18.604], [94.61, 18.627], [94.607, 18.644], [94.605, 18.656], [94.602, 18.669], [94.602, 18.679], [94.599, 18.692], [94.594, 18.71], [94.591, 18.721], [94.584, 18.734], [94.581, 18.743]]}}, {"type": "Feature", "properties": {"average_dip": "(45.0,,)", "average_rake": "(90.0,,)", "catalog_id": "EOS_AF0137", "catalog_name": "EOS_SE_Asia", "lower_seis_depth": "(15.0,,)", "slip_type": "Reverse", "upper_seis_depth": "(1.0,,)"}, "geometry": {"type": "LineString", "coordinates": [[93.335, 20.9], [93.333, 20.884], [93.326, 20.858], [93.323, 20.85], [93.32, 20.843], [93.317, 20.836], [93.315, 20.828], [93.312, 20.821], [93.309, 20.813], [93.308, 20.801], [93.308, 20.778], [93.309, 20.762], [93.311, 20.748], [93.314, 20.735], [93.315, 20.72], [93.313, 20.706], [93.316, 20.692], [93.321, 20.679], [93.328, 20.668], [93.332, 20.658], [93.333, 20.644], [93.333, 20.633], [93.333, 20.612], [93.331, 20.601], [93.328, 20.588], [93.327, 20.583], [93.329, 20.571], [93.332, 20.56], [93.334, 20.55], [93.336, 20.539], [93.339, 20.53], [93.341, 20.521], [93.345, 20.511], [93.351, 20.497], [93.356, 20.484], [93.361, 20.472], [93.364, 20.465], [93.369, 20.453], [93.374, 20.438], [93.381, 20.42], [93.389, 20.405], [93.394, 20.396], [93.397, 20.382], [93.4, 20.367], [93.404, 20.352], [93.41, 20.338], [93.415, 20.323], [93.423, 20.306], [93.428, 20.294], [93.432, 20.285], [93.434, 20.278], [93.436, 20.272], [93.448, 20.182], [93.515, 20.105], [93.585, 19.998]]}}, {"type": "Feature", "properties": {"average_dip": "(45.0,,)", "average_rake": "(90.0,,)", "catalog_id": "EOS_AF0138", "catalog_name": "EOS_SE_Asia", "lower_seis_depth": "(15.0,,)", "slip_type": "Reverse", "upper_seis_depth": "(1.0,,)"}, "geometry": {"type": "LineString", "coordinates": [[94.924, 17.262], [94.922, 17.295], [94.936, 17.35], [94.971, 17.401], [95.005, 17.461], [95.017, 17.482], [95.024, 17.506], [95.053, 17.568], [95.065, 17.592], [95.074, 17.635], [95.089, 17.672], [95.106, 17.708], [95.11, 17.718], [95.123, 17.762], [95.146, 17.791], [95.169, 17.832], [95.208, 17.882], [95.262, 18.028]]}}, {"type": "Feature", "properties": {"average_dip": "(45.0,,)", "average_rake": "(90.0,,)", "catalog_id": "EOS_AF0139", "catalog_name": "EOS_SE_Asia", "lower_seis_depth": "(15.0,,)", "slip_type": "Reverse", "upper_seis_depth": "(1.0,,)"}, "geometry": {"type": "LineString", "coordinates": [[94.736, 19.186], [94.736, 19.193], [94.734, 19.199], [94.732, 19.205], [94.728, 19.213], [94.723, 19.218], [94.719, 19.221], [94.713, 19.225], [94.708, 19.231], [94.705, 19.237], [94.701, 19.241], [94.694, 19.246], [94.68, 19.256], [94.667, 19.268], [94.656, 19.283], [94.649, 19.295], [94.648, 19.3], [94.639, 19.315], [94.625, 19.329], [94.611, 19.353], [94.583, 19.398]]}}, {"type": "Feature", "properties": {"average_dip": "(90.0,,)", "average_rake": "(180.0,,)", "catalog_id": "EOS_AF0140", "catalog_name": "EOS_SE_Asia", "lower_seis_depth": "(15.0,,)", "slip_type": "Dextral", "upper_seis_depth": "(1.0,,)"}, "geometry": {"type": "LineString", "coordinates": [[93.392, 20.988], [93.394, 20.981], [93.396, 20.97], [93.398, 20.957], [93.401, 20.944], [93.404, 20.93], [93.407, 20.913], [93.412, 20.903], [93.416, 20.89], [93.419, 20.868], [93.418, 20.833], [93.415, 20.814], [93.412, 20.788], [93.415, 20.764], [93.418, 20.748], [93.422, 20.722], [93.429, 20.701], [93.44, 20.678], [93.445, 20.657], [93.448, 20.64], [93.456, 20.616], [93.47, 20.577], [93.481, 20.552], [93.491, 20.523], [93.501, 20.488], [93.504, 20.469], [93.518, 20.436], [93.533, 20.411], [93.552, 20.369], [93.571, 20.323], [93.576, 20.304], [93.582, 20.276], [93.589, 20.253], [93.595, 20.233], [93.61, 20.209], [93.618, 20.192], [93.63, 20.143], [93.639, 20.118], [93.651, 20.091], [93.667, 20.063], [93.689, 20.029], [93.715, 19.995], [93.724, 19.98], [93.735, 19.952], [93.771, 19.863], [93.879, 19.665], [93.956, 19.569]]}}, {"type": "Feature", "properties": {"average_dip": "(45.0,,)", "average_rake": "(90.0,,)", "catalog_id": "EOS_AF0141", "catalog_name": "EOS_SE_Asia", "lower_seis_depth": "(15.0,,)", "slip_type": "Reverse", "upper_seis_depth": "(1.0,,)"}, "geometry": {"type": "LineString", "coordinates": [[94.318, 20.39], [94.323, 20.379], [94.326, 20.372], [94.326, 20.37], [94.327, 20.362], [94.327, 20.355], [94.326, 20.349], [94.324, 20.343], [94.325, 20.336], [94.327, 20.328], [94.331, 20.313], [94.334, 20.307], [94.339, 20.297], [94.347, 20.287], [94.354, 20.279], [94.36, 20.275], [94.364, 20.263], [94.366, 20.256], [94.371, 20.246], [94.373, 20.242], [94.376, 20.233], [94.38, 20.225], [94.387, 20.216], [94.395, 20.206], [94.402, 20.197], [94.41, 20.186], [94.413, 20.179], [94.418, 20.171], [94.425, 20.16], [94.432, 20.151], [94.439, 20.145], [94.446, 20.138], [94.453, 20.132], [94.459, 20.126], [94.468, 20.118], [94.479, 20.109], [94.491, 20.1], [94.5, 20.093], [94.507, 20.086], [94.51, 20.083]]}}, {"type": "Feature", "properties": {"average_dip": "(45.0,,)", "average_rake": "(90.0,,)", "catalog_id": "EOS_AF0142", "catalog_name": "EOS_SE_Asia", "lower_seis_depth": "(15.0,,)", "slip_type": "Reverse", "upper_seis_depth": "(1.0,,)"}, "geometry": {"type": "LineString", "coordinates": [[94.171, 20.623], [94.171, 20.616], [94.175, 20.601], [94.176, 20.592], [94.18, 20.584], [94.185, 20.574], [94.19, 20.562], [94.19, 20.553], [94.19, 20.543], [94.19, 20.531], [94.195, 20.502], [94.199, 20.462], [94.215, 20.429], [94.247, 20.377], [94.287, 20.319], [94.304, 20.281], [94.308, 20.265]]}}, {"type": "Feature", "properties": {"average_dip": "(45.0,,)", "average_rake": "(90.0,,)", "catalog_id": "EOS_AF0143", "catalog_name": "EOS_SE_Asia", "lower_seis_depth": "(15.0,,)", "slip_type": "Reverse", "upper_seis_depth": "(1.0,,)"}, "geometry": {"type": "LineString", "coordinates": [[94.462, 19.964], [94.47, 19.956], [94.479, 19.947], [94.487, 19.935], [94.491, 19.924], [94.493, 19.916], [94.495, 19.906], [94.494, 19.896], [94.496, 19.885], [94.496, 19.871], [94.494, 19.841], [94.499, 19.781], [94.514, 19.712], [94.54, 19.625], [94.557, 19.584]]}}, {"type": "Feature", "properties": {"average_dip": "(5.0,,)", "average_rake": "(90.0,,)", "catalog_id": "EOS_AF0144", "catalog_name": "EOS_SE_Asia", "lower_seis_depth": "(30.0,,)", "slip_type": "Subduction_Thrust", "upper_seis_depth": "(3.0,,)"}, "geometry": {"type": "LineString", "coordinates": [[91.609, 20.388], [91.475, 20.539], [91.362, 20.693], [91.209, 20.898], [91.105, 21.095], [90.974, 21.265], [90.869, 21.409], [90.791, 21.618], [90.712, 21.749], [90.647, 22.037], [90.581, 22.325], [90.555, 22.535], [90.542, 22.77], [90.516, 22.954], [90.503, 23.098], [90.529, 23.216], [90.516, 23.333], [90.542, 23.517], [90.542, 23.739], [90.607, 23.909], [90.647, 24.067], [90.725, 24.211], [90.831, 24.395], [90.967, 24.526], [91.086, 24.645], [91.235, 24.758], [91.366, 24.877], [91.466, 24.946], [91.537, 25.025], [91.613, 25.129]]}}, {"type": "Feature", "properties": {"average_dip": "(45.0,,)", "average_rake": "(90.0,,)", "catalog_id": "EOS_AF0145", "catalog_name": "EOS_SE_Asia", "lower_seis_depth": "(35.0,,)", "slip_type": "Reverse", "upper_seis_depth": "(1.0,,)"}, "geometry": {"type": "LineString", "coordinates": [[92.517, 25.177], [92.327, 25.166], [92.127, 25.169], [91.949, 25.185], [91.805, 25.168], [91.605, 25.188], [91.207, 25.2], [90.999, 25.177], [90.837, 25.158], [90.774, 25.166], [90.752, 25.157], [90.699, 25.15], [90.633, 25.153], [90.588, 25.153], [90.521, 25.147], [90.463, 25.141], [90.379, 25.153], [90.289, 25.162], [90.197, 25.183], [90.122, 25.202], [90.048, 25.222], [89.998, 25.237], [89.882, 25.299]]}}, {"type": "Feature", "properties": {"average_dip": "(60.0,,)", "average_rake": "(-90.0,,)", "catalog_id": "EOS_AF0146", "catalog_name": "EOS_SE_Asia", "lower_seis_depth": "(15.0,,)", "slip_type": "Normal", "upper_seis_depth": "(1.0,,)"}, "geometry": {"type": "LineString", "coordinates": [[96.739, 21.32], [96.722, 21.275], [96.722, 21.272], [96.721, 21.267], [96.72, 21.262], [96.719, 21.258], [96.717, 21.253], [96.715, 21.251], [96.714, 21.248], [96.712, 21.245], [96.71, 21.242], [96.707, 21.239], [96.706, 21.236], [96.705, 21.233], [96.705, 21.23], [96.704, 21.227], [96.703, 21.224], [96.702, 21.222], [96.699, 21.219], [96.697, 21.216], [96.695, 21.213], [96.693, 21.211], [96.692, 21.208], [96.69, 21.205], [96.688, 21.202], [96.686, 21.198], [96.683, 21.194], [96.681, 21.191], [96.679, 21.187], [96.677, 21.184], [96.675, 21.182], [96.674, 21.179], [96.672, 21.177], [96.671, 21.176], [96.67, 21.173], [96.668, 21.17], [96.667, 21.167], [96.666, 21.164], [96.665, 21.162], [96.665, 21.159], [96.664, 21.157], [96.664, 21.155], [96.663, 21.153], [96.662, 21.149], [96.661, 21.146], [96.66, 21.143], [96.66, 21.14], [96.659, 21.136], [96.658, 21.132], [96.658, 21.129], [96.658, 21.127], [96.657, 21.125], [96.656, 21.122], [96.656, 21.12], [96.656, 21.118], [96.655, 21.116], [96.654, 21.114], [96.654, 21.112], [96.653, 21.11], [96.652, 21.108], [96.652, 21.106], [96.651, 21.104], [96.649, 21.101], [96.648, 21.098], [96.648, 21.095], [96.648, 21.091], [96.648, 21.089], [96.647, 21.086], [96.647, 21.083], [96.646, 21.079], [96.645, 21.077], [96.645, 21.074], [96.645, 21.071], [96.644, 21.069], [96.644, 21.065], [96.643, 21.063], [96.642, 21.059], [96.641, 21.056], [96.65, 21.031], [96.649, 21.005], [96.651, 20.981], [96.659, 20.95], [96.659, 20.941], [96.652, 20.925], [96.651, 20.921]]}}, {"type": "Feature", "properties": {"average_dip": "(90.0,,)", "average_rake": "(180.0,,)", "catalog_id": "EOS_AF0147", "catalog_name": "EOS_SE_Asia", "lower_seis_depth": "(15.0,,)", "slip_type": "Dextral", "upper_seis_depth": "(1.0,,)"}, "geometry": {"type": "LineString", "coordinates": [[96.943, 21.391], [96.945, 21.381], [96.947, 21.368], [96.949, 21.362], [96.951, 21.349], [96.955, 21.339], [96.959, 21.324], [96.963, 21.311], [96.965, 21.298], [96.966, 21.284], [96.968, 21.266], [96.973, 21.251], [96.977, 21.239], [96.984, 21.223], [96.987, 21.192], [97.003, 21.154]]}}, {"type": "Feature", "properties": {"average_dip": "(60.0,,)", "average_rake": "(-90.0,,)", "catalog_id": "EOS_AF0148", "catalog_name": "EOS_SE_Asia", "lower_seis_depth": "(15.0,,)", "slip_type": "Normal", "upper_seis_depth": "(1.0,,)"}, "geometry": {"type": "LineString", "coordinates": [[97.041, 20.844], [97.039, 20.836], [97.036, 20.83], [97.03, 20.824], [97.029, 20.819], [97.026, 20.815], [97.024, 20.812], [97.023, 20.811], [97.023, 20.809], [97.023, 20.803], [97.023, 20.796], [97.022, 20.792], [97.021, 20.786], [97.021, 20.781], [97.02, 20.774], [97.018, 20.768], [97.013, 20.751], [97.009, 20.737], [96.996, 20.723], [96.985, 20.708], [96.971, 20.684], [96.968, 20.663], [96.965, 20.645], [96.961, 20.618], [96.958, 20.587], [96.955, 20.57], [96.946, 20.54], [96.943, 20.52], [96.941, 20.499], [96.939, 20.479], [96.935, 20.463], [96.919, 20.419]]}}, {"type": "Feature", "properties": {"average_dip": "(90.0,,)", "average_rake": "(180.0,,)", "catalog_id": "EOS_AF0149", "catalog_name": "EOS_SE_Asia", "lower_seis_depth": "(15.0,,)", "slip_type": "Dextral", "upper_seis_depth": "(1.0,,)"}, "geometry": {"type": "LineString", "coordinates": [[96.822, 20.548], [96.822, 20.544], [96.822, 20.542], [96.822, 20.537], [96.823, 20.533], [96.823, 20.528], [96.823, 20.524], [96.825, 20.511], [96.835, 20.482], [96.848, 20.457], [96.863, 20.409], [96.872, 20.375], [96.872, 20.354], [96.884, 20.308], [96.898, 20.279], [96.902, 20.271], [96.908, 20.219], [96.92, 20.174], [96.922, 20.158], [96.955, 20.076], [96.973, 20.037], [97.008, 19.96], [97.025, 19.92], [97.043, 19.872], [97.075, 19.808], [97.1, 19.771], [97.193, 19.59], [97.21, 19.534], [97.219, 19.515], [97.265, 19.451], [97.307, 19.408], [97.352, 19.362], [97.373, 19.327], [97.365, 19.286], [97.351, 19.251], [97.33, 19.241]]}}, {"type": "Feature", "properties": {"average_dip": "(90.0,,)", "average_rake": "(180.0,,)", "catalog_id": "EOS_AF0150", "catalog_name": "EOS_SE_Asia", "lower_seis_depth": "(15.0,,)", "slip_type": "Dextral", "upper_seis_depth": "(1.0,,)"}, "geometry": {"type": "LineString", "coordinates": [[97.277, 19.369], [97.29, 19.347], [97.3, 19.326], [97.309, 19.307], [97.317, 19.286], [97.326, 19.264], [97.329, 19.251], [97.35, 19.186], [97.359, 19.146], [97.355, 19.082], [97.358, 19.031], [97.357, 18.961], [97.357, 18.892], [97.355, 18.846], [97.341, 18.787], [97.346, 18.721], [97.351, 18.683], [97.372, 18.572], [97.377, 18.515], [97.386, 18.448], [97.421, 18.376], [97.461, 18.282], [97.489, 18.19], [97.52, 18.148], [97.539, 18.062], [97.554, 18.012], [97.594, 17.945], [97.634, 17.889], [97.697, 17.827], [97.736, 17.785], [97.827, 17.667], [97.916, 17.585], [98.018, 17.475], [98.094, 17.395], [98.162, 17.304], [98.214, 17.253], [98.27, 17.215], [98.32, 17.17]]}}, {"type": "Feature", "properties": {"average_dip": "(90.0,,)", "average_rake": "(180.0,,)", "catalog_id": "EOS_AF0151", "catalog_name": "EOS_SE_Asia", "lower_seis_depth": "(15.0,,)", "slip_type": "Dextral", "upper_seis_depth": "(1.0,,)"}, "geometry": {"type": "LineString", "coordinates": [[97.886, 18.234], [97.887, 18.226], [97.886, 18.218], [97.887, 18.212], [97.888, 18.206], [97.889, 18.2], [97.889, 18.195], [97.89, 18.191], [97.89, 18.186], [97.889, 18.181], [97.888, 18.176], [97.888, 18.171], [97.889, 18.162], [97.89, 18.157], [97.89, 18.152], [97.89, 18.147], [97.888, 18.143], [97.887, 18.139], [97.887, 18.135], [97.887, 18.129], [97.887, 18.124], [97.888, 18.12], [97.889, 18.114], [97.891, 18.109], [97.906, 18.039], [97.938, 17.936], [97.981, 17.839], [98.042, 17.679], [98.126, 17.56], [98.2, 17.463], [98.318, 17.331], [98.399, 17.278], [98.474, 17.213], [98.671, 17.117], [98.773, 17.035], [98.841, 16.97], [98.908, 16.896], [99.065, 16.744], [99.168, 16.627], [99.285, 16.399]]}}, {"type": "Feature", "properties": {"average_dip": "(45.0,,)", "average_rake": "(90.0,,)", "catalog_id": "EOS_AF0152", "catalog_name": "EOS_SE_Asia", "lower_seis_depth": "(7.0,,)", "slip_type": "Subduction_Thrust", "upper_seis_depth": "(1.0,,)"}, "geometry": {"type": "LineString", "coordinates": [[91.795, 22.358], [91.788, 22.364], [91.78, 22.371], [91.773, 22.378], [91.77, 22.385], [91.767, 22.392], [91.763, 22.4], [91.762, 22.405], [91.76, 22.411], [91.757, 22.418], [91.756, 22.423], [91.754, 22.43], [91.75, 22.436], [91.746, 22.444], [91.739, 22.456], [91.735, 22.463], [91.731, 22.474], [91.726, 22.483], [91.723, 22.49], [91.72, 22.497], [91.718, 22.502], [91.717, 22.504], [91.711, 22.519], [91.706, 22.532], [91.702, 22.54], [91.696, 22.55], [91.693, 22.558], [91.689, 22.566], [91.687, 22.576], [91.685, 22.584], [91.682, 22.591], [91.678, 22.598], [91.674, 22.606], [91.673, 22.611], [91.669, 22.619], [91.667, 22.626], [91.661, 22.635], [91.656, 22.643], [91.654, 22.649], [91.652, 22.655], [91.649, 22.662], [91.645, 22.671], [91.64, 22.679], [91.634, 22.689], [91.633, 22.693], [91.609, 22.739], [91.578, 22.805], [91.555, 22.849], [91.551, 22.88], [91.551, 22.891]]}}, {"type": "Feature", "properties": {"average_dip": "(4.0,,)", "average_rake": "(90.0,,)", "catalog_id": "EOS_AF0153", "catalog_name": "EOS_SE_Asia", "lower_seis_depth": "(7.0,,)", "slip_type": "Subduction_Thrust", "upper_seis_depth": "(1.0,,)"}, "geometry": {"type": "LineString", "coordinates": [[91.445, 23.277], [91.48, 23.225], [91.488, 23.217], [91.496, 23.208], [91.5, 23.201], [91.506, 23.192], [91.51, 23.18], [91.515, 23.169], [91.52, 23.16], [91.525, 23.144], [91.53, 23.131], [91.534, 23.118], [91.539, 23.107], [91.542, 23.093], [91.549, 23.077], [91.554, 23.061], [91.557, 23.05], [91.562, 23.034], [91.562, 23.025], [91.564, 23.014], [91.565, 23.001], [91.57, 22.987], [91.574, 22.977], [91.578, 22.972], [91.588, 22.925]]}}, {"type": "Feature", "properties": {"average_dip": "(45.0,,)", "average_rake": "(90.0,,)", "catalog_id": "EOS_AF0154", "catalog_name": "EOS_SE_Asia", "lower_seis_depth": "(7.0,,)", "slip_type": "Subduction_Thrust", "upper_seis_depth": "(1.0,,)"}, "geometry": {"type": "LineString", "coordinates": [[91.48, 24.102], [91.488, 24.078], [91.497, 24.044], [91.505, 24.013], [91.515, 23.987], [91.534, 23.963], [91.553, 23.941], [91.572, 23.915], [91.581, 23.893], [91.583, 23.872], [91.582, 23.845], [91.589, 23.796], [91.598, 23.754], [91.608, 23.715], [91.617, 23.677], [91.619, 23.638], [91.619, 23.603], [91.62, 23.569], [91.619, 23.555], [91.628, 23.504], [91.633, 23.44], [91.636, 23.392]]}}, {"type": "Feature", "properties": {"average_dip": "(25.0,,)", "average_rake": "(90.0,,)", "catalog_id": "EOS_AF0155", "catalog_name": "EOS_SE_Asia", "lower_seis_depth": "(40.0,,)", "slip_type": "Reverse", "upper_seis_depth": "(1.0,,)"}, "geometry": {"type": "LineString", "coordinates": [[89.391, 26.843], [89.393, 26.843], [89.394, 26.842], [89.396, 26.842], [89.397, 26.841], [89.399, 26.841], [89.4, 26.84], [89.402, 26.84], [89.403, 26.839], [89.405, 26.839], [89.406, 26.838], [89.408, 26.838], [89.409, 26.837], [89.411, 26.836], [89.412, 26.836], [89.414, 26.835], [89.415, 26.835], [89.417, 26.834], [89.418, 26.834], [89.42, 26.833], [89.421, 26.833], [89.423, 26.832], [89.424, 26.831], [89.425, 26.831], [89.427, 26.83], [89.428, 26.83], [89.43, 26.829], [89.431, 26.828], [89.433, 26.828], [89.434, 26.827], [89.436, 26.827], [89.437, 26.826], [89.438, 26.825], [89.44, 26.825], [89.441, 26.824], [89.443, 26.823], [89.444, 26.823], [89.446, 26.822], [89.447, 26.821], [89.448, 26.821], [89.45, 26.82], [89.451, 26.82], [89.453, 26.819], [89.454, 26.818], [89.455, 26.818], [89.457, 26.817], [89.458, 26.816], [89.46, 26.815], [89.461, 26.815], [89.462, 26.814], [89.464, 26.813], [89.465, 26.813], [89.466, 26.812], [89.468, 26.811], [89.469, 26.811], [89.471, 26.81], [89.472, 26.809], [89.473, 26.808], [89.475, 26.808], [89.476, 26.807], [89.477, 26.806], [89.479, 26.806], [89.48, 26.805], [89.481, 26.804], [89.483, 26.803], [89.483, 26.803], [89.484, 26.802], [89.485, 26.802], [89.486, 26.802], [89.487, 26.801], [89.487, 26.801], [89.488, 26.8], [89.489, 26.8], [89.49, 26.799], [89.491, 26.799], [89.491, 26.798], [89.492, 26.798], [89.493, 26.797], [89.494, 26.796], [89.495, 26.796], [89.495, 26.795], [89.496, 26.795], [89.497, 26.794], [89.498, 26.794], [89.499, 26.793], [89.499, 26.792], [89.5, 26.792], [89.501, 26.791], [89.502, 26.791], [89.503, 26.79], [89.504, 26.789], [89.504, 26.789], [89.505, 26.788], [89.506, 26.787], [89.507, 26.787], [89.508, 26.786], [89.509, 26.785], [89.509, 26.785], [89.51, 26.784], [89.511, 26.784], [89.511, 26.783], [89.512, 26.782], [89.513, 26.782], [89.514, 26.78], [89.516, 26.779], [89.517, 26.778], [89.519, 26.776], [89.521, 26.775], [89.522, 26.774], [89.524, 26.772], [89.525, 26.771], [89.527, 26.769], [89.53, 26.767], [89.535, 26.762], [89.537, 26.76], [89.539, 26.758], [89.541, 26.756], [89.543, 26.754], [89.545, 26.752], [89.547, 26.751], [89.548, 26.75], [89.549, 26.749], [89.55, 26.748], [89.551, 26.747], [89.552, 26.746], [89.553, 26.746], [89.554, 26.745], [89.555, 26.744], [89.556, 26.743], [89.556, 26.743], [89.557, 26.742], [89.558, 26.741], [89.559, 26.74], [89.56, 26.74], [89.561, 26.739], [89.562, 26.738], [89.563, 26.738], [89.564, 26.737], [89.565, 26.736], [89.565, 26.735], [89.566, 26.735], [89.567, 26.734], [89.568, 26.733], [89.569, 26.733], [89.57, 26.732], [89.571, 26.731], [89.572, 26.731], [89.573, 26.73], [89.574, 26.73], [89.575, 26.729], [89.576, 26.728], [89.577, 26.728], [89.578, 26.727], [89.578, 26.727], [89.579, 26.726], [89.58, 26.726], [89.581, 26.725], [89.582, 26.725], [89.583, 26.724], [89.584, 26.724], [89.585, 26.723], [89.586, 26.723], [89.587, 26.722], [89.588, 26.722], [89.588, 26.721], [89.589, 26.721], [89.59, 26.72], [89.591, 26.72], [89.592, 26.719], [89.593, 26.719], [89.596, 26.718], [89.598, 26.717], [89.6, 26.716], [89.601, 26.715], [89.603, 26.715], [89.604, 26.714], [89.606, 26.714], [89.607, 26.713], [89.609, 26.712], [89.61, 26.712], [89.612, 26.711], [89.613, 26.711], [89.614, 26.71], [89.616, 26.71], [89.617, 26.709], [89.618, 26.709], [89.62, 26.708], [89.621, 26.708], [89.622, 26.707], [89.624, 26.707], [89.625, 26.706], [89.626, 26.706], [89.627, 26.705], [89.629, 26.705], [89.63, 26.705], [89.631, 26.704], [89.632, 26.704], [89.634, 26.703], [89.635, 26.703], [89.636, 26.703], [89.637, 26.702], [89.638, 26.702], [89.64, 26.702], [89.641, 26.701], [89.642, 26.701], [89.643, 26.701], [89.644, 26.7], [89.645, 26.7], [89.647, 26.7], [89.648, 26.7], [89.649, 26.699], [89.65, 26.699], [89.651, 26.699], [89.652, 26.699], [89.653, 26.698], [89.654, 26.698], [89.656, 26.698], [89.657, 26.698], [89.658, 26.698], [89.659, 26.697], [89.66, 26.697], [89.661, 26.697], [89.662, 26.697], [89.663, 26.697], [89.664, 26.697], [89.665, 26.697], [89.666, 26.696], [89.667, 26.696], [89.669, 26.696], [89.67, 26.696], [89.671, 26.696], [89.672, 26.696], [89.673, 26.696], [89.673, 26.696], [89.674, 26.696], [89.677, 26.696], [89.678, 26.696], [89.679, 26.696], [89.68, 26.695], [89.681, 26.695], [89.681, 26.695], [89.682, 26.695], [89.682, 26.695], [89.683, 26.695], [89.683, 26.695], [89.684, 26.695], [89.684, 26.695], [89.685, 26.695], [89.685, 26.695], [89.686, 26.695], [89.686, 26.695], [89.687, 26.695], [89.687, 26.695], [89.688, 26.695], [89.688, 26.696], [89.689, 26.696], [89.689, 26.696], [89.689, 26.696], [89.69, 26.696], [89.69, 26.696], [89.691, 26.696], [89.691, 26.696], [89.691, 26.696], [89.692, 26.696], [89.692, 26.696], [89.692, 26.696], [89.692, 26.696], [89.693, 26.696], [89.693, 26.696], [89.693, 26.696], [89.693, 26.696], [89.694, 26.696], [89.694, 26.696], [89.694, 26.697], [89.694, 26.697], [89.695, 26.697], [89.695, 26.697], [89.695, 26.697], [89.695, 26.697], [89.695, 26.697], [89.696, 26.697], [89.696, 26.697], [89.696, 26.697], [89.696, 26.697], [89.697, 26.697], [89.697, 26.698], [89.697, 26.698], [89.697, 26.698], [89.698, 26.698], [89.698, 26.698], [89.698, 26.698], [89.698, 26.698], [89.699, 26.698], [89.699, 26.699], [89.699, 26.699], [89.7, 26.699], [89.7, 26.699], [89.701, 26.699], [89.701, 26.7], [89.702, 26.7], [89.702, 26.7], [89.703, 26.701], [89.703, 26.701], [89.704, 26.701], [89.704, 26.702], [89.705, 26.702], [89.705, 26.702], [89.706, 26.703], [89.708, 26.704], [89.709, 26.705], [89.71, 26.705], [89.71, 26.706], [89.711, 26.706], [89.711, 26.706], [89.712, 26.707], [89.712, 26.707], [89.712, 26.707], [89.713, 26.707], [89.713, 26.707], [89.713, 26.708], [89.714, 26.708], [89.714, 26.708], [89.715, 26.708], [89.715, 26.709], [89.715, 26.709], [89.716, 26.709], [89.716, 26.709], [89.717, 26.709], [89.717, 26.71], [89.717, 26.71], [89.718, 26.71], [89.718, 26.71], [89.719, 26.71], [89.719, 26.71], [89.719, 26.711], [89.72, 26.711], [89.72, 26.711], [89.72, 26.711], [89.721, 26.711], [89.721, 26.711], [89.721, 26.711], [89.722, 26.711], [89.722, 26.711], [89.722, 26.712], [89.723, 26.712], [89.723, 26.712], [89.724, 26.712], [89.725, 26.712], [89.725, 26.712], [89.726, 26.713], [89.727, 26.713], [89.728, 26.713], [89.728, 26.713], [89.729, 26.713], [89.73, 26.713], [89.731, 26.714], [89.732, 26.714], [89.732, 26.714], [89.733, 26.714], [89.734, 26.714], [89.735, 26.714], [89.735, 26.714], [89.736, 26.714], [89.737, 26.715], [89.738, 26.715], [89.739, 26.715], [89.741, 26.715], [89.743, 26.715], [89.747, 26.716], [89.749, 26.716], [89.75, 26.716], [89.751, 26.716], [89.752, 26.717], [89.754, 26.717], [89.755, 26.717], [89.757, 26.717], [89.76, 26.718], [89.762, 26.718], [89.765, 26.719], [89.768, 26.719], [89.77, 26.719], [89.773, 26.72], [89.776, 26.72], [89.778, 26.72], [89.781, 26.721], [89.784, 26.721], [89.786, 26.721], [89.789, 26.721], [89.792, 26.722], [89.795, 26.722], [89.797, 26.722], [89.8, 26.722], [89.803, 26.723], [89.806, 26.723], [89.809, 26.723], [89.812, 26.723], [89.815, 26.723], [89.818, 26.724], [89.821, 26.724], [89.824, 26.724], [89.827, 26.724], [89.83, 26.724], [89.833, 26.724], [89.836, 26.724], [89.839, 26.724], [89.842, 26.725], [89.845, 26.725], [89.848, 26.725], [89.851, 26.725], [89.853, 26.725], [89.856, 26.725], [89.859, 26.725], [89.862, 26.725], [89.864, 26.725], [89.867, 26.725], [89.87, 26.725], [89.873, 26.725], [89.879, 26.725], [89.885, 26.725], [89.891, 26.725], [89.897, 26.725], [89.902, 26.725], [89.908, 26.725], [89.915, 26.725], [89.927, 26.724], [89.949, 26.724], [89.957, 26.724], [89.966, 26.724], [89.974, 26.724], [89.978, 26.723], [89.983, 26.723], [89.987, 26.723], [89.991, 26.723], [89.995, 26.723], [89.998, 26.723], [90.002, 26.723], [90.006, 26.723], [90.008, 26.723], [90.011, 26.723], [90.013, 26.723], [90.016, 26.723], [90.018, 26.723], [90.021, 26.723], [90.023, 26.723], [90.026, 26.723], [90.028, 26.723], [90.031, 26.723], [90.034, 26.723], [90.036, 26.723], [90.039, 26.723], [90.042, 26.723], [90.048, 26.722], [90.053, 26.722], [90.058, 26.722], [90.064, 26.722], [90.07, 26.722], [90.076, 26.721], [90.082, 26.721], [90.104, 26.72], [90.113, 26.719], [90.122, 26.719], [90.126, 26.719], [90.13, 26.719], [90.135, 26.718], [90.139, 26.718], [90.143, 26.718], [90.148, 26.718], [90.152, 26.718], [90.156, 26.718], [90.16, 26.718], [90.164, 26.717], [90.166, 26.717], [90.169, 26.717], [90.171, 26.717], [90.173, 26.717], [90.175, 26.717], [90.178, 26.717], [90.18, 26.717], [90.182, 26.717], [90.184, 26.717], [90.187, 26.717], [90.189, 26.717], [90.191, 26.717], [90.193, 26.717], [90.195, 26.717], [90.197, 26.717], [90.199, 26.718], [90.201, 26.718], [90.203, 26.718], [90.205, 26.718], [90.207, 26.718], [90.209, 26.718], [90.212, 26.718], [90.214, 26.718], [90.215, 26.718], [90.217, 26.718], [90.219, 26.718], [90.221, 26.718], [90.223, 26.719], [90.225, 26.719], [90.227, 26.719], [90.229, 26.719], [90.231, 26.719], [90.234, 26.719], [90.237, 26.72], [90.241, 26.72], [90.244, 26.72], [90.247, 26.72], [90.25, 26.721], [90.254, 26.721], [90.257, 26.721], [90.26, 26.722], [90.263, 26.722], [90.267, 26.722], [90.27, 26.723], [90.273, 26.723], [90.276, 26.723], [90.279, 26.724], [90.283, 26.724], [90.286, 26.725], [90.289, 26.725], [90.292, 26.725], [90.296, 26.726], [90.299, 26.726], [90.302, 26.727], [90.305, 26.727], [90.308, 26.728], [90.312, 26.728], [90.315, 26.729], [90.318, 26.729], [90.321, 26.73], [90.325, 26.73], [90.328, 26.731], [90.331, 26.731], [90.685, 26.772], [90.706, 26.776], [90.707, 26.775], [90.709, 26.775], [90.71, 26.775], [90.712, 26.775], [90.713, 26.774], [90.715, 26.774], [90.716, 26.774], [90.718, 26.774], [90.719, 26.774], [90.721, 26.773], [90.722, 26.773], [90.724, 26.773], [90.726, 26.773], [90.727, 26.773], [90.729, 26.773], [90.73, 26.772], [90.732, 26.772], [90.733, 26.772], [90.737, 26.772], [90.74, 26.772], [90.743, 26.771], [90.746, 26.771], [90.75, 26.771], [90.753, 26.771], [90.756, 26.77], [90.759, 26.77], [90.763, 26.77], [90.766, 26.77], [90.769, 26.77], [90.773, 26.77], [90.776, 26.769], [90.78, 26.769], [90.783, 26.769], [90.786, 26.769], [90.79, 26.769], [90.793, 26.769], [90.797, 26.769], [90.8, 26.769], [90.804, 26.769], [90.808, 26.769], [90.811, 26.769], [90.815, 26.769], [90.818, 26.769], [90.822, 26.769], [90.826, 26.769], [90.829, 26.77], [90.833, 26.77], [90.837, 26.77], [90.84, 26.77], [90.844, 26.77], [90.848, 26.77], [90.852, 26.771], [90.856, 26.771], [90.86, 26.771], [90.863, 26.771], [90.867, 26.772], [90.871, 26.772], [90.875, 26.772], [90.879, 26.772], [90.883, 26.773], [90.887, 26.773], [90.891, 26.774], [90.896, 26.774], [90.9, 26.774], [90.904, 26.775], [90.908, 26.775], [90.913, 26.776], [90.917, 26.776], [90.921, 26.777], [90.926, 26.777], [90.93, 26.778], [90.935, 26.778], [90.937, 26.778], [90.939, 26.779], [90.941, 26.779], [90.943, 26.779], [90.945, 26.779], [90.948, 26.78], [90.95, 26.78], [90.952, 26.781], [90.954, 26.781], [90.957, 26.781], [90.959, 26.782], [90.961, 26.782], [90.964, 26.783], [90.966, 26.783], [90.969, 26.784], [90.971, 26.784], [90.973, 26.785], [90.976, 26.785], [90.978, 26.786], [90.98, 26.786], [90.982, 26.786], [90.985, 26.787], [90.987, 26.788], [90.99, 26.788], [90.994, 26.789], [90.999, 26.79], [91.003, 26.791], [91.015, 26.794], [91.021, 26.795], [91.024, 26.796], [91.026, 26.797], [91.029, 26.797], [91.032, 26.798], [91.035, 26.799], [91.037, 26.799], [91.04, 26.8], [91.042, 26.8], [91.045, 26.801], [91.047, 26.801], [91.05, 26.802], [91.052, 26.802], [91.055, 26.803], [91.057, 26.803], [91.059, 26.804], [91.062, 26.804], [91.064, 26.804], [91.066, 26.805], [91.068, 26.805], [91.07, 26.805], [91.073, 26.806], [91.075, 26.806], [91.077, 26.806], [91.079, 26.807], [91.081, 26.807], [91.083, 26.807], [91.085, 26.807], [91.087, 26.808], [91.089, 26.808], [91.092, 26.808], [91.094, 26.808], [91.096, 26.808], [91.098, 26.809], [91.1, 26.809], [91.103, 26.809], [91.105, 26.809], [91.107, 26.809], [91.109, 26.809], [91.111, 26.81], [91.113, 26.81], [91.116, 26.81], [91.118, 26.81], [91.12, 26.81], [91.122, 26.81], [91.124, 26.81], [91.127, 26.811], [91.129, 26.811], [91.131, 26.811], [91.133, 26.811], [91.135, 26.811], [91.138, 26.811], [91.14, 26.811], [91.142, 26.811], [91.144, 26.811], [91.147, 26.811], [91.149, 26.812], [91.151, 26.812], [91.153, 26.812], [91.155, 26.812], [91.158, 26.812], [91.222, 26.819], [91.269, 26.801], [91.321, 26.779], [91.345, 26.781], [91.377, 26.801], [91.413, 26.814], [91.491, 26.8], [91.563, 26.801], [91.624, 26.816], [91.701, 26.816], [91.774, 26.832], [91.855, 26.863], [91.916, 26.868], [91.992, 26.856], [92.1, 26.863], [92.212, 26.898], [92.267, 26.911], [92.365, 26.934], [92.443, 26.936], [92.52, 26.965], [92.614, 26.97], [92.689, 26.952], [92.744, 26.929], [92.808, 26.925], [92.858, 26.937], [92.909, 26.945], [92.96, 26.934], [93.009, 26.914], [93.076, 26.903], [93.16, 26.925], [93.274, 26.946], [93.327, 26.96], [93.392, 26.951], [93.453, 26.946], [93.511, 26.969], [93.569, 26.962], [93.624, 26.978], [93.686, 27.002], [93.745, 27.04], [93.809, 27.064], [93.837, 27.095], [93.86, 27.168], [93.914, 27.218], [93.96, 27.262], [94.023, 27.332], [94.087, 27.372], [94.151, 27.407], [94.21, 27.471], [94.238, 27.52], [94.291, 27.544], [94.478, 27.567], [94.628, 27.631], [94.844, 27.711], [95.076, 27.81], [95.232, 27.901], [95.226, 27.98], [95.238, 28.013], [95.303, 28.03], [95.432, 28.148], [95.536, 28.219], [95.614, 28.27], [95.65, 28.313], [95.727, 28.251], [95.799, 28.175], [95.843, 28.113], [95.949, 28.053], [96.071, 28.038], [96.191, 27.997], [96.235, 27.932], [96.328, 27.83], [96.349, 27.758]]}}, {"type": "Feature", "properties": {"average_dip": "(90.0,,)", "average_rake": "(-90.0,,)", "catalog_id": "EOS_AF0156", "catalog_name": "EOS_SE_Asia", "lower_seis_depth": "(15.0,,)", "slip_type": "Normal", "upper_seis_depth": "(1.0,,)"}, "geometry": {"type": "LineString", "coordinates": [[97.36, 20.521], [97.361, 20.523], [97.362, 20.527], [97.365, 20.531], [97.367, 20.536], [97.368, 20.539], [97.369, 20.542], [97.371, 20.545], [97.372, 20.55], [97.375, 20.555], [97.376, 20.561], [97.378, 20.567], [97.379, 20.572], [97.381, 20.578], [97.382, 20.584], [97.383, 20.588], [97.383, 20.593], [97.383, 20.6], [97.385, 20.606], [97.386, 20.612], [97.384, 20.618], [97.382, 20.625], [97.381, 20.633], [97.378, 20.647], [97.383, 20.678], [97.388, 20.704], [97.387, 20.725], [97.385, 20.752], [97.383, 20.772]]}}, {"type": "Feature", "properties": {"average_dip": "(90.0,,)", "average_rake": "(-90.0,,)", "catalog_id": "EOS_AF0157", "catalog_name": "EOS_SE_Asia", "lower_seis_depth": "(15.0,,)", "slip_type": "Normal", "upper_seis_depth": "(1.0,,)"}, "geometry": {"type": "LineString", "coordinates": [[97.45, 20.462], [97.448, 20.452], [97.449, 20.443], [97.445, 20.427], [97.446, 20.403], [97.445, 20.384], [97.443, 20.371], [97.441, 20.35], [97.44, 20.322], [97.438, 20.306], [97.437, 20.282], [97.43, 20.256], [97.42, 20.235], [97.419, 20.214], [97.42, 20.189]]}}, {"type": "Feature", "properties": {"average_dip": "(90.0,,)", "average_rake": "(-90.0,,)", "catalog_id": "EOS_AF0158", "catalog_name": "EOS_SE_Asia", "lower_seis_depth": "(15.0,,)", "slip_type": "Normal", "upper_seis_depth": "(1.0,,)"}, "geometry": {"type": "LineString", "coordinates": [[97.597, 20.863], [97.59, 20.852], [97.58, 20.84], [97.575, 20.827], [97.571, 20.817], [97.567, 20.803], [97.567, 20.798], [97.56, 20.786], [97.564, 20.783], [97.56, 20.77], [97.56, 20.757], [97.558, 20.742], [97.557, 20.737], [97.55, 20.734], [97.546, 20.722], [97.542, 20.707], [97.539, 20.694], [97.536, 20.668], [97.537, 20.642], [97.54, 20.62], [97.541, 20.606]]}}, {"type": "Feature", "properties": {"average_dip": "(90.0,,)", "average_rake": "(-90.0,,)", "catalog_id": "EOS_AF0159", "catalog_name": "EOS_SE_Asia", "lower_seis_depth": "(15.0,,)", "slip_type": "Normal", "upper_seis_depth": "(1.0,,)"}, "geometry": {"type": "LineString", "coordinates": [[97.537, 20.593], [97.538, 20.582], [97.532, 20.57], [97.526, 20.554], [97.521, 20.542], [97.514, 20.535], [97.51, 20.52], [97.506, 20.508], [97.499, 20.495], [97.488, 20.487], [97.479, 20.483], [97.477, 20.471], [97.473, 20.459], [97.471, 20.448], [97.468, 20.437]]}}, {"type": "Feature", "properties": {"average_dip": "(90.0,,)", "average_rake": "(180.0,,)", "catalog_id": "EOS_AF0160", "catalog_name": "EOS_SE_Asia", "lower_seis_depth": "(15.0,,)", "slip_type": "Dextral", "upper_seis_depth": "(1.0,,)"}, "geometry": {"type": "LineString", "coordinates": [[96.781, 20.967], [96.783, 20.975], [96.791, 20.982], [96.798, 20.993], [96.803, 21.004], [96.809, 21.009], [96.812, 21.018], [96.816, 21.031], [96.82, 21.037], [96.824, 21.048], [96.827, 21.059], [96.828, 21.069], [96.83, 21.074], [96.83, 21.079], [96.832, 21.089], [96.834, 21.101], [96.841, 21.11], [96.853, 21.134], [96.858, 21.161], [96.865, 21.218]]}}, {"type": "Feature", "properties": {"average_dip": "(90.0,,)", "average_rake": "(180.0,,)", "catalog_id": "EOS_AF0161", "catalog_name": "EOS_SE_Asia", "lower_seis_depth": "(15.0,,)", "slip_type": "Dextral", "upper_seis_depth": "(1.0,,)"}, "geometry": {"type": "LineString", "coordinates": [[98.077, 17.011], [98.077, 16.998], [98.077, 16.988], [98.076, 16.976], [98.077, 16.965], [98.082, 16.951], [98.086, 16.94], [98.092, 16.928], [98.099, 16.916], [98.105, 16.906], [98.112, 16.894], [98.122, 16.886], [98.131, 16.875], [98.139, 16.865], [98.209, 16.752], [98.224, 16.709], [98.237, 16.674], [98.277, 16.608], [98.286, 16.56], [98.31, 16.496], [98.323, 16.344], [98.346, 16.289], [98.366, 16.208], [98.401, 16.11], [98.431, 16.008], [98.469, 15.947], [98.496, 15.892], [98.547, 15.825], [98.555, 15.79]]}}, {"type": "Feature", "properties": {"average_dip": "(90.0,,)", "average_rake": "(180.0,,)", "catalog_id": "EOS_AF0162", "catalog_name": "EOS_SE_Asia", "lower_seis_depth": "(15.0,,)", "slip_type": "Dextral", "upper_seis_depth": "(1.0,,)"}, "geometry": {"type": "LineString", "coordinates": [[99.145, 19.257], [99.149, 19.232], [99.154, 19.205], [99.157, 19.189], [99.159, 19.173], [99.159, 19.155], [99.158, 19.139], [99.159, 19.121], [99.164, 19.099], [99.165, 19.087], [99.169, 19.069], [99.172, 19.057], [99.178, 19.049], [99.191, 19.002], [99.237, 18.939], [99.28, 18.846], [99.298, 18.776], [99.3, 18.696], [99.286, 18.63], [99.27, 18.584], [99.245, 18.542], [99.215, 18.504], [99.171, 18.468], [99.117, 18.44], [99.061, 18.418], [99.01, 18.404]]}}, {"type": "Feature", "properties": {"average_dip": "(90.0,,)", "average_rake": "(-90.0,,)", "catalog_id": "EOS_AF0163", "catalog_name": "EOS_SE_Asia", "lower_seis_depth": "(15.0,,)", "slip_type": "Normal", "upper_seis_depth": "(1.0,,)"}, "geometry": {"type": "LineString", "coordinates": [[99.497, 19.413], [99.498, 19.388], [99.497, 19.363], [99.496, 19.337], [99.496, 19.315], [99.495, 19.293], [99.495, 19.265], [99.496, 19.246], [99.499, 19.222], [99.504, 19.198], [99.505, 19.181], [99.505, 19.165], [99.504, 19.156]]}}, {"type": "Feature", "properties": {"average_dip": "(90.0,,)", "average_rake": "(-90.0,,)", "catalog_id": "EOS_AF0164", "catalog_name": "EOS_SE_Asia", "lower_seis_depth": "(15.0,,)", "slip_type": "Normal", "upper_seis_depth": "(1.0,,)"}, "geometry": {"type": "LineString", "coordinates": [[99.759, 19.08], [99.755, 19.085], [99.745, 19.095], [99.733, 19.11], [99.722, 19.129], [99.715, 19.143], [99.708, 19.16], [99.703, 19.175], [99.698, 19.187], [99.691, 19.202], [99.685, 19.22], [99.674, 19.243], [99.668, 19.254], [99.663, 19.269], [99.662, 19.283], [99.661, 19.301], [99.663, 19.321], [99.663, 19.345], [99.663, 19.367], [99.662, 19.39], [99.664, 19.411], [99.665, 19.424], [99.668, 19.44], [99.671, 19.456], [99.675, 19.481], [99.68, 19.499]]}}, {"type": "Feature", "properties": {"average_dip": "(70.0,,)", "average_rake": "(0.0,,)", "catalog_id": "EOS_AF0165", "catalog_name": "EOS_SE_Asia", "lower_seis_depth": "(15.0,,)", "slip_type": "Sinistral", "upper_seis_depth": "(1.0,,)"}, "geometry": {"type": "LineString", "coordinates": [[100.229, 19.762], [100.229, 19.774], [100.233, 19.788], [100.245, 19.806], [100.252, 19.82], [100.261, 19.836], [100.272, 19.854], [100.284, 19.867], [100.294, 19.882], [100.302, 19.901], [100.306, 19.922], [100.313, 19.939], [100.318, 19.957], [100.322, 19.973], [100.333, 19.995], [100.342, 20.006], [100.362, 20.021], [100.381, 20.036], [100.388, 20.055], [100.399, 20.075], [100.402, 20.09], [100.408, 20.103], [100.416, 20.114], [100.424, 20.124], [100.43, 20.135], [100.432, 20.15], [100.435, 20.164], [100.444, 20.182], [100.455, 20.2], [100.471, 20.209], [100.483, 20.219], [100.495, 20.23], [100.498, 20.235], [100.507, 20.239], [100.519, 20.25]]}}, {"type": "Feature", "properties": {"average_dip": "(90.0,,)", "average_rake": "(-90.0,,)", "catalog_id": "EOS_AF0166", "catalog_name": "EOS_SE_Asia", "lower_seis_depth": "(15.0,,)", "slip_type": "Normal", "upper_seis_depth": "(1.0,,)"}, "geometry": {"type": "LineString", "coordinates": [[98.955, 19.644], [98.955, 19.616], [98.952, 19.577], [98.948, 19.545], [98.946, 19.519], [98.948, 19.489], [98.947, 19.472], [98.941, 19.448], [98.939, 19.434], [98.937, 19.424], [98.934, 19.413], [98.93, 19.386], [98.928, 19.335], [98.935, 19.31], [98.949, 19.279]]}}, {"type": "Feature", "properties": {"average_dip": "(90.0,,)", "average_rake": "(90.0,,)", "catalog_id": "EOS_AF0167", "catalog_name": "EOS_SE_Asia", "lower_seis_depth": "(15.0,,)", "slip_type": "Reverse", "upper_seis_depth": "(1.0,,)"}, "geometry": {"type": "LineString", "coordinates": [[95.983, 27.631], [95.989, 27.621], [95.997, 27.612], [96.003, 27.605], [96.009, 27.602], [96.015, 27.602], [96.023, 27.602], [96.03, 27.599], [96.035, 27.594], [96.039, 27.589], [96.046, 27.588], [96.052, 27.587], [96.056, 27.585], [96.065, 27.582], [96.085, 27.573], [96.157, 27.528], [96.212, 27.506], [96.298, 27.478]]}}, {"type": "Feature", "properties": {"average_dip": "(45.0,,)", "average_rake": "(90.0,,)", "catalog_id": "EOS_AF0168", "catalog_name": "EOS_SE_Asia", "lower_seis_depth": "(15.0,,)", "slip_type": "Reverse", "upper_seis_depth": "(1.0,,)"}, "geometry": {"type": "LineString", "coordinates": [[95.016, 18.303], [95.035, 18.205], [95.055, 18.128], [95.062, 18.008], [95.051, 17.887], [95.032, 17.836], [95.018, 17.796], [95.001, 17.753], [94.998, 17.714], [95.0, 17.708], [95.001, 17.697], [95.001, 17.688], [95.0, 17.681], [94.999, 17.674], [94.995, 17.667], [94.994, 17.659], [94.991, 17.649], [94.986, 17.64], [94.979, 17.631], [94.974, 17.619], [94.97, 17.609], [94.962, 17.596], [94.955, 17.586], [94.95, 17.576], [94.949, 17.566], [94.893, 17.408]]}}, {"type": "Feature", "properties": {"average_dip": "(90.0,,)", "average_rake": "(180.0,,)", "catalog_id": "EOS_AF0169", "catalog_name": "EOS_SE_Asia", "lower_seis_depth": "(15.0,,)", "slip_type": "Dextral", "upper_seis_depth": "(1.0,,)"}, "geometry": {"type": "LineString", "coordinates": [[94.719, 17.122], [94.72, 17.139], [94.723, 17.158], [94.724, 17.171], [94.724, 17.186], [94.725, 17.198], [94.722, 17.213], [94.717, 17.223], [94.715, 17.245], [94.712, 17.288], [94.711, 17.304], [94.711, 17.321], [94.708, 17.34], [94.708, 17.355], [94.709, 17.366], [94.708, 17.377], [94.706, 17.39], [94.706, 17.4], [94.679, 17.487]]}}, {"type": "Feature", "properties": {"average_dip": "(90.0,,)", "average_rake": "(180.0,,)", "catalog_id": "EOS_AF0170", "catalog_name": "EOS_SE_Asia", "lower_seis_depth": "(15.0,,)", "slip_type": "Dextral", "upper_seis_depth": "(1.0,,)"}, "geometry": {"type": "LineString", "coordinates": [[94.665, 17.457], [94.662, 17.446], [94.661, 17.438], [94.658, 17.43], [94.654, 17.417], [94.649, 17.405], [94.647, 17.395], [94.643, 17.385], [94.642, 17.376], [94.641, 17.37], [94.64, 17.361], [94.638, 17.35], [94.638, 17.341], [94.636, 17.332], [94.634, 17.321], [94.631, 17.312], [94.629, 17.306], [94.628, 17.303], [94.627, 17.261], [94.617, 17.211], [94.611, 17.184]]}}, {"type": "Feature", "properties": {"average_dip": "(90.0,,)", "average_rake": "(180.0,,)", "catalog_id": "EOS_AF0171", "catalog_name": "EOS_SE_Asia", "lower_seis_depth": "(15.0,,)", "slip_type": "Dextral", "upper_seis_depth": "(1.0,,)"}, "geometry": {"type": "LineString", "coordinates": [[94.6, 16.991], [94.6, 17.007], [94.6, 17.019], [94.6, 17.033], [94.598, 17.047], [94.594, 17.057], [94.592, 17.067], [94.592, 17.076], [94.591, 17.102], [94.591, 17.116], [94.594, 17.128], [94.597, 17.138], [94.602, 17.149], [94.606, 17.159], [94.608, 17.175], [94.607, 17.188], [94.604, 17.207], [94.601, 17.221], [94.596, 17.233], [94.593, 17.249], [94.591, 17.259]]}}, {"type": "Feature", "properties": {"average_dip": "(90.0,,)", "average_rake": "(180.0,,)", "catalog_id": "EOS_AF0172", "catalog_name": "EOS_SE_Asia", "lower_seis_depth": "(15.0,,)", "slip_type": "Dextral", "upper_seis_depth": "(1.0,,)"}, "geometry": {"type": "LineString", "coordinates": [[94.19, 19.279], [94.195, 19.263], [94.209, 19.238], [94.226, 19.21], [94.237, 19.184], [94.25, 19.165], [94.258, 19.142], [94.268, 19.12], [94.281, 19.097], [94.299, 19.075], [94.312, 19.016], [94.35, 18.913], [94.39, 18.852], [94.434, 18.775], [94.501, 18.691]]}}, {"type": "Feature", "properties": {"average_dip": "(90.0,,)", "average_rake": "(180.0,,)", "catalog_id": "EOS_AF0173", "catalog_name": "EOS_SE_Asia", "lower_seis_depth": "(15.0,,)", "slip_type": "Dextral", "upper_seis_depth": "(1.0,,)"}, "geometry": {"type": "LineString", "coordinates": [[99.151, 24.973], [99.149, 24.979], [99.143, 24.989], [99.138, 25.004], [99.132, 25.018], [99.133, 25.034], [99.132, 25.049], [99.134, 25.066], [99.138, 25.083], [99.14, 25.097], [99.148, 25.125], [99.155, 25.141], [99.165, 25.148], [99.19, 25.173], [99.198, 25.188], [99.197, 25.219], [99.204, 25.227], [99.209, 25.238], [99.211, 25.25], [99.212, 25.273], [99.206, 25.297], [99.196, 25.318], [99.189, 25.339], [99.185, 25.363], [99.191, 25.398], [99.184, 25.431], [99.184, 25.45], [99.18, 25.474], [99.167, 25.498], [99.151, 25.525]]}}, {"type": "Feature", "properties": {"average_dip": "(90.0,,)", "average_rake": "(180.0,,)", "catalog_id": "EOS_AF0174", "catalog_name": "EOS_SE_Asia", "lower_seis_depth": "(15.0,,)", "slip_type": "Dextral", "upper_seis_depth": "(1.0,,)"}, "geometry": {"type": "LineString", "coordinates": [[94.446, 16.361], [94.451, 16.376], [94.454, 16.389], [94.457, 16.403], [94.46, 16.42], [94.464, 16.436], [94.467, 16.453], [94.467, 16.468], [94.467, 16.48], [94.47, 16.501], [94.472, 16.514], [94.475, 16.526], [94.477, 16.536], [94.48, 16.549], [94.485, 16.563], [94.49, 16.574], [94.506, 16.603], [94.514, 16.619], [94.52, 16.633], [94.528, 16.648], [94.536, 16.681], [94.538, 16.697], [94.542, 16.73], [94.546, 16.747], [94.551, 16.764], [94.554, 16.781], [94.558, 16.804], [94.558, 16.818], [94.561, 16.829], [94.562, 16.833]]}}, {"type": "Feature", "properties": {"average_dip": "(16.0,,)", "average_rake": "(90.0,,)", "catalog_id": "EOS_AF0176", "catalog_name": "EOS_SE_Asia", "lower_seis_depth": "(30.0,,)", "slip_type": "Subduction_Thrust", "upper_seis_depth": "(1.0,,)"}, "geometry": {"type": "LineString", "coordinates": [[93.912, 17.581], [93.839, 17.674], [93.751, 17.792], [93.582, 17.719], [93.489, 17.839], [93.382, 17.983], [93.347, 18.163], [93.294, 18.338], [93.334, 18.45], [93.27, 18.637], [93.232, 18.678], [93.183, 18.715], [93.153, 18.739], [93.056, 18.849], [92.973, 18.952], [92.89, 19.018], [92.786, 19.122], [92.684, 19.248], [92.619, 19.308], [92.559, 19.378], [92.503, 19.471], [92.42, 19.537], [92.328, 19.622], [92.233, 19.72], [92.12, 19.849], [91.989, 19.982], [91.879, 20.097], [91.775, 20.189], [91.609, 20.388]]}}, {"type": "Feature", "properties": {"average_dip": "(90.0,,)", "average_rake": "(180.0,,)", "catalog_id": "EOS_AF0177", "catalog_name": "EOS_SE_Asia", "lower_seis_depth": "(15.0,,)", "slip_type": "Dextral", "upper_seis_depth": "(1.0,,)"}, "geometry": {"type": "LineString", "coordinates": [[94.578, 18.725], [94.568, 18.738], [94.564, 18.752], [94.557, 18.767], [94.55, 18.78], [94.547, 18.796], [94.543, 18.809], [94.541, 18.817], [94.537, 18.828], [94.535, 18.839], [94.53, 18.853], [94.524, 18.866], [94.519, 18.888], [94.51, 18.917], [94.504, 18.937], [94.496, 18.956], [94.487, 18.978], [94.482, 18.999], [94.472, 19.017], [94.463, 19.033], [94.454, 19.048], [94.446, 19.064], [94.442, 19.079], [94.431, 19.096], [94.426, 19.108], [94.422, 19.118]]}}, {"type": "Feature", "properties": {"average_dip": "(90.0,,)", "average_rake": "(0.0,,)", "catalog_id": "EOS_AF0178", "catalog_name": "EOS_SE_Asia", "lower_seis_depth": "(15.0,,)", "slip_type": "Sinistral", "upper_seis_depth": "(1.0,,)"}, "geometry": {"type": "LineString", "coordinates": [[99.492, 19.462], [99.499, 19.488], [99.514, 19.526], [99.526, 19.554], [99.536, 19.579], [99.547, 19.609], [99.551, 19.628], [99.554, 19.647], [99.558, 19.666], [99.568, 19.681], [99.594, 19.71], [99.607, 19.72], [99.634, 19.738], [99.651, 19.75]]}}, {"type": "Feature", "properties": {"average_dip": "(80.0,,)", "average_rake": "(-90.0,,)", "catalog_id": "EOS_AF0179", "catalog_name": "EOS_SE_Asia", "lower_seis_depth": "(15.0,,)", "slip_type": "Normal", "upper_seis_depth": "(1.0,,)"}, "geometry": {"type": "LineString", "coordinates": [[99.523, 19.367], [99.524, 19.335], [99.528, 19.295], [99.532, 19.237], [99.535, 19.192], [99.534, 19.175]]}}, {"type": "Feature", "properties": {"average_dip": "(90.0,,)", "average_rake": "(180.0,,)", "catalog_id": "EOS_AF0180", "catalog_name": "EOS_SE_Asia", "lower_seis_depth": "(15.0,,)", "slip_type": "Dextral", "upper_seis_depth": "(1.0,,)"}, "geometry": {"type": "LineString", "coordinates": [[99.512, 19.149], [99.513, 19.132], [99.514, 19.104], [99.516, 19.07], [99.515, 19.028], [99.515, 19.007], [99.516, 18.98], [99.514, 18.954], [99.509, 18.928], [99.502, 18.903], [99.491, 18.878], [99.481, 18.86], [99.473, 18.846], [99.462, 18.834], [99.449, 18.821], [99.447, 18.819]]}}, {"type": "Feature", "properties": {"average_dip": "(90.0,,)", "average_rake": "(180.0,,)", "catalog_id": "EOS_AF0181", "catalog_name": "EOS_SE_Asia", "lower_seis_depth": "(15.0,,)", "slip_type": "Dextral", "upper_seis_depth": "(1.0,,)"}, "geometry": {"type": "LineString", "coordinates": [[99.454, 18.442], [99.47, 18.481], [99.493, 18.544], [99.51, 18.587], [99.519, 18.643], [99.531, 18.694], [99.541, 18.75], [99.54, 18.764], [99.541, 18.787], [99.538, 18.806], [99.535, 18.839], [99.531, 18.865]]}}, {"type": "Feature", "properties": {"average_dip": "(90.0,,)", "average_rake": "(0.0,,)", "catalog_id": "EOS_AF0182", "catalog_name": "EOS_SE_Asia", "lower_seis_depth": "(15.0,,)", "slip_type": "Sinistral", "upper_seis_depth": "(1.0,,)"}, "geometry": {"type": "LineString", "coordinates": [[99.229, 18.963], [99.26, 18.979], [99.286, 19.002], [99.32, 19.031], [99.354, 19.052], [99.386, 19.077], [99.408, 19.089], [99.438, 19.097], [99.458, 19.108], [99.472, 19.119], [99.483, 19.127]]}}, {"type": "Feature", "properties": {"average_dip": "(60.0,,)", "average_rake": "(-90.0,,)", "catalog_id": "EOS_AF0183", "catalog_name": "EOS_SE_Asia", "lower_seis_depth": "(15.0,,)", "slip_type": "Normal", "upper_seis_depth": "(1.0,,)"}, "geometry": {"type": "LineString", "coordinates": [[98.689, 18.496], [98.699, 18.512], [98.704, 18.536], [98.708, 18.557], [98.715, 18.573], [98.728, 18.581], [98.744, 18.587], [98.747, 18.595], [98.753, 18.606], [98.76, 18.627], [98.76, 18.641], [98.763, 18.66], [98.766, 18.673], [98.774, 18.686], [98.784, 18.695], [98.797, 18.706]]}}, {"type": "Feature", "properties": {"average_dip": "(90.0,,)", "average_rake": "(180.0,,)", "catalog_id": "EOS_AF0184", "catalog_name": "EOS_SE_Asia", "lower_seis_depth": "(15.0,,)", "slip_type": "Dextral", "upper_seis_depth": "(1.0,,)"}, "geometry": {"type": "LineString", "coordinates": [[98.008, 19.425], [98.001, 19.399], [97.998, 19.378], [97.999, 19.355], [97.998, 19.33], [97.999, 19.301], [97.996, 19.267], [97.995, 19.226], [97.996, 19.204], [97.995, 19.164], [97.994, 19.11], [97.995, 19.076], [97.996, 19.056], [97.992, 19.037], [97.987, 19.016], [97.987, 18.999], [97.985, 18.979], [97.976, 18.962], [97.957, 18.91]]}}, {"type": "Feature", "properties": {"average_dip": "(90.0,,)", "average_rake": "(180.0,,)", "catalog_id": "EOS_AF0185", "catalog_name": "EOS_SE_Asia", "lower_seis_depth": "(15.0,,)", "slip_type": "Dextral", "upper_seis_depth": "(1.0,,)"}, "geometry": {"type": "LineString", "coordinates": [[97.996, 19.434], [98.003, 19.492], [98.003, 19.529], [98.003, 19.566], [98.001, 19.595], [97.998, 19.626], [97.993, 19.656], [97.985, 19.721], [97.982, 19.746], [97.98, 19.765]]}}, {"type": "Feature", "properties": {"average_dip": "(60.0,,)", "average_rake": "(-90.0,,)", "catalog_id": "EOS_AF0186", "catalog_name": "EOS_SE_Asia", "lower_seis_depth": "(15.0,,)", "slip_type": "Normal", "upper_seis_depth": "(1.0,,)"}, "geometry": {"type": "LineString", "coordinates": [[97.934, 18.292], [97.939, 18.266], [97.942, 18.229], [97.941, 18.195], [97.942, 18.175], [97.942, 18.151], [97.939, 18.117], [97.936, 18.085], [97.935, 18.057], [97.93, 18.029]]}}, {"type": "Feature", "properties": {"average_dip": "(75.0,,)", "average_rake": "(-90.0,,)", "catalog_id": "EOS_AF0187", "catalog_name": "EOS_SE_Asia", "lower_seis_depth": "(15.0,,)", "slip_type": "Normal", "upper_seis_depth": "(1.0,,)"}, "geometry": {"type": "LineString", "coordinates": [[97.434, 19.387], [97.444, 19.404], [97.45, 19.42], [97.451, 19.441], [97.449, 19.475], [97.447, 19.494], [97.445, 19.509], [97.441, 19.53], [97.437, 19.547], [97.437, 19.566], [97.44, 19.584], [97.446, 19.639], [97.451, 19.667], [97.46, 19.687], [97.462, 19.704], [97.462, 19.722], [97.463, 19.753], [97.46, 19.787], [97.458, 19.814], [97.458, 19.83], [97.459, 19.84], [97.459, 19.856], [97.456, 19.876], [97.45, 19.893], [97.444, 19.908], [97.44, 19.919], [97.441, 19.934], [97.439, 19.947], [97.442, 19.96], [97.442, 19.977], [97.444, 19.99], [97.447, 19.996]]}}, {"type": "Feature", "properties": {"average_dip": "(90.0,,)", "average_rake": "(180.0,,)", "catalog_id": "EOS_AF0188", "catalog_name": "EOS_SE_Asia", "lower_seis_depth": "(15.0,,)", "slip_type": "Dextral", "upper_seis_depth": "(1.0,,)"}, "geometry": {"type": "LineString", "coordinates": [[96.27, 20.083], [96.32, 20.058], [96.349, 20.033], [96.39, 19.977], [96.426, 19.93], [96.478, 19.892], [96.514, 19.868]]}}, {"type": "Feature", "properties": {"average_dip": "(75.0,,)", "average_rake": "(-90.0,,)", "catalog_id": "EOS_AF0189", "catalog_name": "EOS_SE_Asia", "lower_seis_depth": "(15.0,,)", "slip_type": "Normal", "upper_seis_depth": "(1.0,,)"}, "geometry": {"type": "LineString", "coordinates": [[98.563, 17.054], [98.602, 17.017], [98.627, 16.969], [98.637, 16.912], [98.638, 16.856], [98.647, 16.82]]}}, {"type": "Feature", "properties": {"average_dip": "(90.0,,)", "average_rake": "(180.0,,)", "catalog_id": "EOS_AF0190", "catalog_name": "EOS_SE_Asia", "lower_seis_depth": "(15.0,,)", "slip_type": "Dextral", "upper_seis_depth": "(1.0,,)"}, "geometry": {"type": "LineString", "coordinates": [[98.23, 17.306], [98.248, 17.299], [98.274, 17.285], [98.299, 17.269], [98.327, 17.248], [98.342, 17.235], [98.363, 17.219], [98.378, 17.204], [98.395, 17.186], [98.412, 17.168], [98.435, 17.153], [98.46, 17.141], [98.488, 17.128], [98.516, 17.112], [98.54, 17.097], [98.573, 17.084], [98.591, 17.078], [98.596, 17.074]]}}, {"type": "Feature", "properties": {"average_dip": "(90.0,,)", "average_rake": "(0.0,,)", "catalog_id": "EOS_AF0191", "catalog_name": "EOS_SE_Asia", "lower_seis_depth": "(15.0,,)", "slip_type": "Sinistral", "upper_seis_depth": "(1.0,,)"}, "geometry": {"type": "LineString", "coordinates": [[100.736, 20.834], [100.726, 20.825], [100.718, 20.822], [100.709, 20.816], [100.703, 20.812], [100.691, 20.805], [100.682, 20.795], [100.674, 20.787], [100.666, 20.779], [100.656, 20.77], [100.646, 20.762], [100.635, 20.754], [100.624, 20.745], [100.616, 20.737], [100.607, 20.727], [100.601, 20.718], [100.595, 20.708], [100.585, 20.697], [100.578, 20.686], [100.568, 20.677], [100.559, 20.665], [100.549, 20.66], [100.538, 20.659], [100.526, 20.658], [100.517, 20.657], [100.506, 20.656], [100.493, 20.656], [100.478, 20.654], [100.461, 20.649], [100.45, 20.645], [100.442, 20.64], [100.43, 20.636], [100.415, 20.631], [100.402, 20.626], [100.386, 20.62], [100.371, 20.615], [100.348, 20.606], [100.331, 20.597], [100.317, 20.589], [100.299, 20.578], [100.283, 20.566], [100.265, 20.553], [100.249, 20.542], [100.24, 20.527], [100.232, 20.512], [100.227, 20.492], [100.223, 20.475], [100.219, 20.462], [100.215, 20.45], [100.213, 20.439]]}}, {"type": "Feature", "properties": {"average_dip": "(90.0,,)", "average_rake": "(0.0,,)", "catalog_id": "EOS_AF0192", "catalog_name": "EOS_SE_Asia", "lower_seis_depth": "(15.0,,)", "slip_type": "Sinistral", "upper_seis_depth": "(1.0,,)"}, "geometry": {"type": "LineString", "coordinates": [[101.036, 21.038], [101.027, 21.029], [101.015, 21.022], [101.006, 21.015], [100.998, 21.006], [100.987, 20.993], [100.977, 20.984], [100.963, 20.973], [100.953, 20.965], [100.937, 20.952], [100.922, 20.943], [100.904, 20.932], [100.883, 20.921], [100.867, 20.911], [100.853, 20.905], [100.843, 20.898], [100.834, 20.889]]}}, {"type": "Feature", "properties": {"average_dip": "(90.0,,)", "average_rake": "(0.0,,)", "catalog_id": "EOS_AF0193", "catalog_name": "EOS_SE_Asia", "lower_seis_depth": "(15.0,,)", "slip_type": "Sinistral", "upper_seis_depth": "(1.0,,)"}, "geometry": {"type": "LineString", "coordinates": [[100.987, 20.933], [101.01, 20.951], [101.034, 20.97], [101.063, 20.993], [101.091, 21.018], [101.113, 21.039], [101.131, 21.05], [101.152, 21.064], [101.179, 21.082], [101.205, 21.098], [101.227, 21.112], [101.255, 21.127], [101.284, 21.142], [101.314, 21.156], [101.342, 21.171], [101.364, 21.178], [101.387, 21.19], [101.408, 21.202], [101.427, 21.216], [101.449, 21.232], [101.465, 21.245], [101.486, 21.26], [101.511, 21.274], [101.531, 21.289], [101.557, 21.309]]}}, {"type": "Feature", "properties": {"average_dip": "(90.0,,)", "average_rake": "(0.0,,)", "catalog_id": "EOS_AF0194", "catalog_name": "EOS_SE_Asia", "lower_seis_depth": "(15.0,,)", "slip_type": "Sinistral", "upper_seis_depth": "(1.0,,)"}, "geometry": {"type": "LineString", "coordinates": [[100.49, 20.581], [100.521, 20.586], [100.559, 20.588], [100.619, 20.594], [100.659, 20.603], [100.678, 20.605]]}}, {"type": "Feature", "properties": {"average_dip": "(90.0,,)", "average_rake": "(0.0,,)", "catalog_id": "EOS_AF0195", "catalog_name": "EOS_SE_Asia", "lower_seis_depth": "(15.0,,)", "slip_type": "Sinistral", "upper_seis_depth": "(1.0,,)"}, "geometry": {"type": "LineString", "coordinates": [[100.606, 20.569], [100.646, 20.585], [100.681, 20.6], [100.711, 20.612], [100.745, 20.619], [100.788, 20.632], [100.842, 20.65]]}}, {"type": "Feature", "properties": {"average_dip": "(90.0,,)", "average_rake": "(0.0,,)", "catalog_id": "EOS_AF0196", "catalog_name": "EOS_SE_Asia", "lower_seis_depth": "(15.0,,)", "slip_type": "Sinistral", "upper_seis_depth": "(1.0,,)"}, "geometry": {"type": "LineString", "coordinates": [[99.655, 19.785], [99.682, 19.822], [99.71, 19.858], [99.747, 19.889], [99.78, 19.917], [99.812, 19.937], [99.842, 19.961]]}}, {"type": "Feature", "properties": {"average_dip": "(90.0,,)", "average_rake": "(0.0,,)", "catalog_id": "EOS_AF0197", "catalog_name": "EOS_SE_Asia", "lower_seis_depth": "(15.0,,)", "slip_type": "Sinistral", "upper_seis_depth": "(1.0,,)"}, "geometry": {"type": "LineString", "coordinates": [[99.43, 20.652], [99.496, 20.676], [99.522, 20.684], [99.548, 20.691], [99.571, 20.696], [99.593, 20.705], [99.61, 20.717], [99.631, 20.738], [99.651, 20.75], [99.669, 20.759], [99.692, 20.771], [99.714, 20.781], [99.735, 20.793], [99.764, 20.796], [99.795, 20.807], [99.813, 20.811], [99.829, 20.82], [99.849, 20.824], [99.867, 20.829]]}}, {"type": "Feature", "properties": {"average_dip": "(90.0,,)", "average_rake": "(0.0,,)", "catalog_id": "EOS_AF0198", "catalog_name": "EOS_SE_Asia", "lower_seis_depth": "(15.0,,)", "slip_type": "Sinistral", "upper_seis_depth": "(1.0,,)"}, "geometry": {"type": "LineString", "coordinates": [[99.836, 20.908], [99.839, 20.946], [99.851, 20.987], [99.862, 21.015], [99.885, 21.043], [99.9, 21.069], [99.931, 21.089], [99.961, 21.106], [99.989, 21.122], [100.006, 21.139], [100.024, 21.15], [100.053, 21.17], [100.079, 21.176]]}}, {"type": "Feature", "properties": {"average_dip": "(90.0,,)", "average_rake": "(0.0,,)", "catalog_id": "EOS_AF0199", "catalog_name": "EOS_SE_Asia", "lower_seis_depth": "(15.0,,)", "slip_type": "Sinistral", "upper_seis_depth": "(1.0,,)"}, "geometry": {"type": "LineString", "coordinates": [[101.176, 20.528], [101.119, 20.515], [101.107, 20.513], [101.094, 20.507], [101.081, 20.5], [101.061, 20.498], [101.044, 20.497], [101.035, 20.493], [101.021, 20.486], [101.007, 20.482], [100.976, 20.473], [100.96, 20.47], [100.942, 20.464], [100.929, 20.46], [100.919, 20.455], [100.904, 20.447], [100.892, 20.442], [100.884, 20.44], [100.866, 20.428], [100.856, 20.422], [100.82, 20.407], [100.76, 20.385], [100.732, 20.378], [100.713, 20.373], [100.7, 20.369], [100.691, 20.367], [100.649, 20.354], [100.624, 20.345], [100.604, 20.338], [100.59, 20.332], [100.569, 20.32], [100.539, 20.302], [100.51, 20.288], [100.489, 20.277]]}}, {"type": "Feature", "properties": {"average_dip": "(90.0,,)", "average_rake": "(0.0,,)", "catalog_id": "EOS_AF0200", "catalog_name": "EOS_SE_Asia", "lower_seis_depth": "(15.0,,)", "slip_type": "Sinistral", "upper_seis_depth": "(1.0,,)"}, "geometry": {"type": "LineString", "coordinates": [[100.495, 20.088], [100.514, 20.115], [100.533, 20.147], [100.551, 20.18], [100.573, 20.215], [100.599, 20.255], [100.627, 20.279], [100.656, 20.301], [100.665, 20.309], [100.681, 20.325], [100.711, 20.341], [100.741, 20.358], [100.783, 20.374], [100.812, 20.387], [100.842, 20.404]]}}, {"type": "Feature", "properties": {"average_dip": "(90.0,,)", "average_rake": "(0.0,,)", "catalog_id": "EOS_AF0201", "catalog_name": "EOS_SE_Asia", "lower_seis_depth": "(15.0,,)", "slip_type": "Sinistral", "upper_seis_depth": "(1.0,,)"}, "geometry": {"type": "LineString", "coordinates": [[100.304, 19.738], [100.326, 19.766], [100.372, 19.823], [100.429, 19.911], [100.465, 19.939], [100.49, 19.975], [100.512, 20.026], [100.527, 20.075], [100.536, 20.109], [100.54, 20.119]]}}, {"type": "Feature", "properties": {"average_dip": "(60.0,,)", "average_rake": "(-90.0,,)", "catalog_id": "EOS_AF0202", "catalog_name": "EOS_SE_Asia", "lower_seis_depth": "(15.0,,)", "slip_type": "Normal", "upper_seis_depth": "(1.0,,)"}, "geometry": {"type": "LineString", "coordinates": [[99.781, 19.131], [99.779, 19.136], [99.766, 19.158], [99.754, 19.176], [99.744, 19.186], [99.739, 19.201], [99.731, 19.232], [99.731, 19.246], [99.734, 19.263], [99.738, 19.284], [99.747, 19.311], [99.754, 19.332], [99.756, 19.349], [99.751, 19.373], [99.742, 19.397], [99.733, 19.429], [99.729, 19.45]]}}, {"type": "Feature", "properties": {"average_dip": "(90.0,,)", "average_rake": "(180.0,,)", "catalog_id": "EOS_AF0203", "catalog_name": "EOS_SE_Asia", "lower_seis_depth": "(15.0,,)", "slip_type": "Dextral", "upper_seis_depth": "(1.0,,)"}, "geometry": {"type": "LineString", "coordinates": [[99.807, 19.142], [99.821, 19.114], [99.847, 19.074], [99.866, 19.057], [99.884, 19.026], [99.904, 18.99], [99.923, 18.951], [99.94, 18.922], [99.956, 18.899], [99.972, 18.879], [99.991, 18.858]]}}, {"type": "Feature", "properties": {"average_dip": "(60.0,,)", "average_rake": "(-90.0,,)", "catalog_id": "EOS_AF0204", "catalog_name": "EOS_SE_Asia", "lower_seis_depth": "(15.0,,)", "slip_type": "Normal", "upper_seis_depth": "(1.0,,)"}, "geometry": {"type": "LineString", "coordinates": [[99.704, 19.12], [99.719, 19.054], [99.721, 18.998], [99.722, 18.945], [99.71, 18.889], [99.689, 18.822], [99.674, 18.754], [99.662, 18.724], [99.649, 18.698], [99.647, 18.684], [99.646, 18.658], [99.641, 18.636], [99.633, 18.612], [99.631, 18.607]]}}, {"type": "Feature", "properties": {"average_dip": "(60.0,,)", "average_rake": "(-90.0,,)", "catalog_id": "EOS_AF0205", "catalog_name": "EOS_SE_Asia", "lower_seis_depth": "(15.0,,)", "slip_type": "Normal", "upper_seis_depth": "(1.0,,)"}, "geometry": {"type": "LineString", "coordinates": [[99.562, 18.043], [99.597, 18.061], [99.625, 18.074], [99.662, 18.091], [99.702, 18.119], [99.749, 18.18], [99.818, 18.275]]}}, {"type": "Feature", "properties": {"average_dip": "(60.0,,)", "average_rake": "(-90.0,,)", "catalog_id": "EOS_AF0206", "catalog_name": "EOS_SE_Asia", "lower_seis_depth": "(15.0,,)", "slip_type": "Normal", "upper_seis_depth": "(1.0,,)"}, "geometry": {"type": "LineString", "coordinates": [[99.344, 17.781], [99.349, 17.786], [99.354, 17.795], [99.358, 17.802], [99.362, 17.81], [99.367, 17.817], [99.371, 17.825], [99.377, 17.831], [99.382, 17.836], [99.388, 17.841], [99.394, 17.847], [99.4, 17.853], [99.404, 17.859], [99.408, 17.867], [99.413, 17.874], [99.416, 17.882], [99.421, 17.889], [99.424, 17.896], [99.428, 17.903], [99.431, 17.909], [99.435, 17.916], [99.438, 17.924], [99.443, 17.929], [99.448, 17.933], [99.452, 17.937], [99.487, 17.96], [99.502, 17.97], [99.513, 17.977], [99.524, 17.99], [99.527, 18.0], [99.531, 18.014], [99.545, 18.029]]}}, {"type": "Feature", "properties": {"average_dip": "(60.0,,)", "average_rake": "(0.0,,)", "catalog_id": "EOS_AF0207", "catalog_name": "EOS_SE_Asia", "lower_seis_depth": "(15.0,,)", "slip_type": "Sinistral", "upper_seis_depth": "(1.0,,)"}, "geometry": {"type": "LineString", "coordinates": [[99.203, 17.532], [99.3, 17.657]]}}, {"type": "Feature", "properties": {"average_dip": "(90.0,,)", "average_rake": "(-90.0,,)", "catalog_id": "EOS_AF0208", "catalog_name": "EOS_SE_Asia", "lower_seis_depth": "(15.0,,)", "slip_type": "Normal", "upper_seis_depth": "(1.0,,)"}, "geometry": {"type": "LineString", "coordinates": [[99.482, 17.869], [99.51, 17.9], [99.571, 17.938], [99.651, 17.989], [99.662, 17.996], [99.67, 18.001], [99.681, 18.005], [99.69, 18.009], [99.698, 18.012], [99.708, 18.018], [99.715, 18.022], [99.724, 18.031], [99.729, 18.035], [99.735, 18.037], [99.738, 18.044], [99.746, 18.056], [99.751, 18.067], [99.754, 18.075], [99.759, 18.085], [99.766, 18.098], [99.771, 18.107], [99.777, 18.116], [99.781, 18.125], [99.788, 18.136], [99.794, 18.144], [99.803, 18.154], [99.809, 18.162]]}}, {"type": "Feature", "properties": {"average_dip": "(90.0,,)", "average_rake": "(0.0,,)", "catalog_id": "EOS_AF0209", "catalog_name": "EOS_SE_Asia", "lower_seis_depth": "(15.0,,)", "slip_type": "Sinistral", "upper_seis_depth": "(1.0,,)"}, "geometry": {"type": "LineString", "coordinates": [[99.271, 17.652], [99.335, 17.691], [99.43, 17.754], [99.471, 17.777]]}}, {"type": "Feature", "properties": {"average_dip": "(90.0,,)", "average_rake": "(0.0,,)", "catalog_id": "EOS_AF0210", "catalog_name": "EOS_SE_Asia", "lower_seis_depth": "(15.0,,)", "slip_type": "Sinistral", "upper_seis_depth": "(1.0,,)"}, "geometry": {"type": "LineString", "coordinates": [[99.471, 17.777], [99.506, 17.797], [99.556, 17.819], [99.662, 17.85], [99.761, 17.879], [99.804, 17.898], [99.981, 17.978], [100.028, 18.03], [100.065, 18.092], [100.096, 18.172], [100.12, 18.243], [100.143, 18.307]]}}, {"type": "Feature", "properties": {"average_dip": "(90.0,,)", "average_rake": "(0.0,,)", "catalog_id": "EOS_AF0211", "catalog_name": "EOS_SE_Asia", "lower_seis_depth": "(15.0,,)", "slip_type": "Sinistral", "upper_seis_depth": "(1.0,,)"}, "geometry": {"type": "LineString", "coordinates": [[99.398, 17.733], [99.444, 17.788], [99.513, 17.85], [99.534, 17.884], [99.601, 17.936]]}}, {"type": "Feature", "properties": {"average_dip": "(90.0,,)", "average_rake": "(0.0,,)", "catalog_id": "EOS_AF0212", "catalog_name": "EOS_SE_Asia", "lower_seis_depth": "(15.0,,)", "slip_type": "Sinistral", "upper_seis_depth": "(1.0,,)"}, "geometry": {"type": "LineString", "coordinates": [[99.487, 17.807], [99.534, 17.849], [99.616, 17.894], [99.688, 17.923], [99.808, 17.958]]}}, {"type": "Feature", "properties": {"average_dip": "(60.0,,)", "average_rake": "(-90.0,,)", "catalog_id": "EOS_AF0213", "catalog_name": "EOS_SE_Asia", "lower_seis_depth": "(15.0,,)", "slip_type": "Normal", "upper_seis_depth": "(1.0,,)"}, "geometry": {"type": "LineString", "coordinates": [[100.953, 18.921], [100.942, 18.978], [100.936, 19.04], [100.939, 19.079], [100.953, 19.127], [100.957, 19.137], [100.959, 19.143], [100.959, 19.148], [100.958, 19.154], [100.954, 19.161], [100.953, 19.168], [100.949, 19.174], [100.947, 19.181], [100.947, 19.188], [100.947, 19.194], [100.947, 19.199], [100.948, 19.206], [100.948, 19.215], [100.947, 19.222], [100.946, 19.229], [100.941, 19.236], [100.933, 19.243], [100.928, 19.252], [100.924, 19.262], [100.917, 19.269], [100.915, 19.274], [100.912, 19.281], [100.913, 19.29], [100.912, 19.297], [100.911, 19.306], [100.909, 19.316], [100.91, 19.335], [100.906, 19.341], [100.901, 19.351], [100.896, 19.361], [100.896, 19.371], [100.897, 19.382], [100.899, 19.395], [100.899, 19.406], [100.9, 19.419], [100.901, 19.433], [100.903, 19.476], [100.93, 19.533]]}}, {"type": "Feature", "properties": {"average_dip": "(60.0,,)", "average_rake": "(-90.0,,)", "catalog_id": "EOS_AF0214", "catalog_name": "EOS_SE_Asia", "lower_seis_depth": "(15.0,,)", "slip_type": "Normal", "upper_seis_depth": "(1.0,,)"}, "geometry": {"type": "LineString", "coordinates": [[101.155, 17.015], [101.17, 16.892], [101.165, 16.818], [101.163, 16.795], [101.16, 16.777], [101.149, 16.756], [101.145, 16.732], [101.144, 16.718], [101.141, 16.688], [101.141, 16.662], [101.141, 16.636], [101.133, 16.606], [101.125, 16.582], [101.119, 16.56], [101.114, 16.541], [101.106, 16.518], [101.102, 16.502], [101.096, 16.484], [101.094, 16.459], [101.091, 16.437], [101.089, 16.413], [101.089, 16.39], [101.082, 16.353], [101.073, 16.332]]}}, {"type": "Feature", "properties": {"average_dip": "(60.0,,)", "average_rake": "(-90.0,,)", "catalog_id": "EOS_AF0215", "catalog_name": "EOS_SE_Asia", "lower_seis_depth": "(15.0,,)", "slip_type": "Normal", "upper_seis_depth": "(1.0,,)"}, "geometry": {"type": "LineString", "coordinates": [[101.271, 16.381], [101.326, 16.496], [101.328, 16.52], [101.332, 16.547], [101.337, 16.576], [101.338, 16.594], [101.345, 16.612], [101.348, 16.629], [101.349, 16.648], [101.347, 16.67], [101.342, 16.685], [101.338, 16.699], [101.337, 16.712], [101.339, 16.727], [101.342, 16.745], [101.348, 16.768], [101.352, 16.796], [101.356, 16.896]]}}, {"type": "Feature", "properties": {"average_dip": "(90.0,,)", "average_rake": "(0.0,,)", "catalog_id": "EOS_AF0216", "catalog_name": "EOS_SE_Asia", "lower_seis_depth": "(15.0,,)", "slip_type": "Sinistral", "upper_seis_depth": "(1.0,,)"}, "geometry": {"type": "LineString", "coordinates": [[100.177, 17.344], [100.388, 17.419], [100.605, 17.537]]}}, {"type": "Feature", "properties": {"average_dip": "(90.0,,)", "average_rake": "(0.0,,)", "catalog_id": "EOS_AF0217", "catalog_name": "EOS_SE_Asia", "lower_seis_depth": "(15.0,,)", "slip_type": "Sinistral", "upper_seis_depth": "(1.0,,)"}, "geometry": {"type": "LineString", "coordinates": [[101.056, 18.124], [101.007, 18.099], [100.958, 18.071], [100.905, 18.026], [100.885, 17.991], [100.845, 17.918], [100.809, 17.852], [100.775, 17.788], [100.741, 17.743], [100.676, 17.696], [100.609, 17.659], [100.554, 17.619], [100.512, 17.585], [100.465, 17.548], [100.436, 17.516], [100.396, 17.469], [100.35, 17.436], [100.323, 17.397]]}}, {"type": "Feature", "properties": {"average_dip": "(90.0,,)", "average_rake": "(0.0,,)", "catalog_id": "EOS_AF0218", "catalog_name": "EOS_SE_Asia", "lower_seis_depth": "(15.0,,)", "slip_type": "Sinistral", "upper_seis_depth": "(1.0,,)"}, "geometry": {"type": "LineString", "coordinates": [[100.41, 17.564], [100.468, 17.605], [100.552, 17.66], [100.63, 17.722], [100.659, 17.76], [100.695, 17.816]]}}, {"type": "Feature", "properties": {"average_dip": "(60.0,,)", "average_rake": "(-90.0,,)", "catalog_id": "EOS_AF0219", "catalog_name": "EOS_SE_Asia", "lower_seis_depth": "(15.0,,)", "slip_type": "Normal", "upper_seis_depth": "(1.0,,)"}, "geometry": {"type": "LineString", "coordinates": [[100.697, 17.781], [100.739, 17.818], [100.77, 17.872], [100.807, 17.921], [100.839, 17.975], [100.866, 18.031], [100.894, 18.061]]}}, {"type": "Feature", "properties": {"average_dip": "(90.0,,)", "average_rake": "(0.0,,)", "catalog_id": "EOS_AF0220", "catalog_name": "EOS_SE_Asia", "lower_seis_depth": "(15.0,,)", "slip_type": "Sinistral", "upper_seis_depth": "(1.0,,)"}, "geometry": {"type": "LineString", "coordinates": [[100.385, 17.719], [100.467, 17.749], [100.532, 17.779], [100.572, 17.796], [100.588, 17.812], [100.603, 17.833], [100.611, 17.874]]}}, {"type": "Feature", "properties": {"average_dip": "(90.0,,)", "average_rake": "(0.0,,)", "catalog_id": "EOS_AF0221", "catalog_name": "EOS_SE_Asia", "lower_seis_depth": "(15.0,,)", "slip_type": "Sinistral", "upper_seis_depth": "(1.0,,)"}, "geometry": {"type": "LineString", "coordinates": [[101.78, 19.026], [101.78, 19.003], [101.78, 18.975], [101.773, 18.946], [101.757, 18.912], [101.749, 18.874], [101.739, 18.84], [101.728, 18.805], [101.706, 18.769], [101.685, 18.737], [101.66, 18.699], [101.626, 18.649], [101.567, 18.536], [101.502, 18.486], [101.452, 18.436], [101.393, 18.365], [101.335, 18.31], [101.274, 18.269]]}}, {"type": "Feature", "properties": {"average_dip": "(90.0,,)", "average_rake": "(0.0,,)", "catalog_id": "EOS_AF0222", "catalog_name": "EOS_SE_Asia", "lower_seis_depth": "(15.0,,)", "slip_type": "Sinistral", "upper_seis_depth": "(1.0,,)"}, "geometry": {"type": "LineString", "coordinates": [[100.952, 18.586], [100.987, 18.603], [101.025, 18.621], [101.057, 18.642], [101.106, 18.666], [101.138, 18.678], [101.173, 18.693], [101.2, 18.7], [101.221, 18.708], [101.238, 18.714], [101.251, 18.72], [101.264, 18.727], [101.348, 18.796], [101.404, 18.836], [101.452, 18.887], [101.484, 18.949]]}}, {"type": "Feature", "properties": {"average_dip": "(60.0,,)", "average_rake": "(-90.0,,)", "catalog_id": "EOS_AF0223", "catalog_name": "EOS_SE_Asia", "lower_seis_depth": "(15.0,,)", "slip_type": "Normal", "upper_seis_depth": "(1.0,,)"}, "geometry": {"type": "LineString", "coordinates": [[101.542, 19.106], [101.536, 19.072], [101.535, 19.049], [101.532, 19.037], [101.529, 19.02], [101.527, 19.003], [101.526, 18.988], [101.525, 18.969], [101.523, 18.949], [101.518, 18.927], [101.514, 18.906], [101.51, 18.871], [101.511, 18.868]]}}, {"type": "Feature", "properties": {"average_dip": "(90.0,,)", "average_rake": "(0.0,,)", "catalog_id": "EOS_AF0224", "catalog_name": "EOS_SE_Asia", "lower_seis_depth": "(15.0,,)", "slip_type": "Sinistral", "upper_seis_depth": "(1.0,,)"}, "geometry": {"type": "LineString", "coordinates": [[101.417, 18.848], [101.408, 18.807], [101.391, 18.766], [101.359, 18.717], [101.325, 18.664], [101.299, 18.626], [101.276, 18.588], [101.247, 18.544], [101.191, 18.477], [101.135, 18.423]]}}, {"type": "Feature", "properties": {"average_dip": "(90.0,,)", "average_rake": "(0.0,,)", "catalog_id": "EOS_AF0225", "catalog_name": "EOS_SE_Asia", "lower_seis_depth": "(15.0,,)", "slip_type": "Sinistral", "upper_seis_depth": "(1.0,,)"}, "geometry": {"type": "LineString", "coordinates": [[101.04, 18.223], [101.051, 18.234], [101.066, 18.244], [101.082, 18.257], [101.099, 18.281], [101.105, 18.289], [101.111, 18.293], [101.125, 18.304], [101.139, 18.327], [101.15, 18.341], [101.164, 18.354], [101.18, 18.392], [101.186, 18.431]]}}, {"type": "Feature", "properties": {"average_dip": "(90.0,,)", "average_rake": "(0.0,,)", "catalog_id": "EOS_AF0226", "catalog_name": "EOS_SE_Asia", "lower_seis_depth": "(15.0,,)", "slip_type": "Sinistral", "upper_seis_depth": "(1.0,,)"}, "geometry": {"type": "LineString", "coordinates": [[101.909, 19.975], [101.886, 19.91], [101.873, 19.871], [101.84, 19.841], [101.811, 19.812], [101.779, 19.792], [101.759, 19.779], [101.745, 19.769], [101.731, 19.755], [101.722, 19.747], [101.69, 19.72], [101.66, 19.688], [101.633, 19.634], [101.609, 19.577]]}}, {"type": "Feature", "properties": {"average_dip": "(90.0,,)", "average_rake": "(0.0,,)", "catalog_id": "EOS_AF0229", "catalog_name": "EOS_SE_Asia", "lower_seis_depth": "(15.0,,)", "slip_type": "Sinistral", "upper_seis_depth": "(1.0,,)"}, "geometry": {"type": "LineString", "coordinates": [[101.746, 19.979], [101.777, 20.016], [101.799, 20.037], [101.816, 20.053], [101.84, 20.07], [101.854, 20.092], [101.859, 20.102], [101.87, 20.112], [101.881, 20.118], [101.892, 20.133], [101.914, 20.153], [101.934, 20.175], [101.947, 20.192], [101.956, 20.199], [101.969, 20.208], [101.986, 20.218]]}}, {"type": "Feature", "properties": {"average_dip": "(90.0,,)", "average_rake": "(0.0,,)", "catalog_id": "EOS_AF0232", "catalog_name": "EOS_SE_Asia", "lower_seis_depth": "(15.0,,)", "slip_type": "Sinistral", "upper_seis_depth": "(1.0,,)"}, "geometry": {"type": "LineString", "coordinates": [[101.324, 20.66], [101.367, 20.691], [101.4, 20.711], [101.43, 20.73], [101.464, 20.755], [101.512, 20.783], [101.575, 20.823], [101.575, 20.823], [101.61, 20.86], [101.668, 20.897], [101.68, 20.918], [101.694, 20.946], [101.732, 20.978], [101.774, 21.008], [101.81, 21.042]]}}, {"type": "Feature", "properties": {"average_dip": "(90.0,,)", "average_rake": "(0.0,,)", "catalog_id": "EOS_AF0233", "catalog_name": "EOS_SE_Asia", "lower_seis_depth": "(15.0,,)", "slip_type": "Sinistral", "upper_seis_depth": "(1.0,,)"}, "geometry": {"type": "LineString", "coordinates": [[100.973, 20.169], [101.055, 20.203], [101.13, 20.236], [101.216, 20.306], [101.245, 20.317], [101.308, 20.328], [101.382, 20.345], [101.457, 20.365]]}}, {"type": "Feature", "properties": {"average_dip": "(90.0,,)", "average_rake": "(0.0,,)", "catalog_id": "EOS_AF0234", "catalog_name": "EOS_SE_Asia", "lower_seis_depth": "(15.0,,)", "slip_type": "Sinistral", "upper_seis_depth": "(1.0,,)"}, "geometry": {"type": "LineString", "coordinates": [[102.004, 20.71], [101.982, 20.698], [101.952, 20.686], [101.921, 20.68], [101.904, 20.672], [101.831, 20.62], [101.799, 20.6], [101.776, 20.585], [101.748, 20.563], [101.668, 20.515]]}}, {"type": "Feature", "properties": {"average_dip": "(90.0,,)", "average_rake": "(0.0,,)", "catalog_id": "EOS_AF0236", "catalog_name": "EOS_SE_Asia", "lower_seis_depth": "(15.0,,)", "slip_type": "Sinistral", "upper_seis_depth": "(1.0,,)"}, "geometry": {"type": "LineString", "coordinates": [[101.271, 20.263], [101.318, 20.276], [101.353, 20.286], [101.384, 20.294], [101.398, 20.296], [101.413, 20.302], [101.433, 20.314], [101.454, 20.325], [101.479, 20.346]]}}, {"type": "Feature", "properties": {"average_dip": "(90.0,,)", "average_rake": "(0.0,,)", "catalog_id": "EOS_AF0237", "catalog_name": "EOS_SE_Asia", "lower_seis_depth": "(15.0,,)", "slip_type": "Sinistral", "upper_seis_depth": "(1.0,,)"}, "geometry": {"type": "LineString", "coordinates": [[101.262, 20.179], [101.295, 20.192], [101.315, 20.2], [101.335, 20.206], [101.362, 20.21], [101.389, 20.214], [101.404, 20.214], [101.029, 20.077], [101.094, 20.115], [101.135, 20.133], [101.172, 20.142], [101.201, 20.152], [101.223, 20.161], [101.249, 20.175], [101.262, 20.179]]}}, {"type": "Feature", "properties": {"average_dip": "(90.0,,)", "average_rake": "(0.0,,)", "catalog_id": "EOS_AF0238", "catalog_name": "EOS_SE_Asia", "lower_seis_depth": "(15.0,,)", "slip_type": "Sinistral", "upper_seis_depth": "(1.0,,)"}, "geometry": {"type": "LineString", "coordinates": [[100.981, 20.266], [101.038, 20.296], [101.098, 20.326], [101.148, 20.363], [101.216, 20.418], [101.294, 20.475], [101.379, 20.544]]}}, {"type": "Feature", "properties": {"average_dip": "(90.0,,)", "average_rake": "(0.0,,)", "catalog_id": "EOS_AF0239", "catalog_name": "EOS_SE_Asia", "lower_seis_depth": "(15.0,,)", "slip_type": "Sinistral", "upper_seis_depth": "(1.0,,)"}, "geometry": {"type": "LineString", "coordinates": [[101.691, 20.812], [101.666, 20.801], [101.635, 20.785], [101.62, 20.772], [101.6, 20.754], [101.579, 20.729], [101.548, 20.692], [101.518, 20.651], [101.487, 20.615], [101.47, 20.581], [101.451, 20.538], [101.427, 20.498]]}}, {"type": "Feature", "properties": {"average_dip": "(90.0,,)", "average_rake": "(0.0,,)", "catalog_id": "EOS_AF0240", "catalog_name": "EOS_SE_Asia", "lower_seis_depth": "(15.0,,)", "slip_type": "Sinistral", "upper_seis_depth": "(1.0,,)"}, "geometry": {"type": "LineString", "coordinates": [[101.264, 20.559], [101.292, 20.589], [101.311, 20.607], [101.333, 20.631], [101.369, 20.66], [101.387, 20.679], [101.418, 20.705], [101.441, 20.718], [101.472, 20.73], [101.539, 20.758]]}}, {"type": "Feature", "properties": {"average_dip": "(90.0,,)", "average_rake": "(180.0,,)", "catalog_id": "EOS_AF0246", "catalog_name": "EOS_SE_Asia", "lower_seis_depth": "(15.0,,)", "slip_type": "Dextral", "upper_seis_depth": "(1.0,,)"}, "geometry": {"type": "LineString", "coordinates": [[98.523, 16.494], [98.542, 16.481], [98.557, 16.464], [98.566, 16.452], [98.572, 16.437], [98.576, 16.421], [98.583, 16.401], [98.588, 16.389], [98.591, 16.376], [98.594, 16.36], [98.594, 16.35], [98.594, 16.331]]}}, {"type": "Feature", "properties": {"average_dip": "(90.0,,)", "average_rake": "(180.0,,)", "catalog_id": "EOS_AF0247", "catalog_name": "EOS_SE_Asia", "lower_seis_depth": "(15.0,,)", "slip_type": "Dextral", "upper_seis_depth": "(1.0,,)"}, "geometry": {"type": "LineString", "coordinates": [[98.573, 16.362], [98.585, 16.347], [98.59, 16.335], [98.592, 16.32], [98.592, 16.307], [98.594, 16.285], [98.597, 16.267], [98.598, 16.253], [98.599, 16.236], [98.599, 16.216], [98.602, 16.196], [98.602, 16.174], [98.603, 16.153], [98.602, 16.14], [98.603, 16.12], [98.605, 16.101], [98.609, 16.083], [98.612, 16.064], [98.615, 16.046], [98.618, 16.029], [98.619, 16.01], [98.621, 15.992], [98.623, 15.974], [98.626, 15.956], [98.63, 15.938], [98.632, 15.919], [98.633, 15.904], [98.639, 15.89], [98.64, 15.877], [98.641, 15.86], [98.642, 15.843], [98.644, 15.826], [98.645, 15.812], [98.648, 15.794], [98.655, 15.77], [98.666, 15.743], [98.676, 15.72], [98.684, 15.702], [98.688, 15.686], [98.693, 15.673], [98.705, 15.646], [98.719, 15.621], [98.728, 15.602], [98.738, 15.584], [98.748, 15.569], [98.753, 15.56], [98.76, 15.546], [98.764, 15.535], [98.766, 15.526]]}}, {"type": "Feature", "properties": {"average_dip": "(90.0,,)", "average_rake": "(180.0,,)", "catalog_id": "EOS_AF0248", "catalog_name": "EOS_SE_Asia", "lower_seis_depth": "(15.0,,)", "slip_type": "Dextral", "upper_seis_depth": "(1.0,,)"}, "geometry": {"type": "LineString", "coordinates": [[98.81, 15.469], [98.826, 15.45], [98.845, 15.426], [98.873, 15.398], [98.906, 15.38], [98.929, 15.368], [98.947, 15.351], [98.971, 15.326], [98.986, 15.296], [98.993, 15.268], [98.994, 15.245], [98.994, 15.221], [98.991, 15.195], [98.993, 15.176]]}}, {"type": "Feature", "properties": {"average_dip": "(90.0,,)", "average_rake": "(180.0,,)", "catalog_id": "EOS_AF0249", "catalog_name": "EOS_SE_Asia", "lower_seis_depth": "(15.0,,)", "slip_type": "Dextral", "upper_seis_depth": "(1.0,,)"}, "geometry": {"type": "LineString", "coordinates": [[99.275, 14.755], [99.22, 14.773], [99.183, 14.794], [99.154, 14.817], [99.144, 14.837], [99.142, 14.861], [99.14, 14.882], [99.144, 14.924]]}}, {"type": "Feature", "properties": {"average_dip": "(90.0,,)", "average_rake": "(180.0,,)", "catalog_id": "EOS_AF0250", "catalog_name": "EOS_SE_Asia", "lower_seis_depth": "(15.0,,)", "slip_type": "Dextral", "upper_seis_depth": "(1.0,,)"}, "geometry": {"type": "LineString", "coordinates": [[99.118, 14.919], [99.112, 14.934], [99.107, 14.944], [99.098, 14.952], [99.085, 14.967], [99.073, 14.984], [99.061, 15.006], [99.053, 15.022], [99.048, 15.034], [99.046, 15.046], [99.051, 15.088], [99.06, 15.13]]}}, {"type": "Feature", "properties": {"average_dip": "(90.0,,)", "average_rake": "(180.0,,)", "catalog_id": "EOS_AF0251", "catalog_name": "EOS_SE_Asia", "lower_seis_depth": "(15.0,,)", "slip_type": "Dextral", "upper_seis_depth": "(1.0,,)"}, "geometry": {"type": "LineString", "coordinates": [[98.982, 15.184], [98.988, 15.151], [98.995, 15.083], [98.998, 15.07], [98.996, 15.044], [98.995, 14.989], [99.003, 14.94], [99.003, 14.925], [99.004, 14.907], [99.006, 14.887], [99.006, 14.87], [99.009, 14.86], [99.01, 14.849], [99.013, 14.832], [99.014, 14.827], [99.017, 14.816], [99.019, 14.808]]}}, {"type": "Feature", "properties": {"average_dip": "(90.0,,)", "average_rake": "(180.0,,)", "catalog_id": "EOS_AF0252", "catalog_name": "EOS_SE_Asia", "lower_seis_depth": "(15.0,,)", "slip_type": "Dextral", "upper_seis_depth": "(1.0,,)"}, "geometry": {"type": "LineString", "coordinates": [[97.575, 16.083], [97.666, 16.023], [97.767, 15.905], [97.787, 15.879], [97.812, 15.851], [97.835, 15.828], [97.861, 15.799], [97.889, 15.775], [97.903, 15.759], [97.93, 15.736], [97.955, 15.713], [97.967, 15.698], [97.984, 15.684], [97.999, 15.674], [98.02, 15.656], [98.047, 15.632], [98.076, 15.609], [98.092, 15.594], [98.114, 15.577], [98.127, 15.558], [98.14, 15.54], [98.168, 15.511], [98.187, 15.488], [98.208, 15.465], [98.224, 15.442], [98.248, 15.417], [98.267, 15.393], [98.284, 15.369]]}}, {"type": "Feature", "properties": {"average_dip": "(60.0,,)", "average_rake": "(-90.0,,)", "catalog_id": "EOS_AF0253", "catalog_name": "EOS_SE_Asia", "lower_seis_depth": "(15.0,,)", "slip_type": "Normal", "upper_seis_depth": "(1.0,,)"}, "geometry": {"type": "LineString", "coordinates": [[98.266, 15.856], [98.267, 15.846], [98.267, 15.837], [98.267, 15.829], [98.268, 15.823], [98.268, 15.813], [98.269, 15.802], [98.27, 15.794], [98.271, 15.781], [98.27, 15.776], [98.27, 15.771], [98.272, 15.762], [98.275, 15.756], [98.276, 15.746], [98.277, 15.738], [98.28, 15.73], [98.282, 15.719], [98.282, 15.712], [98.281, 15.707], [98.282, 15.701], [98.281, 15.694], [98.277, 15.687], [98.276, 15.675], [98.275, 15.666], [98.274, 15.651], [98.271, 15.636], [98.27, 15.627], [98.268, 15.614], [98.265, 15.602], [98.263, 15.592], [98.261, 15.584], [98.258, 15.576], [98.257, 15.563], [98.256, 15.549], [98.256, 15.541], [98.256, 15.533], [98.256, 15.527], [98.257, 15.525]]}}, {"type": "Feature", "properties": {"average_dip": "(90.0,,)", "average_rake": "(180.0,,)", "catalog_id": "EOS_AF0254", "catalog_name": "EOS_SE_Asia", "lower_seis_depth": "(15.0,,)", "slip_type": "Dextral", "upper_seis_depth": "(1.0,,)"}, "geometry": {"type": "LineString", "coordinates": [[98.496, 15.068], [98.495, 15.085], [98.493, 15.092], [98.489, 15.101], [98.484, 15.109], [98.482, 15.113], [98.479, 15.119], [98.478, 15.124], [98.477, 15.13], [98.476, 15.137], [98.475, 15.143], [98.475, 15.147], [98.475, 15.149], [98.473, 15.154], [98.473, 15.157], [98.472, 15.163], [98.47, 15.169], [98.468, 15.173], [98.467, 15.178], [98.464, 15.183], [98.462, 15.189], [98.46, 15.193], [98.456, 15.2], [98.456, 15.2], [98.455, 15.202], [98.454, 15.203], [98.453, 15.205], [98.451, 15.208], [98.45, 15.211], [98.449, 15.212], [98.447, 15.215], [98.444, 15.217], [98.429, 15.233], [98.411, 15.261], [98.385, 15.29], [98.355, 15.325], [98.306, 15.38], [98.292, 15.403], [98.279, 15.43], [98.269, 15.455], [98.248, 15.509]]}}, {"type": "Feature", "properties": {"average_dip": "(90.0,,)", "average_rake": "(180.0,,)", "catalog_id": "EOS_AF0255", "catalog_name": "EOS_SE_Asia", "lower_seis_depth": "(15.0,,)", "slip_type": "Dextral", "upper_seis_depth": "(1.0,,)"}, "geometry": {"type": "LineString", "coordinates": [[98.516, 15.003], [98.537, 14.942], [98.543, 14.917], [98.555, 14.876], [98.569, 14.843], [98.583, 14.819], [98.592, 14.797], [98.604, 14.763], [98.619, 14.732], [98.63, 14.708], [98.64, 14.683], [98.639, 14.668], [98.638, 14.655], [98.641, 14.642], [98.647, 14.627], [98.658, 14.609], [98.669, 14.592], [98.681, 14.573]]}}, {"type": "Feature", "properties": {"average_dip": "(60.0,,)", "average_rake": "(-90.0,,)", "catalog_id": "EOS_AF0256", "catalog_name": "EOS_SE_Asia", "lower_seis_depth": "(15.0,,)", "slip_type": "Normal", "upper_seis_depth": "(1.0,,)"}, "geometry": {"type": "LineString", "coordinates": [[98.545, 14.827], [98.549, 14.812], [98.561, 14.795], [98.57, 14.78], [98.575, 14.767], [98.603, 14.666], [98.607, 14.649], [98.61, 14.629], [98.613, 14.616], [98.617, 14.598], [98.623, 14.578], [98.628, 14.565], [98.634, 14.553], [98.647, 14.539]]}}, {"type": "Feature", "properties": {"average_dip": "(90.0,,)", "average_rake": "(180.0,,)", "catalog_id": "EOS_AF0257", "catalog_name": "EOS_SE_Asia", "lower_seis_depth": "(15.0,,)", "slip_type": "Dextral", "upper_seis_depth": "(1.0,,)"}, "geometry": {"type": "LineString", "coordinates": [[98.647, 14.539], [98.647, 14.539], [98.666, 14.524], [98.7, 14.508], [98.738, 14.489], [98.771, 14.471], [98.804, 14.453], [98.824, 14.438], [98.848, 14.428], [98.884, 14.388], [98.901, 14.37], [98.925, 14.355], [98.948, 14.337], [98.967, 14.321], [98.986, 14.298], [99.007, 14.273], [99.02, 14.254]]}}, {"type": "Feature", "properties": {"average_dip": "(90.0,,)", "average_rake": "(180.0,,)", "catalog_id": "EOS_AF0258", "catalog_name": "EOS_SE_Asia", "lower_seis_depth": "(15.0,,)", "slip_type": "Dextral", "upper_seis_depth": "(1.0,,)"}, "geometry": {"type": "LineString", "coordinates": [[99.016, 14.229], [99.027, 14.212], [99.033, 14.193], [99.042, 14.175], [99.057, 14.154], [99.077, 14.135], [99.097, 14.117], [99.119, 14.101], [99.147, 14.084], [99.177, 14.063], [99.223, 14.02], [99.241, 14.004]]}}, {"type": "Feature", "properties": {"average_dip": "(90.0,,)", "average_rake": "(180.0,,)", "catalog_id": "EOS_AF0259", "catalog_name": "EOS_SE_Asia", "lower_seis_depth": "(15.0,,)", "slip_type": "Dextral", "upper_seis_depth": "(1.0,,)"}, "geometry": {"type": "LineString", "coordinates": [[98.923, 13.988], [98.904, 14.003], [98.892, 14.018], [98.865, 14.057], [98.859, 14.062], [98.846, 14.067], [98.828, 14.083], [98.816, 14.095], [98.794, 14.108], [98.783, 14.12], [98.766, 14.14], [98.743, 14.155], [98.717, 14.163], [98.653, 14.181], [98.61, 14.198]]}}, {"type": "Feature", "properties": {"average_dip": "(90.0,,)", "average_rake": "(180.0,,)", "catalog_id": "EOS_AF0260", "catalog_name": "EOS_SE_Asia", "lower_seis_depth": "(15.0,,)", "slip_type": "Dextral", "upper_seis_depth": "(1.0,,)"}, "geometry": {"type": "LineString", "coordinates": [[98.821, 14.26], [98.822, 14.259], [98.824, 14.256], [98.826, 14.254], [98.827, 14.253], [98.831, 14.25], [98.833, 14.249], [98.834, 14.248], [98.837, 14.247], [98.839, 14.245], [98.842, 14.244], [98.842, 14.244], [98.844, 14.243], [98.845, 14.241], [98.848, 14.239], [98.85, 14.238], [98.853, 14.236], [98.855, 14.234], [98.856, 14.233], [98.86, 14.231], [98.864, 14.228], [98.867, 14.226], [98.868, 14.226], [98.87, 14.224], [98.873, 14.22], [98.875, 14.218], [98.878, 14.215], [98.88, 14.212], [98.887, 14.205], [98.891, 14.2], [98.893, 14.197], [98.896, 14.193], [98.9, 14.189], [98.902, 14.185], [98.904, 14.183], [98.907, 14.18], [98.91, 14.177], [98.913, 14.174], [98.915, 14.173], [98.918, 14.171], [98.921, 14.168], [98.926, 14.164], [98.929, 14.162], [98.932, 14.16], [98.936, 14.158], [98.938, 14.156], [98.944, 14.152], [98.951, 14.149], [98.957, 14.145], [98.966, 14.142], [98.972, 14.139], [98.977, 14.137], [98.98, 14.135], [98.985, 14.132], [98.992, 14.128], [98.996, 14.126], [99.0, 14.124], [99.001, 14.124], [99.003, 14.123], [99.004, 14.123], [99.006, 14.122], [99.007, 14.121], [99.009, 14.12], [99.011, 14.119], [99.015, 14.118], [99.017, 14.117], [99.037, 14.111], [99.068, 14.097]]}}, {"type": "Feature", "properties": {"average_dip": "(90.0,,)", "average_rake": "(180.0,,)", "catalog_id": "EOS_AF0261", "catalog_name": "EOS_SE_Asia", "lower_seis_depth": "(15.0,,)", "slip_type": "Dextral", "upper_seis_depth": "(1.0,,)"}, "geometry": {"type": "LineString", "coordinates": [[98.636, 14.977], [98.643, 14.958], [98.645, 14.935], [98.644, 14.912], [98.643, 14.886], [98.641, 14.868], [98.642, 14.851], [98.643, 14.831], [98.647, 14.812], [98.654, 14.788]]}}, {"type": "Feature", "properties": {"average_dip": "(90.0,,)", "average_rake": "(180.0,,)", "catalog_id": "EOS_AF0262", "catalog_name": "EOS_SE_Asia", "lower_seis_depth": "(15.0,,)", "slip_type": "Dextral", "upper_seis_depth": "(1.0,,)"}, "geometry": {"type": "LineString", "coordinates": [[98.971, 13.945], [98.974, 13.925], [98.988, 13.895], [98.997, 13.868], [99.009, 13.833], [99.021, 13.792], [99.036, 13.754], [99.047, 13.72], [99.051, 13.7], [99.049, 13.683], [99.047, 13.669], [99.045, 13.646], [99.044, 13.626], [99.044, 13.608], [99.035, 13.587], [99.027, 13.573], [99.023, 13.562], [99.019, 13.553], [99.02, 13.509], [99.02, 13.499], [99.019, 13.485], [99.019, 13.463], [99.017, 13.455], [99.014, 13.448], [99.013, 13.443], [99.013, 13.438], [99.013, 13.418], [99.013, 13.386], [99.013, 13.342], [99.016, 13.312], [99.014, 13.255]]}}, {"type": "Feature", "properties": {"average_dip": "(90.0,,)", "average_rake": "(180.0,,)", "catalog_id": "EOS_AF0263", "catalog_name": "EOS_SE_Asia", "lower_seis_depth": "(15.0,,)", "slip_type": "Dextral", "upper_seis_depth": "(1.0,,)"}, "geometry": {"type": "LineString", "coordinates": [[98.995, 13.259], [98.988, 13.15], [98.985, 13.13], [98.978, 13.065], [98.965, 12.967], [98.951, 12.91], [98.945, 12.871], [98.946, 12.841]]}}, {"type": "Feature", "properties": {"average_dip": "(90.0,,)", "average_rake": "(180.0,,)", "catalog_id": "EOS_AF0264", "catalog_name": "EOS_SE_Asia", "lower_seis_depth": "(15.0,,)", "slip_type": "Dextral", "upper_seis_depth": "(1.0,,)"}, "geometry": {"type": "LineString", "coordinates": [[98.939, 12.788], [98.939, 12.759], [98.939, 12.739], [98.939, 12.717], [98.942, 12.686], [98.946, 12.662], [98.948, 12.646], [98.951, 12.632], [98.953, 12.623], [98.962, 12.599], [98.967, 12.578]]}}, {"type": "Feature", "properties": {"average_dip": "(90.0,,)", "average_rake": "(180.0,,)", "catalog_id": "EOS_AF0265", "catalog_name": "EOS_SE_Asia", "lower_seis_depth": "(15.0,,)", "slip_type": "Dextral", "upper_seis_depth": "(1.0,,)"}, "geometry": {"type": "LineString", "coordinates": [[99.213, 14.324], [99.212, 14.325], [99.211, 14.325], [99.204, 14.33], [99.201, 14.332], [99.198, 14.336], [99.194, 14.339], [99.189, 14.342], [99.184, 14.346], [99.18, 14.348], [99.178, 14.351], [99.173, 14.354], [99.17, 14.356], [99.168, 14.357], [99.165, 14.358], [99.161, 14.359], [99.16, 14.36], [99.157, 14.364], [99.155, 14.367], [99.15, 14.373], [99.148, 14.374], [99.145, 14.377], [99.142, 14.38], [99.141, 14.382], [99.137, 14.387], [99.136, 14.389], [99.134, 14.391], [99.131, 14.394], [99.13, 14.396], [99.126, 14.4], [99.125, 14.402], [99.124, 14.403], [99.122, 14.405], [99.121, 14.405], [99.004, 14.549]]}}, {"type": "Feature", "properties": {"average_dip": "(90.0,,)", "average_rake": "(180.0,,)", "catalog_id": "EOS_AF0266", "catalog_name": "EOS_SE_Asia", "lower_seis_depth": "(15.0,,)", "slip_type": "Dextral", "upper_seis_depth": "(1.0,,)"}, "geometry": {"type": "LineString", "coordinates": [[98.197, 14.482], [98.222, 14.464], [98.248, 14.45], [98.276, 14.437], [98.314, 14.422], [98.343, 14.41], [98.365, 14.397], [98.392, 14.381], [98.421, 14.36], [98.44, 14.342], [98.484, 14.313]]}}, {"type": "Feature", "properties": {"average_dip": "(90.0,,)", "average_rake": "(180.0,,)", "catalog_id": "EOS_AF0267", "catalog_name": "EOS_SE_Asia", "lower_seis_depth": "(15.0,,)", "slip_type": "Dextral", "upper_seis_depth": "(1.0,,)"}, "geometry": {"type": "LineString", "coordinates": [[99.292, 11.862], [99.297, 11.845], [99.3, 11.835], [99.305, 11.819], [99.31, 11.804], [99.319, 11.774], [99.328, 11.742], [99.335, 11.715], [99.34, 11.684], [99.341, 11.671], [99.338, 11.655], [99.326, 11.629], [99.312, 11.596]]}}, {"type": "Feature", "properties": {"average_dip": "(90.0,,)", "average_rake": "(180.0,,)", "catalog_id": "EOS_AF0268", "catalog_name": "EOS_SE_Asia", "lower_seis_depth": "(15.0,,)", "slip_type": "Dextral", "upper_seis_depth": "(1.0,,)"}, "geometry": {"type": "LineString", "coordinates": [[99.173, 15.003], [99.175, 14.989], [99.177, 14.976], [99.18, 14.962], [99.182, 14.955], [99.189, 14.942], [99.203, 14.931], [99.21, 14.924], [99.216, 14.916], [99.218, 14.911], [99.227, 14.898], [99.243, 14.876], [99.251, 14.866], [99.258, 14.858], [99.271, 14.849]]}}, {"type": "Feature", "properties": {"average_dip": "(90.0,,)", "average_rake": "(180.0,,)", "catalog_id": "EOS_AF0269", "catalog_name": "EOS_SE_Asia", "lower_seis_depth": "(15.0,,)", "slip_type": "Dextral", "upper_seis_depth": "(1.0,,)"}, "geometry": {"type": "LineString", "coordinates": [[99.225, 14.972], [99.227, 14.949], [99.231, 14.93], [99.237, 14.913], [99.268, 14.855], [99.275, 14.843], [99.282, 14.833], [99.29, 14.822]]}}, {"type": "Feature", "properties": {"average_dip": "(60.0,,)", "average_rake": "(-90.0,,)", "catalog_id": "EOS_AF0270", "catalog_name": "EOS_SE_Asia", "lower_seis_depth": "(15.0,,)", "slip_type": "Normal", "upper_seis_depth": "(1.0,,)"}, "geometry": {"type": "LineString", "coordinates": [[99.173, 15.004], [99.172, 15.014], [99.171, 15.018], [99.169, 15.023], [99.167, 15.031], [99.164, 15.041], [99.162, 15.053], [99.161, 15.061], [99.159, 15.067], [99.157, 15.072], [99.152, 15.082], [99.147, 15.088], [99.145, 15.098], [99.145, 15.109], [99.142, 15.118], [99.14, 15.127], [99.139, 15.137], [99.137, 15.149], [99.135, 15.158], [99.134, 15.167], [99.135, 15.176], [99.134, 15.187], [99.134, 15.193], [99.134, 15.202], [99.135, 15.209], [99.136, 15.216], [99.135, 15.224], [99.133, 15.231], [99.132, 15.241], [99.134, 15.254], [99.136, 15.266], [99.137, 15.277], [99.133, 15.288], [99.128, 15.311], [99.126, 15.327], [99.127, 15.343]]}}, {"type": "Feature", "properties": {"average_dip": "(60.0,,)", "average_rake": "(180.0,,)", "catalog_id": "EOS_AF0271", "catalog_name": "EOS_SE_Asia", "lower_seis_depth": "(15.0,,)", "slip_type": "Dextral", "upper_seis_depth": "(1.0,,)"}, "geometry": {"type": "LineString", "coordinates": [[99.126, 15.677], [99.125, 15.658], [99.127, 15.63], [99.128, 15.608], [99.133, 15.581], [99.137, 15.562], [99.137, 15.538], [99.132, 15.523], [99.129, 15.511], [99.129, 15.502], [99.126, 15.486], [99.127, 15.472], [99.127, 15.451], [99.127, 15.434], [99.123, 15.42], [99.122, 15.401], [99.124, 15.387]]}}, {"type": "Feature", "properties": {"average_dip": "(90.0,,)", "average_rake": "(180.0,,)", "catalog_id": "EOS_AF0272", "catalog_name": "EOS_SE_Asia", "lower_seis_depth": "(15.0,,)", "slip_type": "Dextral", "upper_seis_depth": "(1.0,,)"}, "geometry": {"type": "LineString", "coordinates": [[99.113, 15.678], [99.103, 15.705], [99.101, 15.745], [99.102, 15.777], [99.112, 15.813], [99.12, 15.849], [99.124, 15.875], [99.125, 15.897], [99.133, 15.919], [99.134, 15.93], [99.132, 15.96], [99.132, 15.975]]}}, {"type": "Feature", "properties": {"average_dip": "(90.0,,)", "average_rake": "(180.0,,)", "catalog_id": "EOS_AF0273", "catalog_name": "EOS_SE_Asia", "lower_seis_depth": "(15.0,,)", "slip_type": "Dextral", "upper_seis_depth": "(1.0,,)"}, "geometry": {"type": "LineString", "coordinates": [[99.148, 15.971], [99.144, 15.995], [99.139, 16.026], [99.138, 16.06], [99.133, 16.101], [99.137, 16.192], [99.148, 16.236], [99.163, 16.283], [99.182, 16.333], [99.199, 16.376]]}}, {"type": "Feature", "properties": {"average_dip": "(90.0,,)", "average_rake": "(180.0,,)", "catalog_id": "EOS_AF0274", "catalog_name": "EOS_SE_Asia", "lower_seis_depth": "(15.0,,)", "slip_type": "Dextral", "upper_seis_depth": "(1.0,,)"}, "geometry": {"type": "LineString", "coordinates": [[98.394, 14.171], [98.395, 14.157], [98.397, 14.144], [98.399, 14.129], [98.399, 14.113], [98.397, 14.101], [98.396, 14.093], [98.398, 14.084], [98.396, 14.072], [98.395, 14.062], [98.395, 14.049], [98.396, 14.036], [98.398, 14.023], [98.402, 14.008], [98.406, 13.991], [98.411, 13.979], [98.412, 13.967], [98.414, 13.954], [98.421, 13.938], [98.424, 13.928], [98.431, 13.911], [98.439, 13.893], [98.443, 13.876], [98.447, 13.86], [98.453, 13.841], [98.465, 13.829], [98.479, 13.817], [98.496, 13.806], [98.513, 13.796], [98.531, 13.788], [98.558, 13.771], [98.574, 13.756], [98.582, 13.74], [98.584, 13.722], [98.582, 13.7], [98.585, 13.68]]}}, {"type": "Feature", "properties": {"average_dip": "(90.0,,)", "average_rake": "(180.0,,)", "catalog_id": "EOS_AF0275", "catalog_name": "EOS_SE_Asia", "lower_seis_depth": "(15.0,,)", "slip_type": "Dextral", "upper_seis_depth": "(1.0,,)"}, "geometry": {"type": "LineString", "coordinates": [[98.564, 13.694], [98.561, 13.676], [98.556, 13.658], [98.545, 13.636], [98.532, 13.617], [98.522, 13.593], [98.514, 13.57], [98.513, 13.546], [98.512, 13.52], [98.513, 13.496], [98.511, 13.472], [98.507, 13.452]]}}, {"type": "Feature", "properties": {"average_dip": "(90.0,,)", "average_rake": "(180.0,,)", "catalog_id": "EOS_AF0276", "catalog_name": "EOS_SE_Asia", "lower_seis_depth": "(15.0,,)", "slip_type": "Dextral", "upper_seis_depth": "(1.0,,)"}, "geometry": {"type": "LineString", "coordinates": [[98.173, 14.591], [98.174, 14.546], [98.182, 14.493], [98.184, 14.441], [98.184, 14.389], [98.191, 14.337], [98.197, 14.282]]}}, {"type": "Feature", "properties": {"average_dip": "(90.0,,)", "average_rake": "(180.0,,)", "catalog_id": "EOS_AF0277", "catalog_name": "EOS_SE_Asia", "lower_seis_depth": "(15.0,,)", "slip_type": "Dextral", "upper_seis_depth": "(1.0,,)"}, "geometry": {"type": "LineString", "coordinates": [[98.716, 13.779], [98.727, 13.766], [98.741, 13.754], [98.755, 13.741], [98.768, 13.726], [98.783, 13.707], [98.798, 13.688], [98.81, 13.675], [98.826, 13.659], [98.841, 13.641], [98.853, 13.627], [98.863, 13.615], [98.874, 13.602]]}}, {"type": "Feature", "properties": {"average_dip": "(90.0,,)", "average_rake": "(180.0,,)", "catalog_id": "EOS_AF0278", "catalog_name": "EOS_SE_Asia", "lower_seis_depth": "(15.0,,)", "slip_type": "Dextral", "upper_seis_depth": "(1.0,,)"}, "geometry": {"type": "LineString", "coordinates": [[98.561, 14.065], [98.568, 14.054], [98.575, 14.043], [98.587, 14.027], [98.597, 14.013], [98.606, 14.001], [98.613, 13.989], [98.621, 13.977], [98.631, 13.965], [98.638, 13.957], [98.644, 13.946], [98.652, 13.938], [98.662, 13.924], [98.67, 13.911], [98.677, 13.9], [98.683, 13.891], [98.688, 13.882], [98.691, 13.875], [98.694, 13.869]]}}, {"type": "Feature", "properties": {"average_dip": "(90.0,,)", "average_rake": "(180.0,,)", "catalog_id": "EOS_AF0279", "catalog_name": "EOS_SE_Asia", "lower_seis_depth": "(15.0,,)", "slip_type": "Dextral", "upper_seis_depth": "(1.0,,)"}, "geometry": {"type": "LineString", "coordinates": [[99.021, 12.541], [99.048, 12.512], [99.074, 12.483], [99.116, 12.426], [99.137, 12.399], [99.162, 12.355], [99.173, 12.336], [99.167, 12.301], [99.157, 12.283], [99.154, 12.26], [99.161, 12.206], [99.173, 12.175], [99.172, 12.157], [99.167, 12.137], [99.159, 12.123], [99.161, 12.107], [99.17, 12.095], [99.179, 12.084], [99.193, 12.066], [99.203, 12.047], [99.21, 12.031], [99.214, 12.009]]}}, {"type": "Feature", "properties": {"average_dip": "(90.0,,)", "average_rake": "(0.0,,)", "catalog_id": "EOS_AF0280", "catalog_name": "EOS_SE_Asia", "lower_seis_depth": "(15.0,,)", "slip_type": "Sinistral", "upper_seis_depth": "(1.0,,)"}, "geometry": {"type": "LineString", "coordinates": [[99.059, 10.498], [99.048, 10.476], [99.043, 10.469], [99.041, 10.465], [99.038, 10.459], [99.031, 10.447], [99.022, 10.43], [99.013, 10.413], [99.01, 10.408], [98.992, 10.379], [98.99, 10.376], [98.988, 10.374], [98.979, 10.365], [98.978, 10.363], [98.976, 10.36], [98.974, 10.357], [98.97, 10.353], [98.964, 10.343], [98.961, 10.339], [98.956, 10.331], [98.952, 10.323], [98.946, 10.311], [98.943, 10.306], [98.94, 10.3], [98.933, 10.287], [98.927, 10.277], [98.926, 10.275], [98.923, 10.268], [98.921, 10.264], [98.916, 10.252], [98.911, 10.241], [98.908, 10.236], [98.903, 10.226], [98.898, 10.218], [98.893, 10.211], [98.89, 10.205], [98.887, 10.199], [98.886, 10.196], [98.884, 10.195], [98.883, 10.194], [98.88, 10.19], [98.878, 10.187], [98.876, 10.185], [98.874, 10.182], [98.87, 10.178], [98.866, 10.173], [98.863, 10.168], [98.857, 10.156], [98.854, 10.151], [98.853, 10.147], [98.85, 10.144], [98.847, 10.139], [98.843, 10.135], [98.84, 10.132], [98.837, 10.128], [98.833, 10.121], [98.816, 10.086], [98.805, 10.05], [98.801, 10.009], [98.795, 9.969], [98.778, 9.934], [98.765, 9.904], [98.742, 9.863], [98.702, 9.799], [98.654, 9.728], [98.635, 9.704], [98.614, 9.676], [98.599, 9.638], [98.553, 9.553], [98.529, 9.519], [98.5, 9.465], [98.477, 9.418], [98.461, 9.388]]}}, {"type": "Feature", "properties": {"average_dip": "(90.0,,)", "average_rake": "(0.0,,)", "catalog_id": "EOS_AF0281", "catalog_name": "EOS_SE_Asia", "lower_seis_depth": "(15.0,,)", "slip_type": "Sinistral", "upper_seis_depth": "(1.0,,)"}, "geometry": {"type": "LineString", "coordinates": [[98.808, 9.915], [98.81, 9.929], [98.814, 9.936], [98.818, 9.946], [98.819, 9.956], [98.822, 9.969], [98.824, 9.98], [98.826, 9.991], [98.83, 9.995], [98.831, 10.003], [98.832, 10.01], [98.834, 10.018], [98.84, 10.031], [98.846, 10.056], [98.848, 10.069], [98.859, 10.08], [98.868, 10.095], [98.879, 10.11], [98.895, 10.133], [98.915, 10.156]]}}, {"type": "Feature", "properties": {"average_dip": "(90.0,,)", "average_rake": "(0.0,,)", "catalog_id": "EOS_AF0283", "catalog_name": "EOS_SE_Asia", "lower_seis_depth": "(15.0,,)", "slip_type": "Sinistral", "upper_seis_depth": "(1.0,,)"}, "geometry": {"type": "LineString", "coordinates": [[98.914, 9.918], [98.905, 9.909], [98.902, 9.905], [98.9, 9.903], [98.897, 9.9], [98.895, 9.898], [98.891, 9.896], [98.889, 9.895], [98.886, 9.892], [98.88, 9.887], [98.877, 9.882], [98.872, 9.876], [98.869, 9.873], [98.867, 9.871], [98.866, 9.869], [98.864, 9.868], [98.862, 9.867], [98.858, 9.863], [98.845, 9.853], [98.842, 9.851], [98.84, 9.85], [98.836, 9.848], [98.834, 9.847], [98.833, 9.846], [98.829, 9.845], [98.823, 9.841], [98.822, 9.84], [98.818, 9.836], [98.814, 9.832], [98.814, 9.831], [98.812, 9.831], [98.809, 9.829], [98.805, 9.828], [98.8, 9.825], [98.796, 9.822], [98.781, 9.81], [98.778, 9.807], [98.773, 9.802], [98.772, 9.8], [98.767, 9.795], [98.764, 9.792], [98.763, 9.791], [98.76, 9.789], [98.751, 9.784], [98.749, 9.783], [98.747, 9.781], [98.745, 9.779], [98.741, 9.774], [98.74, 9.773], [98.735, 9.771], [98.732, 9.769], [98.73, 9.766], [98.724, 9.76], [98.717, 9.755], [98.706, 9.744], [98.691, 9.722]]}}, {"type": "Feature", "properties": {"average_dip": "(90.0,,)", "average_rake": "(0.0,,)", "catalog_id": "EOS_AF0284", "catalog_name": "EOS_SE_Asia", "lower_seis_depth": "(15.0,,)", "slip_type": "Sinistral", "upper_seis_depth": "(1.0,,)"}, "geometry": {"type": "LineString", "coordinates": [[98.844, 10.295], [98.841, 10.285], [98.838, 10.279], [98.832, 10.265], [98.829, 10.257], [98.827, 10.251], [98.823, 10.246], [98.821, 10.245], [98.816, 10.238], [98.812, 10.235], [98.81, 10.232], [98.804, 10.221], [98.802, 10.218], [98.8, 10.215], [98.799, 10.214], [98.797, 10.212], [98.795, 10.21], [98.793, 10.208], [98.789, 10.206], [98.787, 10.203], [98.785, 10.2], [98.783, 10.198], [98.782, 10.194], [98.779, 10.192], [98.778, 10.191], [98.777, 10.189], [98.773, 10.184], [98.768, 10.175], [98.767, 10.172], [98.766, 10.168], [98.751, 10.149], [98.739, 10.126], [98.721, 10.081], [98.707, 10.04], [98.695, 9.973], [98.687, 9.936], [98.68, 9.906], [98.654, 9.852], [98.64, 9.843], [98.626, 9.83], [98.615, 9.804]]}}, {"type": "Feature", "properties": {"average_dip": "(90.0,,)", "average_rake": "(0.0,,)", "catalog_id": "EOS_AF0285", "catalog_name": "EOS_SE_Asia", "lower_seis_depth": "(15.0,,)", "slip_type": "Sinistral", "upper_seis_depth": "(1.0,,)"}, "geometry": {"type": "LineString", "coordinates": [[98.542, 9.608], [98.577, 9.693], [98.601, 9.735], [98.615, 9.746], [98.639, 9.762], [98.66, 9.789], [98.677, 9.816], [98.696, 9.852]]}}, {"type": "Feature", "properties": {"average_dip": "(90.0,,)", "average_rake": "(0.0,,)", "catalog_id": "EOS_AF0286", "catalog_name": "EOS_SE_Asia", "lower_seis_depth": "(15.0,,)", "slip_type": "Sinistral", "upper_seis_depth": "(1.0,,)"}, "geometry": {"type": "LineString", "coordinates": [[98.499, 9.393], [98.484, 9.351], [98.459, 9.302], [98.443, 9.267], [98.417, 9.225], [98.393, 9.163], [98.375, 9.107], [98.36, 9.034], [98.338, 8.951], [98.326, 8.907]]}}, {"type": "Feature", "properties": {"average_dip": "(90.0,,)", "average_rake": "(0.0,,)", "catalog_id": "EOS_AF0287", "catalog_name": "EOS_SE_Asia", "lower_seis_depth": "(15.0,,)", "slip_type": "Sinistral", "upper_seis_depth": "(1.0,,)"}, "geometry": {"type": "LineString", "coordinates": [[98.708, 10.267], [98.712, 10.288], [98.714, 10.291], [98.715, 10.297], [98.717, 10.305], [98.719, 10.314], [98.72, 10.316], [98.72, 10.319], [98.721, 10.321], [98.724, 10.327], [98.729, 10.335], [98.729, 10.338], [98.73, 10.34], [98.731, 10.341], [98.732, 10.344], [98.735, 10.348], [98.736, 10.35], [98.737, 10.353], [98.738, 10.356], [98.738, 10.36], [98.74, 10.366], [98.742, 10.372], [98.743, 10.376], [98.745, 10.379], [98.748, 10.385], [98.749, 10.387], [98.751, 10.39], [98.754, 10.394], [98.758, 10.4], [98.76, 10.402], [98.761, 10.403], [98.762, 10.405], [98.763, 10.408], [98.767, 10.416], [98.769, 10.421], [98.769, 10.423], [98.77, 10.424], [98.771, 10.425], [98.772, 10.426], [98.772, 10.427], [98.775, 10.433], [98.776, 10.435], [98.776, 10.438], [98.777, 10.439], [98.778, 10.441], [98.78, 10.444], [98.783, 10.448], [98.785, 10.451], [98.786, 10.453], [98.787, 10.455], [98.788, 10.456], [98.789, 10.462], [98.79, 10.465], [98.791, 10.467], [98.792, 10.469], [98.793, 10.472], [98.794, 10.473], [98.794, 10.475], [98.795, 10.476], [98.795, 10.477], [98.798, 10.488], [98.799, 10.492], [98.804, 10.499], [98.806, 10.503], [98.813, 10.517], [98.816, 10.522], [98.818, 10.527], [98.821, 10.533], [98.824, 10.537], [98.827, 10.543]]}}, {"type": "Feature", "properties": {"average_dip": "(90.0,,)", "average_rake": "(0.0,,)", "catalog_id": "EOS_AF0288", "catalog_name": "EOS_SE_Asia", "lower_seis_depth": "(15.0,,)", "slip_type": "Sinistral", "upper_seis_depth": "(1.0,,)"}, "geometry": {"type": "LineString", "coordinates": [[98.708, 10.259], [98.596, 10.006], [98.523, 9.894], [98.342, 9.545], [97.961, 8.665], [97.789, 8.327], [97.59, 7.984]]}}, {"type": "Feature", "properties": {"average_dip": "(90.0,,)", "average_rake": "(0.0,,)", "catalog_id": "EOS_AF0289", "catalog_name": "EOS_SE_Asia", "lower_seis_depth": "(15.0,,)", "slip_type": "Sinistral", "upper_seis_depth": "(1.0,,)"}, "geometry": {"type": "LineString", "coordinates": [[99.587, 11.475], [99.586, 11.474], [99.585, 11.473], [99.584, 11.472], [99.584, 11.472], [99.583, 11.471], [99.582, 11.47], [99.581, 11.469], [99.58, 11.468], [99.58, 11.468], [99.579, 11.467], [99.578, 11.466], [99.577, 11.465], [99.576, 11.464], [99.575, 11.463], [99.574, 11.462], [99.573, 11.461], [99.573, 11.461], [99.572, 11.46], [99.571, 11.459], [99.57, 11.458], [99.57, 11.458], [99.567, 11.454], [99.566, 11.454], [99.565, 11.453], [99.564, 11.452], [99.563, 11.451], [99.563, 11.45], [99.562, 11.45], [99.562, 11.449], [99.561, 11.448], [99.56, 11.448], [99.56, 11.447], [99.559, 11.447], [99.558, 11.446], [99.558, 11.445], [99.557, 11.444], [99.555, 11.443], [99.554, 11.441], [99.553, 11.441], [99.552, 11.44], [99.548, 11.436], [99.546, 11.434], [99.544, 11.431], [99.543, 11.431], [99.542, 11.43], [99.541, 11.429], [99.54, 11.427], [99.539, 11.426], [99.538, 11.425], [99.537, 11.425], [99.536, 11.424], [99.535, 11.423], [99.534, 11.422], [99.533, 11.421], [99.533, 11.42], [99.532, 11.419], [99.531, 11.418], [99.53, 11.418], [99.53, 11.417], [99.529, 11.416], [99.529, 11.416], [99.527, 11.414], [99.526, 11.413], [99.525, 11.412], [99.524, 11.411], [99.524, 11.41], [99.523, 11.409], [99.522, 11.409], [99.522, 11.408], [99.522, 11.408], [99.521, 11.407], [99.521, 11.407], [99.52, 11.406], [99.52, 11.406], [99.52, 11.406], [99.519, 11.405], [99.519, 11.405], [99.519, 11.404], [99.518, 11.404], [99.518, 11.403], [99.518, 11.403], [99.517, 11.402], [99.517, 11.402], [99.517, 11.401], [99.516, 11.401], [99.516, 11.4], [99.515, 11.399], [99.514, 11.398], [99.514, 11.397], [99.513, 11.396], [99.513, 11.396], [99.512, 11.394], [99.511, 11.393], [99.509, 11.391], [99.509, 11.39], [99.508, 11.388], [99.507, 11.387], [99.506, 11.386], [99.506, 11.386], [99.506, 11.385], [99.505, 11.385], [99.505, 11.385], [99.505, 11.384], [99.505, 11.384], [99.505, 11.384], [99.505, 11.384], [99.505, 11.384], [99.504, 11.384], [99.504, 11.384], [99.504, 11.383], [99.504, 11.383], [99.503, 11.383], [99.503, 11.382], [99.503, 11.382], [99.503, 11.382], [99.503, 11.382], [99.502, 11.381], [99.501, 11.38], [99.501, 11.38], [99.501, 11.379], [99.499, 11.378], [99.499, 11.377], [99.498, 11.377], [99.498, 11.377], [99.498, 11.376], [99.498, 11.376], [99.497, 11.375], [99.497, 11.375], [99.496, 11.375], [99.496, 11.374], [99.496, 11.374], [99.496, 11.374], [99.496, 11.374], [99.496, 11.374], [99.496, 11.373], [99.495, 11.373], [99.495, 11.373], [99.495, 11.373], [99.495, 11.373], [99.495, 11.373], [99.495, 11.372], [99.494, 11.372], [99.494, 11.371], [99.494, 11.371], [99.494, 11.371], [99.494, 11.37], [99.493, 11.37], [99.493, 11.37], [99.493, 11.369], [99.493, 11.369], [99.492, 11.368], [99.492, 11.368], [99.492, 11.367], [99.491, 11.367], [99.491, 11.367], [99.491, 11.367], [99.491, 11.367], [99.491, 11.366], [99.491, 11.366], [99.491, 11.366], [99.49, 11.366], [99.49, 11.366], [99.49, 11.365], [99.49, 11.365], [99.49, 11.365], [99.49, 11.365], [99.49, 11.364], [99.489, 11.364], [99.489, 11.364], [99.489, 11.364], [99.489, 11.363], [99.489, 11.363], [99.489, 11.363], [99.489, 11.363], [99.488, 11.362], [99.488, 11.362], [99.488, 11.362], [99.488, 11.362], [99.488, 11.362], [99.488, 11.362], [99.488, 11.362], [99.487, 11.361], [99.487, 11.361], [99.487, 11.361], [99.487, 11.361], [99.487, 11.36], [99.487, 11.36], [99.487, 11.36], [99.487, 11.36], [99.487, 11.36], [99.486, 11.359], [99.486, 11.359], [99.486, 11.359], [99.486, 11.359], [99.486, 11.359], [99.486, 11.359], [99.486, 11.358], [99.486, 11.358], [99.485, 11.358], [99.485, 11.357], [99.484, 11.357], [99.484, 11.356], [99.483, 11.356], [99.483, 11.355], [99.483, 11.355], [99.482, 11.354], [99.482, 11.354], [99.482, 11.354], [99.481, 11.353], [99.481, 11.353], [99.481, 11.353], [99.48, 11.352], [99.48, 11.352], [99.48, 11.352], [99.479, 11.351], [99.479, 11.351], [99.478, 11.35], [99.477, 11.349], [99.477, 11.349], [99.476, 11.349], [99.476, 11.348], [99.476, 11.348], [99.475, 11.347], [99.475, 11.347], [99.475, 11.347], [99.474, 11.346], [99.474, 11.346], [99.473, 11.345], [99.473, 11.345], [99.473, 11.345], [99.472, 11.344], [99.472, 11.344], [99.471, 11.343], [99.471, 11.343], [99.47, 11.342], [99.47, 11.341], [99.469, 11.341], [99.469, 11.34], [99.468, 11.34], [99.468, 11.339], [99.467, 11.339], [99.467, 11.338], [99.467, 11.338], [99.466, 11.337], [99.466, 11.337], [99.466, 11.337], [99.466, 11.336], [99.465, 11.336], [99.465, 11.335], [99.464, 11.334], [99.464, 11.334], [99.464, 11.333], [99.463, 11.333], [99.463, 11.332], [99.463, 11.332], [99.462, 11.331], [99.462, 11.33], [99.461, 11.33], [99.46, 11.327], [99.46, 11.327], [99.459, 11.326], [99.459, 11.325], [99.458, 11.325], [99.458, 11.324], [99.457, 11.323], [99.457, 11.323], [99.457, 11.323], [99.456, 11.322], [99.456, 11.321], [99.455, 11.32], [99.455, 11.319], [99.454, 11.319], [99.453, 11.318], [99.453, 11.317], [99.452, 11.316], [99.452, 11.315], [99.451, 11.314], [99.451, 11.314], [99.45, 11.313], [99.449, 11.312], [99.449, 11.311], [99.448, 11.31], [99.448, 11.309], [99.447, 11.309], [99.447, 11.308], [99.446, 11.307], [99.445, 11.306], [99.445, 11.306], [99.444, 11.305], [99.444, 11.304], [99.443, 11.303], [99.443, 11.303], [99.442, 11.302], [99.442, 11.301], [99.441, 11.301], [99.44, 11.3], [99.44, 11.299], [99.439, 11.298], [99.439, 11.298], [99.438, 11.297], [99.438, 11.296], [99.437, 11.295], [99.436, 11.295], [99.436, 11.294], [99.435, 11.293], [99.435, 11.293], [99.434, 11.292], [99.434, 11.291]]}}, {"type": "Feature", "properties": {"average_dip": "(90.0,,)", "average_rake": "(0.0,,)", "catalog_id": "EOS_AF0290", "catalog_name": "EOS_SE_Asia", "lower_seis_depth": "(15.0,,)", "slip_type": "Sinistral", "upper_seis_depth": "(1.0,,)"}, "geometry": {"type": "LineString", "coordinates": [[99.34, 11.199], [99.341, 11.2], [99.342, 11.201], [99.342, 11.202], [99.342, 11.202], [99.342, 11.202], [99.343, 11.203], [99.343, 11.203], [99.343, 11.203], [99.343, 11.204], [99.344, 11.205], [99.345, 11.206], [99.345, 11.207], [99.346, 11.207], [99.346, 11.208], [99.347, 11.209], [99.347, 11.21], [99.348, 11.211], [99.348, 11.212], [99.348, 11.212], [99.349, 11.213], [99.349, 11.214], [99.35, 11.215], [99.35, 11.216], [99.351, 11.216], [99.351, 11.217], [99.351, 11.218], [99.352, 11.219], [99.352, 11.219], [99.352, 11.219], [99.352, 11.22], [99.353, 11.22], [99.353, 11.221], [99.353, 11.221], [99.354, 11.224], [99.354, 11.224], [99.355, 11.225], [99.355, 11.225], [99.355, 11.225], [99.355, 11.226], [99.355, 11.226], [99.356, 11.227], [99.356, 11.227], [99.356, 11.228], [99.357, 11.23], [99.357, 11.23], [99.358, 11.231], [99.358, 11.231], [99.358, 11.231], [99.358, 11.232], [99.359, 11.233], [99.36, 11.235], [99.36, 11.235], [99.36, 11.236], [99.36, 11.236], [99.361, 11.237], [99.361, 11.237], [99.361, 11.237], [99.361, 11.238], [99.361, 11.238], [99.362, 11.239], [99.362, 11.239], [99.362, 11.239], [99.362, 11.24], [99.362, 11.24], [99.363, 11.24], [99.363, 11.241], [99.363, 11.241], [99.364, 11.242], [99.364, 11.242], [99.364, 11.243], [99.365, 11.243], [99.365, 11.244], [99.365, 11.244], [99.366, 11.245], [99.366, 11.245], [99.366, 11.246], [99.367, 11.247], [99.369, 11.248], [99.369, 11.249], [99.37, 11.25], [99.37, 11.25], [99.371, 11.252], [99.373, 11.255], [99.374, 11.256], [99.375, 11.256], [99.375, 11.257], [99.376, 11.258], [99.376, 11.259], [99.377, 11.259], [99.378, 11.26], [99.378, 11.261], [99.379, 11.262], [99.379, 11.262], [99.38, 11.263], [99.381, 11.264], [99.381, 11.264], [99.381, 11.264], [99.381, 11.265], [99.382, 11.265], [99.382, 11.265], [99.382, 11.266], [99.383, 11.266], [99.383, 11.266], [99.383, 11.267], [99.384, 11.267], [99.384, 11.267], [99.385, 11.268], [99.385, 11.268], [99.385, 11.269], [99.386, 11.269], [99.386, 11.269], [99.387, 11.27], [99.389, 11.272], [99.389, 11.272], [99.39, 11.273], [99.39, 11.273], [99.391, 11.273], [99.391, 11.274], [99.391, 11.274], [99.392, 11.275], [99.392, 11.275], [99.393, 11.276], [99.393, 11.276], [99.393, 11.276], [99.394, 11.277], [99.394, 11.277], [99.394, 11.277], [99.395, 11.278], [99.395, 11.278], [99.395, 11.279], [99.396, 11.279], [99.396, 11.279], [99.396, 11.28], [99.397, 11.28], [99.397, 11.28], [99.397, 11.281], [99.397, 11.281], [99.398, 11.281], [99.398, 11.282], [99.398, 11.282], [99.398, 11.282], [99.399, 11.283], [99.399, 11.283], [99.399, 11.283], [99.399, 11.284], [99.4, 11.284], [99.4, 11.285], [99.4, 11.285], [99.4, 11.286], [99.401, 11.286], [99.426, 11.314], [99.44, 11.329], [99.449, 11.341], [99.459, 11.35], [99.47, 11.366]]}}, {"type": "Feature", "properties": {"average_dip": "(90.0,,)", "average_rake": "(0.0,,)", "catalog_id": "EOS_AF0291", "catalog_name": "EOS_SE_Asia", "lower_seis_depth": "(15.0,,)", "slip_type": "Sinistral", "upper_seis_depth": "(1.0,,)"}, "geometry": {"type": "LineString", "coordinates": [[99.343, 11.224], [99.343, 11.224], [99.342, 11.223], [99.341, 11.222], [99.34, 11.221], [99.338, 11.217], [99.337, 11.216], [99.336, 11.215], [99.336, 11.215], [99.336, 11.215], [99.335, 11.214], [99.335, 11.213], [99.334, 11.212], [99.333, 11.211], [99.333, 11.21], [99.332, 11.209], [99.331, 11.208], [99.331, 11.207], [99.33, 11.205], [99.329, 11.204], [99.328, 11.203], [99.328, 11.202], [99.327, 11.201], [99.327, 11.201], [99.326, 11.2], [99.326, 11.199], [99.324, 11.196], [99.324, 11.195], [99.324, 11.195], [99.323, 11.194], [99.323, 11.193], [99.322, 11.193], [99.322, 11.192], [99.321, 11.191], [99.321, 11.19], [99.32, 11.19], [99.32, 11.189], [99.319, 11.188], [99.319, 11.187], [99.318, 11.187], [99.318, 11.186], [99.317, 11.185], [99.317, 11.184], [99.316, 11.184], [99.316, 11.183], [99.315, 11.182], [99.315, 11.182], [99.314, 11.181], [99.314, 11.18], [99.313, 11.18], [99.313, 11.179], [99.312, 11.178], [99.312, 11.178], [99.311, 11.177], [99.311, 11.176], [99.31, 11.176], [99.31, 11.175], [99.309, 11.174], [99.308, 11.174], [99.308, 11.173], [99.307, 11.172], [99.306, 11.171], [99.306, 11.17], [99.305, 11.169], [99.304, 11.168], [99.304, 11.168], [99.303, 11.168], [99.303, 11.167], [99.302, 11.167], [99.302, 11.166], [99.302, 11.166], [99.302, 11.166], [99.301, 11.166], [99.301, 11.165], [99.301, 11.165], [99.301, 11.165], [99.301, 11.165], [99.3, 11.164], [99.3, 11.164], [99.3, 11.163], [99.3, 11.163], [99.3, 11.163], [99.3, 11.163], [99.299, 11.163], [99.299, 11.163], [99.299, 11.163], [99.299, 11.162], [99.299, 11.162], [99.299, 11.162], [99.299, 11.162], [99.298, 11.161], [99.298, 11.161], [99.298, 11.161], [99.298, 11.161], [99.297, 11.161], [99.297, 11.161], [99.297, 11.16], [99.297, 11.16], [99.297, 11.16], [99.297, 11.16], [99.296, 11.16], [99.296, 11.159], [99.296, 11.159], [99.295, 11.158], [99.295, 11.158], [99.295, 11.158], [99.295, 11.157], [99.295, 11.157], [99.294, 11.157], [99.294, 11.157], [99.294, 11.156], [99.294, 11.156], [99.294, 11.156], [99.294, 11.156], [99.293, 11.156], [99.293, 11.155], [99.293, 11.155], [99.293, 11.155], [99.292, 11.155], [99.292, 11.154], [99.291, 11.154], [99.291, 11.153], [99.29, 11.152], [99.29, 11.152], [99.289, 11.152], [99.289, 11.151], [99.288, 11.151], [99.288, 11.15], [99.287, 11.15], [99.287, 11.15], [99.287, 11.149], [99.287, 11.149], [99.287, 11.149], [99.286, 11.149], [99.286, 11.149], [99.286, 11.149], [99.286, 11.149], [99.286, 11.149], [99.286, 11.149], [99.286, 11.149], [99.286, 11.148], [99.286, 11.148], [99.285, 11.148], [99.283, 11.146], [99.282, 11.144], [99.281, 11.144], [99.281, 11.143], [99.28, 11.143], [99.28, 11.143], [99.28, 11.143], [99.28, 11.142], [99.28, 11.142], [99.279, 11.142], [99.279, 11.142], [99.279, 11.142], [99.279, 11.142], [99.278, 11.141], [99.278, 11.141], [99.277, 11.14], [99.276, 11.139], [99.276, 11.139], [99.275, 11.138], [99.275, 11.138], [99.274, 11.137], [99.274, 11.136], [99.273, 11.136], [99.273, 11.136], [99.273, 11.136], [99.273, 11.135], [99.273, 11.135], [99.272, 11.135], [99.272, 11.135], [99.272, 11.134], [99.272, 11.134], [99.271, 11.133], [99.271, 11.133], [99.27, 11.131], [99.269, 11.131], [99.269, 11.13], [99.268, 11.13], [99.268, 11.13], [99.268, 11.129], [99.267, 11.129], [99.267, 11.128], [99.267, 11.128], [99.266, 11.127], [99.266, 11.127], [99.265, 11.126], [99.264, 11.126], [99.263, 11.124], [99.262, 11.123], [99.262, 11.123], [99.261, 11.122], [99.261, 11.121], [99.26, 11.121], [99.26, 11.12], [99.259, 11.12], [99.259, 11.119], [99.258, 11.119], [99.258, 11.119], [99.257, 11.118], [99.255, 11.116], [99.255, 11.115], [99.254, 11.115], [99.254, 11.114], [99.254, 11.114], [99.253, 11.113], [99.253, 11.113], [99.253, 11.113], [99.252, 11.112], [99.252, 11.111], [99.251, 11.111], [99.251, 11.11], [99.25, 11.11], [99.25, 11.109], [99.249, 11.108], [99.249, 11.108], [99.248, 11.107], [99.247, 11.105], [99.245, 11.103], [99.242, 11.099], [99.241, 11.097], [99.24, 11.096], [99.239, 11.095], [99.238, 11.094], [99.237, 11.093], [99.237, 11.093], [99.237, 11.093], [99.236, 11.092]]}}, {"type": "Feature", "properties": {"average_dip": "(90.0,,)", "average_rake": "(0.0,,)", "catalog_id": "EOS_AF0292", "catalog_name": "EOS_SE_Asia", "lower_seis_depth": "(15.0,,)", "slip_type": "Sinistral", "upper_seis_depth": "(1.0,,)"}, "geometry": {"type": "LineString", "coordinates": [[99.272, 11.104], [99.271, 11.104], [99.267, 11.099], [99.26, 11.091], [99.255, 11.085], [99.252, 11.081], [99.248, 11.074], [99.244, 11.069], [99.24, 11.064], [99.234, 11.057], [99.228, 11.05], [99.22, 11.039], [99.217, 11.036], [99.212, 11.028], [99.205, 11.017], [99.202, 11.012], [99.198, 11.005], [99.129, 10.903]]}}, {"type": "Feature", "properties": {"average_dip": "(90.0,,)", "average_rake": "(0.0,,)", "catalog_id": "EOS_AF0293", "catalog_name": "EOS_SE_Asia", "lower_seis_depth": "(15.0,,)", "slip_type": "Sinistral", "upper_seis_depth": "(1.0,,)"}, "geometry": {"type": "LineString", "coordinates": [[98.975, 10.779], [98.96, 10.75], [98.946, 10.723], [98.936, 10.703], [98.93, 10.683], [98.928, 10.678], [98.925, 10.673], [98.921, 10.663], [98.92, 10.66], [98.919, 10.657], [98.917, 10.653], [98.914, 10.649], [98.912, 10.645], [98.904, 10.633], [98.896, 10.622], [98.888, 10.609], [98.881, 10.599]]}}, {"type": "Feature", "properties": {"average_dip": "(90.0,,)", "average_rake": "(0.0,,)", "catalog_id": "EOS_AF0294", "catalog_name": "EOS_SE_Asia", "lower_seis_depth": "(15.0,,)", "slip_type": "Sinistral", "upper_seis_depth": "(1.0,,)"}, "geometry": {"type": "LineString", "coordinates": [[98.111, 9.561], [97.836, 9.277], [97.725, 9.152], [97.628, 9.017], [97.521, 8.845]]}}, {"type": "Feature", "properties": {"average_dip": "(90.0,,)", "average_rake": "(180.0,,)", "catalog_id": "EOS_AF0299", "catalog_name": "EOS_SE_Asia", "lower_seis_depth": "(15.0,,)", "slip_type": "Dextral", "upper_seis_depth": "(1.0,,)"}, "geometry": {"type": "LineString", "coordinates": [[99.14, 14.219], [99.177, 14.208], [99.242, 14.184], [99.352, 14.112], [99.356, 14.11], [99.359, 14.108], [99.369, 14.101], [99.373, 14.098], [99.378, 14.095], [99.382, 14.091], [99.395, 14.083], [99.402, 14.079], [99.409, 14.075], [99.418, 14.067], [99.426, 14.061], [99.437, 14.055], [99.444, 14.049], [99.448, 14.046], [99.453, 14.042], [99.461, 14.036], [99.471, 14.03], [99.485, 14.021]]}}, {"type": "Feature", "properties": {"average_dip": "(90.0,,)", "average_rake": "(180.0,,)", "catalog_id": "EOS_AF0300", "catalog_name": "EOS_SE_Asia", "lower_seis_depth": "(15.0,,)", "slip_type": "Dextral", "upper_seis_depth": "(1.0,,)"}, "geometry": {"type": "LineString", "coordinates": [[99.045, 14.107], [99.046, 14.106], [99.046, 14.106], [99.047, 14.105], [99.048, 14.105], [99.049, 14.104], [99.051, 14.103], [99.053, 14.101], [99.053, 14.1], [99.055, 14.099], [99.056, 14.097], [99.057, 14.096], [99.058, 14.095], [99.058, 14.095], [99.059, 14.094], [99.06, 14.093], [99.06, 14.092], [99.06, 14.092], [99.061, 14.091], [99.062, 14.09], [99.063, 14.089], [99.065, 14.087], [99.066, 14.086], [99.068, 14.083], [99.069, 14.082], [99.07, 14.081], [99.071, 14.079], [99.072, 14.078], [99.073, 14.077], [99.073, 14.077], [99.075, 14.075], [99.077, 14.073], [99.078, 14.072], [99.08, 14.07], [99.081, 14.069], [99.084, 14.066], [99.087, 14.063], [99.09, 14.061], [99.091, 14.06], [99.095, 14.057], [99.097, 14.055], [99.099, 14.052], [99.102, 14.05], [99.103, 14.049], [99.106, 14.045], [99.11, 14.041], [99.112, 14.038], [99.114, 14.036], [99.115, 14.035], [99.118, 14.032], [99.121, 14.029], [99.124, 14.025], [99.125, 14.023], [99.127, 14.018], [99.131, 14.015], [99.134, 14.01], [99.139, 14.003], [99.145, 13.995]]}}, {"type": "Feature", "properties": {"average_dip": "(90.0,,)", "average_rake": "(0.0,,)", "catalog_id": "EOS_AF0301", "catalog_name": "EOS_SE_Asia", "lower_seis_depth": "(15.0,,)", "slip_type": "Sinistral", "upper_seis_depth": "(1.0,,)"}, "geometry": {"type": "LineString", "coordinates": [[98.915, 9.093], [98.87, 9.008], [98.832, 8.915], [98.829, 8.907], [98.825, 8.897], [98.821, 8.887], [98.814, 8.87], [98.81, 8.861], [98.806, 8.856], [98.794, 8.842], [98.79, 8.837]]}}, {"type": "Feature", "properties": {"average_dip": "(90.0,,)", "average_rake": "(180.0,,)", "catalog_id": "EOS_AF0302", "catalog_name": "EOS_SE_Asia", "lower_seis_depth": "(15.0,,)", "slip_type": "Dextral", "upper_seis_depth": "(1.0,,)"}, "geometry": {"type": "LineString", "coordinates": [[97.812, 20.892], [97.812, 20.88], [97.815, 20.861], [97.816, 20.846], [97.818, 20.834], [97.823, 20.82], [97.829, 20.804], [97.831, 20.793], [97.839, 20.768], [97.844, 20.747], [97.847, 20.731], [97.852, 20.719], [97.859, 20.707], [97.86, 20.692], [97.863, 20.683], [97.865, 20.67], [97.869, 20.656], [97.873, 20.637], [97.876, 20.618], [97.881, 20.581], [97.871, 20.512], [97.879, 20.497], [97.887, 20.439], [97.898, 20.389], [97.904, 20.336], [97.899, 20.263]]}}, {"type": "Feature", "properties": {"average_dip": "(90.0,,)", "average_rake": "(180.0,,)", "catalog_id": "EOS_AF0303", "catalog_name": "EOS_SE_Asia", "lower_seis_depth": "(15.0,,)", "slip_type": "Dextral", "upper_seis_depth": "(1.0,,)"}, "geometry": {"type": "LineString", "coordinates": [[97.861, 25.55], [97.851, 25.542], [97.842, 25.513], [97.835, 25.495], [97.828, 25.477], [97.82, 25.452], [97.816, 25.436], [97.811, 25.429], [97.795, 25.407], [97.777, 25.381], [97.759, 25.358], [97.738, 25.336], [97.721, 25.316], [97.714, 25.304], [97.702, 25.286]]}}, {"type": "Feature", "properties": {"average_dip": "(90.0,,)", "average_rake": "(180.0,,)", "catalog_id": "EOS_AF0304", "catalog_name": "EOS_SE_Asia", "lower_seis_depth": "(15.0,,)", "slip_type": "Dextral", "upper_seis_depth": "(1.0,,)"}, "geometry": {"type": "LineString", "coordinates": [[95.463, 29.839], [95.656, 29.719], [95.818, 29.616], [95.932, 29.542], [96.031, 29.485], [96.11, 29.438], [96.147, 29.396], [96.186, 29.373], [96.233, 29.339], [96.281, 29.292], [96.394, 29.184], [96.503, 29.075], [96.604, 28.983], [96.619, 28.97], [96.669, 28.886], [96.722, 28.804], [96.781, 28.742], [96.865, 28.664], [96.947, 28.572], [96.997, 28.493], [97.04, 28.45], [97.083, 28.418]]}}, {"type": "Feature", "properties": {"average_dip": "(90.0,,)", "average_rake": "(180.0,,)", "catalog_id": "EOS_AF0305", "catalog_name": "EOS_SE_Asia", "lower_seis_depth": "(15.0,,)", "slip_type": "Dextral", "upper_seis_depth": "(1.0,,)"}, "geometry": {"type": "LineString", "coordinates": [[97.092, 28.35], [97.116, 28.318], [97.143, 28.3], [97.166, 28.287], [97.179, 28.273], [97.2, 28.248], [97.232, 28.225], [97.288, 28.195], [97.313, 28.175], [97.333, 28.156], [97.355, 28.135], [97.373, 28.116], [97.392, 28.1], [97.413, 28.085], [97.432, 28.061], [97.454, 28.033], [97.469, 27.995], [97.48, 27.961], [97.486, 27.941], [97.489, 27.919], [97.488, 27.896], [97.487, 27.878]]}}, {"type": "Feature", "properties": {"average_dip": "(90.0,,)", "average_rake": "(180.0,,)", "catalog_id": "EOS_AF0306", "catalog_name": "EOS_SE_Asia", "lower_seis_depth": "(15.0,,)", "slip_type": "Dextral", "upper_seis_depth": "(1.0,,)"}, "geometry": {"type": "LineString", "coordinates": [[97.684, 27.902], [97.685, 27.849], [97.692, 27.808], [97.704, 27.787], [97.727, 27.749], [97.808, 27.69], [97.917, 27.602], [97.967, 27.559], [98.0, 27.519], [98.041, 27.465], [98.064, 27.424], [98.086, 27.369], [98.09, 27.299]]}}, {"type": "Feature", "properties": {"average_dip": "(90.0,,)", "average_rake": "(180.0,,)", "catalog_id": "EOS_AF0307", "catalog_name": "EOS_SE_Asia", "lower_seis_depth": "(15.0,,)", "slip_type": "Dextral", "upper_seis_depth": "(1.0,,)"}, "geometry": {"type": "LineString", "coordinates": [[98.184, 26.68], [98.213, 26.709], [98.228, 26.726], [98.247, 26.753], [98.259, 26.777], [98.269, 26.8], [98.275, 26.816], [98.279, 26.836], [98.277, 26.855], [98.274, 26.878], [98.268, 26.89], [98.261, 26.902], [98.254, 26.912], [98.246, 26.924], [98.239, 26.935], [98.233, 26.945], [98.229, 26.952], [98.225, 26.963], [98.222, 26.97], [98.217, 26.982], [98.214, 26.99], [98.212, 26.998], [98.209, 27.007], [98.204, 27.015], [98.198, 27.024], [98.188, 27.033], [98.178, 27.039], [98.17, 27.044]]}}, {"type": "Feature", "properties": {"average_dip": "(90.0,,)", "average_rake": "(180.0,,)", "catalog_id": "EOS_AF0308", "catalog_name": "EOS_SE_Asia", "lower_seis_depth": "(15.0,,)", "slip_type": "Dextral", "upper_seis_depth": "(1.0,,)"}, "geometry": {"type": "LineString", "coordinates": [[97.981, 27.158], [97.982, 27.133], [97.98, 27.104], [97.978, 27.085], [97.98, 27.067], [97.982, 27.049], [97.984, 27.028], [97.985, 27.003], [97.986, 26.983], [97.988, 26.959], [97.987, 26.941], [97.988, 26.913], [97.989, 26.886], [97.991, 26.863], [97.989, 26.844], [97.989, 26.827], [97.99, 26.81], [97.99, 26.799], [97.985, 26.784], [97.978, 26.771], [97.975, 26.761]]}}, {"type": "Feature", "properties": {"average_dip": "(90.0,,)", "average_rake": "(180.0,,)", "catalog_id": "EOS_AF0309", "catalog_name": "EOS_SE_Asia", "lower_seis_depth": "(15.0,,)", "slip_type": "Dextral", "upper_seis_depth": "(1.0,,)"}, "geometry": {"type": "LineString", "coordinates": [[98.161, 25.864], [98.174, 25.932], [98.197, 26.02], [98.225, 26.098], [98.248, 26.15], [98.265, 26.218], [98.277, 26.35], [98.279, 26.403], [98.29, 26.483], [98.308, 26.559], [98.321, 26.609], [98.332, 26.66], [98.352, 26.744], [98.359, 26.792], [98.358, 26.843], [98.356, 26.918], [98.352, 26.98], [98.342, 27.027], [98.338, 27.079], [98.33, 27.096], [98.32, 27.116], [98.3, 27.135], [98.283, 27.15], [98.258, 27.179], [98.233, 27.2], [98.217, 27.217], [98.2, 27.226], [98.173, 27.24], [98.141, 27.26], [98.116, 27.278], [98.09, 27.299]]}}, {"type": "Feature", "properties": {"average_dip": "(90.0,,)", "average_rake": "(180.0,,)", "catalog_id": "EOS_AF0311", "catalog_name": "EOS_SE_Asia", "lower_seis_depth": "(15.0,,)", "slip_type": "Dextral", "upper_seis_depth": "(1.0,,)"}, "geometry": {"type": "LineString", "coordinates": [[98.329, 27.506], [98.342, 27.365], [98.342, 27.315], [98.341, 27.305], [98.341, 27.295], [98.34, 27.271], [98.343, 27.251], [98.348, 27.247], [98.351, 27.24], [98.354, 27.225], [98.357, 27.202], [98.36, 27.187], [98.364, 27.171], [98.363, 27.157], [98.363, 27.149], [98.364, 27.14], [98.363, 27.135], [98.362, 27.129], [98.361, 27.117], [98.362, 27.106], [98.362, 27.094], [98.366, 27.077], [98.369, 27.053], [98.365, 27.033]]}}, {"type": "Feature", "properties": {"average_dip": "(90.0,,)", "average_rake": "(180.0,,)", "catalog_id": "EOS_AF0312", "catalog_name": "EOS_SE_Asia", "lower_seis_depth": "(15.0,,)", "slip_type": "Dextral", "upper_seis_depth": "(1.0,,)"}, "geometry": {"type": "LineString", "coordinates": [[98.111, 25.771], [98.157, 25.75], [98.208, 25.729], [98.24, 25.711], [98.253, 25.685], [98.282, 25.651], [98.288, 25.632], [98.302, 25.612], [98.333, 25.586], [98.388, 25.544], [98.413, 25.522]]}}, {"type": "Feature", "properties": {"average_dip": "(90.0,,)", "average_rake": "(180.0,,)", "catalog_id": "EOS_AF0313", "catalog_name": "EOS_SE_Asia", "lower_seis_depth": "(15.0,,)", "slip_type": "Dextral", "upper_seis_depth": "(1.0,,)"}, "geometry": {"type": "LineString", "coordinates": [[98.223, 25.807], [98.264, 25.783], [98.28, 25.768], [98.298, 25.743], [98.307, 25.732], [98.322, 25.704], [98.344, 25.659], [98.366, 25.613], [98.383, 25.579], [98.419, 25.51], [98.431, 25.491], [98.452, 25.447], [98.469, 25.402], [98.488, 25.359]]}}, {"type": "Feature", "properties": {"average_dip": "(90.0,,)", "average_rake": "(180.0,,)", "catalog_id": "EOS_AF0314", "catalog_name": "EOS_SE_Asia", "lower_seis_depth": "(15.0,,)", "slip_type": "Dextral", "upper_seis_depth": "(1.0,,)"}, "geometry": {"type": "LineString", "coordinates": [[98.413, 25.853], [98.431, 25.821], [98.441, 25.787], [98.444, 25.753], [98.444, 25.718], [98.441, 25.664], [98.437, 25.599], [98.426, 25.537]]}}, {"type": "Feature", "properties": {"average_dip": "(90.0,,)", "average_rake": "(180.0,,)", "catalog_id": "EOS_AF0315", "catalog_name": "EOS_SE_Asia", "lower_seis_depth": "(15.0,,)", "slip_type": "Dextral", "upper_seis_depth": "(1.0,,)"}, "geometry": {"type": "LineString", "coordinates": [[98.879, 27.206], [98.877, 27.172], [98.873, 27.14], [98.869, 27.11], [98.868, 27.074], [98.865, 27.038], [98.864, 26.998], [98.859, 26.958], [98.859, 26.937], [98.862, 26.914], [98.866, 26.895], [98.868, 26.876], [98.872, 26.85], [98.886, 26.782], [98.892, 26.738], [98.905, 26.66], [98.909, 26.63], [98.913, 26.585], [98.921, 26.55], [98.927, 26.525], [98.93, 26.496], [98.942, 26.443], [98.945, 26.417], [98.95, 26.4], [98.955, 26.369], [98.96, 26.345], [98.964, 26.314], [98.962, 26.29], [98.962, 26.277], [98.969, 26.244], [98.978, 26.199], [98.979, 26.176], [98.982, 26.151], [98.986, 26.127], [98.992, 26.099], [98.998, 26.069], [99.007, 26.044], [99.012, 26.022], [99.019, 25.997], [99.024, 25.973], [99.036, 25.947], [99.045, 25.914], [99.057, 25.878], [99.075, 25.842], [99.093, 25.799], [99.107, 25.77], [99.127, 25.735], [99.13, 25.716], [99.13, 25.705], [99.126, 25.691], [99.121, 25.676], [99.116, 25.654], [99.107, 25.638], [99.104, 25.626], [99.098, 25.614], [99.102, 25.594]]}}, {"type": "Feature", "properties": {"average_dip": "(90.0,,)", "average_rake": "(180.0,,)", "catalog_id": "EOS_AF0316", "catalog_name": "EOS_SE_Asia", "lower_seis_depth": "(15.0,,)", "slip_type": "Dextral", "upper_seis_depth": "(1.0,,)"}, "geometry": {"type": "LineString", "coordinates": [[99.326, 24.547], [99.313, 24.577], [99.291, 24.608], [99.285, 24.623], [99.288, 24.636], [99.288, 24.649], [99.293, 24.66], [99.306, 24.682], [99.302, 24.703], [99.312, 24.719], [99.317, 24.735], [99.316, 24.752], [99.34, 24.818], [99.351, 24.837], [99.368, 24.861]]}}, {"type": "Feature", "properties": {"average_dip": "(90.0,,)", "average_rake": "(180.0,,)", "catalog_id": "EOS_AF0317", "catalog_name": "EOS_SE_Asia", "lower_seis_depth": "(15.0,,)", "slip_type": "Dextral", "upper_seis_depth": "(1.0,,)"}, "geometry": {"type": "LineString", "coordinates": [[99.728, 25.415], [99.697, 25.424], [99.645, 25.449], [99.622, 25.466], [99.587, 25.499], [99.568, 25.533], [99.556, 25.559], [99.532, 25.573], [99.495, 25.589], [99.454, 25.607], [99.436, 25.618], [99.414, 25.629], [99.392, 25.637], [99.361, 25.65], [99.34, 25.661], [99.327, 25.675]]}}, {"type": "Feature", "properties": {"average_dip": "(90.0,,)", "average_rake": "(180.0,,)", "catalog_id": "EOS_AF0318", "catalog_name": "EOS_SE_Asia", "lower_seis_depth": "(15.0,,)", "slip_type": "Dextral", "upper_seis_depth": "(1.0,,)"}, "geometry": {"type": "LineString", "coordinates": [[100.407, 24.721], [100.449, 24.697], [100.493, 24.642], [100.546, 24.544], [100.567, 24.486], [100.579, 24.441], [100.606, 24.375], [100.618, 24.332], [100.623, 24.295], [100.613, 24.247], [100.612, 24.227]]}}, {"type": "Feature", "properties": {"average_dip": "(90.0,,)", "average_rake": "(180.0,,)", "catalog_id": "EOS_AF0319", "catalog_name": "EOS_SE_Asia", "lower_seis_depth": "(15.0,,)", "slip_type": "Dextral", "upper_seis_depth": "(1.0,,)"}, "geometry": {"type": "LineString", "coordinates": [[100.29, 24.737], [100.237, 24.727], [100.188, 24.719], [100.161, 24.714], [100.138, 24.711], [100.118, 24.709], [100.089, 24.714], [100.068, 24.717], [100.041, 24.721], [100.014, 24.721], [99.979, 24.723], [99.945, 24.729]]}}, {"type": "Feature", "properties": {"average_dip": "(90.0,,)", "average_rake": "(0.0,,)", "catalog_id": "EOS_AF0320", "catalog_name": "EOS_SE_Asia", "lower_seis_depth": "(15.0,,)", "slip_type": "Sinistral", "upper_seis_depth": "(1.0,,)"}, "geometry": {"type": "LineString", "coordinates": [[99.683, 24.179], [99.713, 24.194], [99.734, 24.209], [99.749, 24.231], [99.762, 24.257], [99.776, 24.287], [99.793, 24.318], [99.81, 24.351], [99.829, 24.391], [99.843, 24.429], [99.85, 24.448]]}}, {"type": "Feature", "properties": {"average_dip": "(90.0,,)", "average_rake": "(180.0,,)", "catalog_id": "EOS_AF0321", "catalog_name": "EOS_SE_Asia", "lower_seis_depth": "(15.0,,)", "slip_type": "Dextral", "upper_seis_depth": "(1.0,,)"}, "geometry": {"type": "LineString", "coordinates": [[98.578, 28.027], [98.595, 27.985], [98.612, 27.95], [98.62, 27.915], [98.628, 27.881], [98.635, 27.85], [98.641, 27.819], [98.656, 27.779], [98.669, 27.743], [98.688, 27.706], [98.699, 27.676], [98.714, 27.64], [98.738, 27.613], [98.761, 27.592], [98.78, 27.555], [98.789, 27.523], [98.799, 27.495], [98.814, 27.461], [98.826, 27.415], [98.845, 27.365], [98.862, 27.32], [98.873, 27.273], [98.885, 27.238]]}}, {"type": "Feature", "properties": {"average_dip": "(90.0,,)", "average_rake": "(180.0,,)", "catalog_id": "EOS_AF0322", "catalog_name": "EOS_SE_Asia", "lower_seis_depth": "(15.0,,)", "slip_type": "Dextral", "upper_seis_depth": "(1.0,,)"}, "geometry": {"type": "LineString", "coordinates": [[99.317, 25.416], [99.324, 25.395], [99.337, 25.368], [99.345, 25.354], [99.358, 25.334], [99.372, 25.315], [99.387, 25.304], [99.404, 25.289], [99.418, 25.275], [99.429, 25.257], [99.449, 25.236], [99.462, 25.217], [99.48, 25.206], [99.499, 25.2], [99.514, 25.199], [99.529, 25.195], [99.548, 25.189], [99.57, 25.177], [99.601, 25.161], [99.617, 25.146], [99.629, 25.134], [99.643, 25.123], [99.652, 25.111], [99.67, 25.086], [99.69, 25.058], [99.709, 25.041], [99.727, 25.023], [99.75, 25.001]]}}, {"type": "Feature", "properties": {"average_dip": "(90.0,,)", "average_rake": "(0.0,,)", "catalog_id": "EOS_AF0323", "catalog_name": "EOS_SE_Asia", "lower_seis_depth": "(15.0,,)", "slip_type": "Sinistral", "upper_seis_depth": "(1.0,,)"}, "geometry": {"type": "LineString", "coordinates": [[99.452, 26.642], [99.444, 26.629], [99.436, 26.618], [99.433, 26.601], [99.44, 26.587], [99.439, 26.558], [99.43, 26.518], [99.413, 26.471], [99.399, 26.423], [99.369, 26.346], [99.355, 26.333], [99.339, 26.316], [99.334, 26.304], [99.329, 26.277], [99.328, 26.247], [99.324, 26.212], [99.323, 26.196]]}}, {"type": "Feature", "properties": {"average_dip": "(90.0,,)", "average_rake": "(180.0,,)", "catalog_id": "EOS_AF0324", "catalog_name": "EOS_SE_Asia", "lower_seis_depth": "(15.0,,)", "slip_type": "Dextral", "upper_seis_depth": "(1.0,,)"}, "geometry": {"type": "LineString", "coordinates": [[99.329, 25.919], [99.318, 25.983], [99.306, 26.029], [99.297, 26.067], [99.282, 26.119], [99.279, 26.139], [99.281, 26.158], [99.289, 26.201], [99.298, 26.226], [99.299, 26.252], [99.303, 26.285], [99.302, 26.318], [99.303, 26.331], [99.307, 26.346], [99.309, 26.37], [99.306, 26.393], [99.298, 26.414], [99.291, 26.434], [99.286, 26.46], [99.283, 26.484], [99.275, 26.526], [99.255, 26.7]]}}, {"type": "Feature", "properties": {"average_dip": "(90.0,,)", "average_rake": "(180.0,,)", "catalog_id": "EOS_AF0325", "catalog_name": "EOS_SE_Asia", "lower_seis_depth": "(15.0,,)", "slip_type": "Dextral", "upper_seis_depth": "(1.0,,)"}, "geometry": {"type": "LineString", "coordinates": [[99.057, 27.661], [99.051, 27.651], [99.045, 27.645], [99.046, 27.634], [99.048, 27.625], [99.048, 27.614], [99.049, 27.603], [99.05, 27.587], [99.049, 27.578], [99.051, 27.568], [99.055, 27.556], [99.051, 27.545], [99.052, 27.533], [99.056, 27.523], [99.059, 27.506], [99.062, 27.493], [99.067, 27.478], [99.072, 27.459], [99.077, 27.447], [99.085, 27.435], [99.09, 27.424], [99.092, 27.414], [99.096, 27.405], [99.097, 27.394], [99.098, 27.387]]}}, {"type": "Feature", "properties": {"average_dip": "(90.0,,)", "average_rake": "(0.0,,)", "catalog_id": "EOS_AF0326", "catalog_name": "EOS_SE_Asia", "lower_seis_depth": "(15.0,,)", "slip_type": "Sinistral", "upper_seis_depth": "(1.0,,)"}, "geometry": {"type": "LineString", "coordinates": [[102.017, 27.461], [102.018, 27.414], [102.015, 27.366], [102.001, 27.312], [101.98, 27.235], [101.957, 27.162], [101.957, 27.097], [101.961, 27.041], [101.987, 26.969], [102.006, 26.909], [101.994, 26.832], [101.985, 26.77], [101.969, 26.699], [101.944, 26.607], [101.938, 26.528], [101.933, 26.472], [101.935, 26.419], [101.919, 26.26], [101.913, 26.214], [101.909, 26.162], [101.906, 26.122], [101.899, 26.078], [101.891, 26.036], [101.883, 25.985], [101.88, 25.939], [101.881, 25.907], [101.883, 25.873], [101.893, 25.811], [101.904, 25.777], [101.912, 25.748], [101.934, 25.674], [101.936, 25.633], [101.939, 25.556], [101.94, 25.528], [101.934, 25.473], [101.937, 25.406], [101.932, 25.358], [101.922, 25.314], [101.919, 25.265], [101.913, 25.231], [101.902, 25.181], [101.897, 25.141], [101.894, 25.123]]}}, {"type": "Feature", "properties": {"average_dip": "(90.0,,)", "average_rake": "(0.0,,)", "catalog_id": "EOS_AF0327", "catalog_name": "EOS_SE_Asia", "lower_seis_depth": "(15.0,,)", "slip_type": "Sinistral", "upper_seis_depth": "(1.0,,)"}, "geometry": {"type": "LineString", "coordinates": [[101.788, 25.736], [101.789, 25.72], [101.793, 25.698], [101.802, 25.676], [101.811, 25.659], [101.819, 25.641], [101.826, 25.618], [101.829, 25.597], [101.83, 25.576], [101.83, 25.548], [101.829, 25.525], [101.832, 25.506], [101.84, 25.487], [101.846, 25.467], [101.849, 25.446], [101.856, 25.424], [101.863, 25.406], [101.868, 25.397]]}}, {"type": "Feature", "properties": {"average_dip": "(90.0,,)", "average_rake": "(180.0,,)", "catalog_id": "EOS_AF0328", "catalog_name": "EOS_SE_Asia", "lower_seis_depth": "(15.0,,)", "slip_type": "Dextral", "upper_seis_depth": "(1.0,,)"}, "geometry": {"type": "LineString", "coordinates": [[99.199, 27.253], [99.21, 27.244], [99.224, 27.223], [99.236, 27.201], [99.253, 27.184], [99.269, 27.16], [99.285, 27.143], [99.299, 27.124], [99.316, 27.108], [99.326, 27.094], [99.335, 27.077], [99.338, 27.065], [99.347, 27.051], [99.352, 27.032], [99.353, 27.019], [99.365, 27.008], [99.371, 27.003], [99.377, 26.993], [99.384, 26.978], [99.396, 26.965], [99.407, 26.949], [99.419, 26.932], [99.429, 26.919], [99.44, 26.902], [99.45, 26.884], [99.458, 26.872], [99.469, 26.856], [99.474, 26.847], [99.482, 26.826], [99.487, 26.808], [99.498, 26.762], [99.5, 26.743], [99.506, 26.719], [99.513, 26.701], [99.515, 26.688], [99.522, 26.672], [99.536, 26.649], [99.549, 26.627], [99.554, 26.615], [99.563, 26.591], [99.57, 26.569], [99.58, 26.55], [99.591, 26.535], [99.601, 26.522], [99.611, 26.508], [99.619, 26.484], [99.63, 26.46], [99.638, 26.448], [99.647, 26.437], [99.654, 26.419], [99.655, 26.408], [99.66, 26.385], [99.665, 26.365], [99.67, 26.347], [99.678, 26.326], [99.685, 26.305], [99.693, 26.282], [99.697, 26.265], [99.707, 26.241], [99.717, 26.218], [99.724, 26.203], [99.729, 26.19], [99.731, 26.184]]}}, {"type": "Feature", "properties": {"average_dip": "(90.0,,)", "average_rake": "(0.0,,)", "catalog_id": "EOS_AF0329", "catalog_name": "EOS_SE_Asia", "lower_seis_depth": "(15.0,,)", "slip_type": "Sinistral", "upper_seis_depth": "(1.0,,)"}, "geometry": {"type": "LineString", "coordinates": [[99.861, 26.361], [99.869, 26.342], [99.868, 26.329], [99.868, 26.315], [99.859, 26.309], [99.842, 26.29], [99.833, 26.275], [99.828, 26.262], [99.817, 26.234], [99.806, 26.207], [99.791, 26.176], [99.785, 26.154], [99.774, 26.132], [99.764, 26.107], [99.761, 26.085], [99.758, 26.064], [99.767, 26.053], [99.769, 26.04], [99.773, 26.027], [99.778, 26.011], [99.782, 26.003]]}}, {"type": "Feature", "properties": {"average_dip": "(90.0,,)", "average_rake": "(0.0,,)", "catalog_id": "EOS_AF0330", "catalog_name": "EOS_SE_Asia", "lower_seis_depth": "(15.0,,)", "slip_type": "Sinistral", "upper_seis_depth": "(1.0,,)"}, "geometry": {"type": "LineString", "coordinates": [[100.109, 26.737], [100.137, 26.764], [100.169, 26.794], [100.19, 26.807], [100.235, 26.865], [100.301, 26.925], [100.369, 26.993], [100.406, 27.028], [100.417, 27.058], [100.421, 27.097], [100.421, 27.14]]}}, {"type": "Feature", "properties": {"average_dip": "(90.0,,)", "average_rake": "(0.0,,)", "catalog_id": "EOS_AF0331", "catalog_name": "EOS_SE_Asia", "lower_seis_depth": "(15.0,,)", "slip_type": "Sinistral", "upper_seis_depth": "(1.0,,)"}, "geometry": {"type": "LineString", "coordinates": [[100.508, 27.07], [100.532, 27.093], [100.553, 27.119], [100.575, 27.147], [100.596, 27.174], [100.621, 27.198], [100.647, 27.23], [100.662, 27.248], [100.685, 27.275], [100.702, 27.297], [100.721, 27.326], [100.743, 27.357], [100.771, 27.395], [100.814, 27.426], [100.876, 27.47], [100.904, 27.502], [100.943, 27.543], [100.98, 27.579], [101.01, 27.618], [101.039, 27.632], [101.066, 27.648], [101.103, 27.657], [101.134, 27.673], [101.167, 27.689], [101.219, 27.729], [101.24, 27.737], [101.276, 27.74], [101.324, 27.754]]}}, {"type": "Feature", "properties": {"average_dip": "(60.0,,)", "average_rake": "(-90.0,,)", "catalog_id": "EOS_AF0332", "catalog_name": "EOS_SE_Asia", "lower_seis_depth": "(15.0,,)", "slip_type": "Normal", "upper_seis_depth": "(1.0,,)"}, "geometry": {"type": "LineString", "coordinates": [[101.493, 27.417], [101.483, 27.417], [101.475, 27.416], [101.464, 27.413], [101.453, 27.411], [101.439, 27.409], [101.426, 27.409], [101.408, 27.408], [101.391, 27.408], [101.38, 27.413], [101.36, 27.424], [101.355, 27.437], [101.34, 27.448], [101.325, 27.461], [101.321, 27.474], [101.321, 27.487], [101.322, 27.499], [101.315, 27.511], [101.294, 27.533], [101.286, 27.55], [101.274, 27.57], [101.262, 27.583], [101.257, 27.6], [101.254, 27.613], [101.247, 27.633], [101.236, 27.653], [101.225, 27.676], [101.22, 27.696], [101.21, 27.713]]}}, {"type": "Feature", "properties": {"average_dip": "(90.0,,)", "average_rake": "(0.0,,)", "catalog_id": "EOS_AF0333", "catalog_name": "EOS_SE_Asia", "lower_seis_depth": "(15.0,,)", "slip_type": "Sinistral", "upper_seis_depth": "(1.0,,)"}, "geometry": {"type": "LineString", "coordinates": [[101.424, 27.7], [101.551, 27.781], [101.594, 27.821], [101.641, 27.867], [101.704, 27.957], [101.769, 28.054], [101.783, 28.08], [101.812, 28.149], [101.82, 28.186], [101.83, 28.237], [101.84, 28.267], [101.853, 28.298], [101.871, 28.332], [101.886, 28.366], [101.898, 28.38], [101.917, 28.426], [101.941, 28.472], [101.961, 28.515], [101.975, 28.555], [102.009, 28.645], [102.035, 28.71], [102.048, 28.734]]}}, {"type": "Feature", "properties": {"average_dip": "(75.0,,)", "average_rake": "(-90.0,,)", "catalog_id": "EOS_AF0334", "catalog_name": "EOS_SE_Asia", "lower_seis_depth": "(15.0,,)", "slip_type": "Normal", "upper_seis_depth": "(1.0,,)"}, "geometry": {"type": "LineString", "coordinates": [[100.598, 26.805], [100.62, 26.79], [100.636, 26.779], [100.655, 26.771], [100.671, 26.77], [100.685, 26.76], [100.699, 26.734], [100.704, 26.713], [100.704, 26.698], [100.702, 26.665], [100.692, 26.632], [100.686, 26.618], [100.687, 26.595], [100.69, 26.577], [100.69, 26.534], [100.692, 26.524], [100.688, 26.495], [100.678, 26.453], [100.663, 26.423], [100.653, 26.405], [100.639, 26.369], [100.632, 26.34], [100.63, 26.326], [100.634, 26.318], [100.636, 26.307], [100.631, 26.29], [100.624, 26.274], [100.614, 26.263], [100.611, 26.235], [100.603, 26.21], [100.594, 26.183], [100.584, 26.167], [100.578, 26.149], [100.575, 26.127], [100.574, 26.103], [100.576, 26.075], [100.581, 26.044], [100.597, 25.992], [100.607, 25.973], [100.612, 25.943], [100.611, 25.922], [100.613, 25.902], [100.62, 25.881], [100.625, 25.865], [100.634, 25.853], [100.628, 25.843], [100.621, 25.83], [100.619, 25.815], [100.614, 25.792], [100.615, 25.767], [100.612, 25.735], [100.594, 25.71], [100.578, 25.674], [100.549, 25.643], [100.512, 25.609], [100.481, 25.581], [100.442, 25.55]]}}, {"type": "Feature", "properties": {"average_dip": "(90.0,,)", "average_rake": "(0.0,,)", "catalog_id": "EOS_AF0335", "catalog_name": "EOS_SE_Asia", "lower_seis_depth": "(15.0,,)", "slip_type": "Sinistral", "upper_seis_depth": "(1.0,,)"}, "geometry": {"type": "LineString", "coordinates": [[100.071, 27.071], [100.046, 26.988], [100.027, 26.944], [100.011, 26.904], [100.008, 26.831], [99.995, 26.775], [99.981, 26.738], [99.966, 26.706], [99.951, 26.675], [99.946, 26.646], [99.944, 26.627]]}}, {"type": "Feature", "properties": {"average_dip": "(90.0,,)", "average_rake": "(0.0,,)", "catalog_id": "EOS_AF0336", "catalog_name": "EOS_SE_Asia", "lower_seis_depth": "(15.0,,)", "slip_type": "Sinistral", "upper_seis_depth": "(1.0,,)"}, "geometry": {"type": "LineString", "coordinates": [[99.981, 26.721], [99.975, 26.69], [99.964, 26.658], [99.945, 26.617], [99.925, 26.572], [99.898, 26.539], [99.887, 26.517], [99.885, 26.504], [99.891, 26.477], [99.895, 26.464]]}}, {"type": "Feature", "properties": {"average_dip": "(90.0,,)", "average_rake": "(0.0,,)", "catalog_id": "EOS_AF0337", "catalog_name": "EOS_SE_Asia", "lower_seis_depth": "(15.0,,)", "slip_type": "Sinistral", "upper_seis_depth": "(1.0,,)"}, "geometry": {"type": "LineString", "coordinates": [[100.162, 26.872], [100.15, 26.852], [100.139, 26.833], [100.13, 26.817], [100.127, 26.804], [100.117, 26.78], [100.106, 26.761], [100.089, 26.743], [100.073, 26.717], [100.053, 26.688], [100.038, 26.659], [100.028, 26.642], [100.018, 26.626], [99.995, 26.591], [99.979, 26.574], [99.95, 26.559], [99.924, 26.549], [99.898, 26.539]]}}, {"type": "Feature", "properties": {"average_dip": "(90.0,,)", "average_rake": "(-90.0,,)", "catalog_id": "EOS_AF0338", "catalog_name": "EOS_SE_Asia", "lower_seis_depth": "(15.0,,)", "slip_type": "Normal", "upper_seis_depth": "(1.0,,)"}, "geometry": {"type": "LineString", "coordinates": [[100.223, 26.501], [100.221, 26.515], [100.218, 26.532], [100.217, 26.544], [100.217, 26.554], [100.22, 26.567], [100.224, 26.577], [100.229, 26.587], [100.232, 26.598], [100.236, 26.605], [100.241, 26.61], [100.244, 26.615], [100.245, 26.62], [100.248, 26.626], [100.251, 26.63], [100.251, 26.636], [100.251, 26.643], [100.252, 26.649], [100.256, 26.656], [100.259, 26.667], [100.262, 26.674], [100.264, 26.68], [100.265, 26.688], [100.265, 26.694], [100.263, 26.7], [100.265, 26.707], [100.27, 26.712], [100.275, 26.718], [100.276, 26.723], [100.276, 26.733], [100.28, 26.745], [100.284, 26.753], [100.286, 26.758], [100.29, 26.766], [100.294, 26.775], [100.295, 26.783], [100.297, 26.789], [100.298, 26.796], [100.299, 26.802], [100.3, 26.809], [100.299, 26.818], [100.298, 26.828], [100.296, 26.835], [100.296, 26.843], [100.295, 26.849], [100.295, 26.857], [100.292, 26.867], [100.29, 26.875], [100.29, 26.886], [100.29, 26.892], [100.29, 26.898]]}}, {"type": "Feature", "properties": {"average_dip": "(60.0,,)", "average_rake": "(-90.0,,)", "catalog_id": "EOS_AF0339", "catalog_name": "EOS_SE_Asia", "lower_seis_depth": "(15.0,,)", "slip_type": "Normal", "upper_seis_depth": "(1.0,,)"}, "geometry": {"type": "LineString", "coordinates": [[100.243, 25.557], [100.217, 25.578], [100.207, 25.587], [100.199, 25.612], [100.199, 25.633], [100.168, 25.658], [100.144, 25.688], [100.13, 25.709], [100.115, 25.743], [100.108, 25.764], [100.111, 25.785], [100.103, 25.821], [100.105, 25.841], [100.112, 25.874], [100.094, 25.898], [100.094, 25.914], [100.091, 25.94], [100.064, 25.966], [100.034, 25.994], [100.028, 26.019], [100.029, 26.04], [100.03, 26.077]]}}, {"type": "Feature", "properties": {"average_dip": "(90.0,,)", "average_rake": "(0.0,,)", "catalog_id": "EOS_AF0346", "catalog_name": "EOS_SE_Asia", "lower_seis_depth": "(15.0,,)", "slip_type": "Sinistral", "upper_seis_depth": "(1.0,,)"}, "geometry": {"type": "LineString", "coordinates": [[99.39, 28.175], [99.327, 28.226], [99.243, 28.265], [99.165, 28.294], [99.081, 28.334], [98.976, 28.36], [98.377, 28.503], [98.265, 28.571], [98.071, 28.659], [97.97, 28.692], [97.827, 28.727]]}}, {"type": "Feature", "properties": {"average_dip": "(90.0,,)", "average_rake": "(0.0,,)", "catalog_id": "EOS_AF0347", "catalog_name": "EOS_SE_Asia", "lower_seis_depth": "(15.0,,)", "slip_type": "Sinistral", "upper_seis_depth": "(1.0,,)"}, "geometry": {"type": "LineString", "coordinates": [[99.408, 28.161], [99.447, 28.125], [99.457, 28.108], [99.486, 28.078], [99.511, 28.048], [99.531, 28.02], [99.557, 27.992], [99.584, 27.964], [99.61, 27.934], [99.629, 27.911], [99.67, 27.841], [99.702, 27.789], [99.713, 27.761], [99.726, 27.728], [99.729, 27.699], [99.789, 27.625], [99.829, 27.593], [99.877, 27.52], [99.902, 27.463], [99.929, 27.411], [99.957, 27.355], [99.972, 27.307], [100.012, 27.212], [100.045, 27.164], [100.073, 27.085], [100.084, 27.063], [100.096, 27.051], [100.102, 27.032], [100.117, 27.002], [100.121, 26.964], [100.126, 26.932]]}}, {"type": "Feature", "properties": {"average_dip": "(90.0,,)", "average_rake": "(180.0,,)", "catalog_id": "EOS_AF0349", "catalog_name": "EOS_SE_Asia", "lower_seis_depth": "(15.0,,)", "slip_type": "Dextral", "upper_seis_depth": "(1.0,,)"}, "geometry": {"type": "LineString", "coordinates": [[101.592, 24.96], [101.546, 25.018], [101.508, 25.058], [101.456, 25.095], [101.408, 25.12], [101.36, 25.138], [101.316, 25.158], [101.272, 25.181], [101.239, 25.199], [101.16, 25.24], [101.102, 25.282], [101.075, 25.302], [101.045, 25.311], [101.01, 25.322], [100.977, 25.333], [100.953, 25.343], [100.943, 25.355], [100.923, 25.362], [100.896, 25.373], [100.869, 25.384], [100.851, 25.392], [100.823, 25.4]]}}, {"type": "Feature", "properties": {"average_dip": "(90.0,,)", "average_rake": "(180.0,,)", "catalog_id": "EOS_AF0352", "catalog_name": "EOS_SE_Asia", "lower_seis_depth": "(15.0,,)", "slip_type": "Dextral", "upper_seis_depth": "(1.0,,)"}, "geometry": {"type": "LineString", "coordinates": [[101.687, 24.878], [101.731, 24.843], [101.755, 24.828], [101.791, 24.803], [101.804, 24.791], [101.862, 24.705], [102.004, 24.553], [102.09, 24.464], [102.13, 24.419], [102.152, 24.385], [102.172, 24.333], [102.185, 24.287]]}}, {"type": "Feature", "properties": {"average_dip": "(90.0,,)", "average_rake": "(180.0,,)", "catalog_id": "EOS_AF0354", "catalog_name": "EOS_SE_Asia", "lower_seis_depth": "(15.0,,)", "slip_type": "Dextral", "upper_seis_depth": "(1.0,,)"}, "geometry": {"type": "LineString", "coordinates": [[101.17, 25.674], [101.218, 25.652], [101.285, 25.617], [101.315, 25.589], [101.35, 25.549], [101.386, 25.512], [101.422, 25.479], [101.454, 25.449], [101.465, 25.438]]}}, {"type": "Feature", "properties": {"average_dip": "(90.0,,)", "average_rake": "(180.0,,)", "catalog_id": "EOS_AF0373", "catalog_name": "EOS_SE_Asia", "lower_seis_depth": "(15.0,,)", "slip_type": "Dextral", "upper_seis_depth": "(1.0,,)"}, "geometry": {"type": "LineString", "coordinates": [[101.736, 23.371], [101.774, 23.373], [101.813, 23.375], [101.847, 23.369], [101.874, 23.356], [101.902, 23.334], [101.928, 23.316], [101.94, 23.31], [101.961, 23.307], [101.98, 23.304], [102.003, 23.301], [102.028, 23.297], [102.055, 23.29], [102.084, 23.282], [102.094, 23.279]]}}, {"type": "Feature", "properties": {"average_dip": "(90.0,,)", "average_rake": "(0.0,,)", "catalog_id": "EOS_AF0374", "catalog_name": "EOS_SE_Asia", "lower_seis_depth": "(15.0,,)", "slip_type": "Sinistral", "upper_seis_depth": "(1.0,,)"}, "geometry": {"type": "LineString", "coordinates": [[101.026, 24.132], [101.012, 24.097], [101.0, 24.064], [100.991, 24.035], [100.978, 24.003], [100.966, 23.973], [100.952, 23.939], [100.935, 23.901], [100.927, 23.867], [100.922, 23.832], [100.924, 23.804]]}}, {"type": "Feature", "properties": {"average_dip": "(90.0,,)", "average_rake": "(180.0,,)", "catalog_id": "EOS_AF0375", "catalog_name": "EOS_SE_Asia", "lower_seis_depth": "(15.0,,)", "slip_type": "Dextral", "upper_seis_depth": "(1.0,,)"}, "geometry": {"type": "LineString", "coordinates": [[100.795, 24.2], [100.816, 24.184], [100.831, 24.172], [100.839, 24.154], [100.847, 24.135], [100.855, 24.114], [100.859, 24.092], [100.857, 24.073], [100.854, 24.047], [100.853, 24.03], [100.853, 24.019], [100.851, 24.006], [100.84, 23.978], [100.833, 23.959], [100.828, 23.931], [100.824, 23.905], [100.819, 23.886], [100.804, 23.853], [100.798, 23.84]]}}, {"type": "Feature", "properties": {"average_dip": "(90.0,,)", "average_rake": "(180.0,,)", "catalog_id": "EOS_AF0376", "catalog_name": "EOS_SE_Asia", "lower_seis_depth": "(15.0,,)", "slip_type": "Dextral", "upper_seis_depth": "(1.0,,)"}, "geometry": {"type": "LineString", "coordinates": [[101.094, 23.745], [101.091, 23.718], [101.089, 23.7], [101.087, 23.683], [101.082, 23.664], [101.079, 23.648], [101.079, 23.63], [101.079, 23.611], [101.084, 23.6], [101.094, 23.581], [101.101, 23.567], [101.108, 23.554], [101.122, 23.54], [101.137, 23.529], [101.142, 23.526]]}}, {"type": "Feature", "properties": {"average_dip": "(90.0,,)", "average_rake": "(0.0,,)", "catalog_id": "EOS_AF0377", "catalog_name": "EOS_SE_Asia", "lower_seis_depth": "(15.0,,)", "slip_type": "Sinistral", "upper_seis_depth": "(1.0,,)"}, "geometry": {"type": "LineString", "coordinates": [[101.863, 21.909], [101.86, 21.934], [101.859, 21.948], [101.864, 21.979], [101.871, 22.004], [101.886, 22.04], [101.898, 22.065], [101.919, 22.094], [101.936, 22.113], [101.955, 22.141], [101.969, 22.155], [101.986, 22.168], [102.01, 22.183], [102.027, 22.197], [102.042, 22.206], [102.056, 22.222], [102.068, 22.235]]}}, {"type": "Feature", "properties": {"average_dip": "(90.0,,)", "average_rake": "(0.0,,)", "catalog_id": "EOS_AF0381", "catalog_name": "EOS_SE_Asia", "lower_seis_depth": "(15.0,,)", "slip_type": "Sinistral", "upper_seis_depth": "(1.0,,)"}, "geometry": {"type": "LineString", "coordinates": [[102.022, 22.035], [102.008, 21.994], [101.996, 21.962], [101.988, 21.947], [101.975, 21.934], [101.962, 21.924], [101.95, 21.909], [101.937, 21.889], [101.923, 21.867], [101.909, 21.84], [101.903, 21.815], [101.903, 21.783], [101.901, 21.758], [101.896, 21.728], [101.893, 21.697], [101.889, 21.672]]}}, {"type": "Feature", "properties": {"average_dip": "(90.0,,)", "average_rake": "(180.0,,)", "catalog_id": "EOS_AF0399", "catalog_name": "EOS_SE_Asia", "lower_seis_depth": "(15.0,,)", "slip_type": "Dextral", "upper_seis_depth": "(1.0,,)"}, "geometry": {"type": "LineString", "coordinates": [[100.751, 24.868], [100.784, 24.818], [100.814, 24.745], [100.843, 24.699], [100.874, 24.657], [100.909, 24.582], [100.93, 24.53], [100.944, 24.461], [100.957, 24.416]]}}, {"type": "Feature", "properties": {"average_dip": "(60.0,,)", "average_rake": "(-90.0,,)", "catalog_id": "EOS_AF0400", "catalog_name": "EOS_SE_Asia", "lower_seis_depth": "(15.0,,)", "slip_type": "Normal", "upper_seis_depth": "(1.0,,)"}, "geometry": {"type": "LineString", "coordinates": [[100.535, 26.319], [100.549, 26.355], [100.55, 26.371], [100.55, 26.398], [100.561, 26.439], [100.57, 26.469], [100.569, 26.486], [100.578, 26.501], [100.584, 26.542], [100.59, 26.567], [100.595, 26.599], [100.603, 26.637], [100.615, 26.675], [100.625, 26.709], [100.639, 26.739]]}}, {"type": "Feature", "properties": {"average_dip": "(30.0,,)", "average_rake": "(90.0,,)", "catalog_id": "EOS_AF1101", "catalog_name": "EOS_SE_Asia", "lower_seis_depth": "(40.0,,)", "slip_type": "Subduction_Thrust", "upper_seis_depth": "(1.0,,)"}, "geometry": {"type": "LineString", "coordinates": [[94.804, 2.276], [94.392, 2.51], [93.514, 3.273], [93.178, 3.843], [92.844, 4.522], [92.523, 6.173], [92.333, 6.771], [91.47, 8.148], [91.451, 8.832], [91.431, 9.668], [91.431, 9.668], [91.414, 9.959], [91.504, 10.492], [91.549, 10.605], [91.566, 10.741], [91.562, 10.941], [91.566, 11.066], [91.591, 11.176], [91.628, 11.285], [91.634, 11.432], [91.655, 11.538], [91.641, 11.625], [91.643, 11.684], [91.653, 11.753], [91.678, 11.817], [91.734, 11.914], [91.785, 11.996], [91.805, 12.108], [91.779, 12.228], [91.744, 12.326], [91.74, 12.437], [91.731, 12.613], [91.754, 12.724], [91.801, 12.819], [91.865, 12.903], [91.903, 13.037], [91.916, 13.168], [91.947, 13.275], [92.014, 13.447], [92.135, 13.638], [92.161, 13.734], [92.171, 13.844], [92.192, 13.877], [92.23, 13.888], [92.277, 14.02], [92.319, 14.097], [92.338, 14.179], [92.384, 14.219], [92.436, 14.257], [92.51, 14.315], [92.604, 14.409], [92.662, 14.429], [92.681, 14.478], [92.732, 14.525], [92.777, 14.541], [92.842, 14.545], [92.889, 14.623], [92.941, 14.75], [92.975, 14.796], [93.002, 14.868], [93.077, 14.937], [93.108, 15.009], [93.151, 15.122], [93.186, 15.161], [93.21, 15.199], [93.234, 15.256], [93.311, 15.325], [93.333, 15.394], [93.4, 15.425], [93.431, 15.466], [93.435, 15.541], [93.464, 15.587], [93.524, 15.616], [93.558, 15.708], [93.585, 15.79], [93.596, 15.902], [93.611, 15.99], [93.617, 16.066], [93.623, 16.178], [93.663, 16.253], [93.706, 16.314], [93.679, 16.404], [93.669, 16.476], [93.683, 16.497], [93.734, 16.548], [93.74, 16.597], [93.764, 16.62], [93.784, 16.68], [93.872, 16.75], [93.896, 16.816], [93.934, 16.867], [93.956, 16.914], [93.96, 17.007], [93.948, 17.094], [93.926, 17.157], [93.899, 17.247], [93.868, 17.303], [93.864, 17.346], [93.869, 17.403], [93.89, 17.451], [93.887, 17.484], [93.91, 17.509], [93.92, 17.531], [93.912, 17.581]]}}]}